email;dem_inviata;dem_consegnata;dem_aperta;li_annuncio_reach;li_annuncio_interazione;li_recap_reach;li_recap_interazione;visita_stand;giorno_visita;visualizzazioni;scroll;accesso_sala_vip;risposte_wordcloud;presenza_simposio;permanenza_min;focus_rate;quiz_completati
claudio.landi@example.org;true;true;true;false;false;false;false;true;2025-10-16;6;0;true;2;false;;;0
luigi.mazza@example.org;true;true;true;false;false;false;false;false;;0;0;false;0;false;;;0
sara.piras@example.org;true;true;true;true;false;false;false;false;;0;0;false;0;false;;;0
margherita.pesce@example.org;true;true;true;false;false;true;true;false;;0;0;false;0;false;;;0
paola.sartori@example.org;true;true;false;false;false;false;false;false;;0;0;false;0;false;;;0
nicola.amato@example.org;true;true;true;false;false;false;false;false;;0;0;false;0;false;;;0
matteo.caruso@example.org;true;true;false;false;false;false;false;false;;0;0;false;0;false;;;0
cristina.marchetti@example.org;true;true;false;false;false;false;false;false;;0;0;false;0;false;;;0
alessandro.poli@example.org;true;true;true;false;false;false;false;false;;0;0;false;0;false;;;0
daniela.carbone@example.org;true;true;false;false;false;false;false;false;;0;0;false;0;false;;;0
viola.gallo@example.org;true;true;true;true;false;false;false;false;;0;0;false;0;false;;;0
giacomo.parisi@example.org;true;true;false;false;false;false;false;false;;0;0;false;0;false;;;0
serena.marini@example.org;true;true;false;false;false;false;false;false;;0;0;false;0;false;;;0
luigi.martelli@example.org;true;true;false;false;false;false;false;false;;0;0;false;0;false;;;0
luigi.desantis@example.org;true;true;true;false;false;false;false;false;;0;0;false;0;false;;;0
giovanna.donati@example.org;true;true;false;false;false;false;false;false;;0;0;false;0;false;;;0
giovanna.serra@example.org;true;true;false;false;false;false;false;false;;0;0;false;0;false;;;0
giulia.moretti@example.org;true;false;false;false;false;false;false;false;;0;0;false;0;false;;;0
gabriele.bernardi@example.org;true;true;true;false;false;false;false;false;;0;0;false;0;false;;;0
nicola.carbone@example.org;true;true;true;false;false;false;false;false;;0;0;false;0;false;;;0
giuseppe.cirillo@example.org;true;true;false;false;false;false;false;false;;0;0;false;0;false;;;0
caterina.grassi@example.org;true;true;true;false;false;false;false;false;;0;0;false;0;false;;;0
alessandro.caruso@example.org;true;true;false;false;false;false;false;false;;0;0;false;0;false;;;0
serena.cristofaro@example.org;true;true;false;false;false;false;false;false;;0;0;false;0;false;;;0
barbara.antonelli@example.org;true;true;false;false;false;false;false;false;;0;0;false;0;false;;;0
massimo.bonetti@example.org;true;true;false;false;false;false;false;false;;0;0;false;0;false;;;0
vittorio.bianchi@example.org;true;true;false;false;false;false;false;false;;0;0;false;0;false;;;0
enrico.rossi@example.org;true;true;false;false;false;false;false;false;;0;0;false;0;false;;;0
angela.toscano@example.org;true;true;false;false;false;false;false;false;;0;0;false;0;false;;;0
angela.morelli@example.org;true;true;false;false;false;false;false;false;;0;0;false;0;false;;;0
sara.cirillo@example.org;true;true;false;false;false;false;false;false;;0;0;false;0;false;;;0
samuele.cerri@example.org;true;true;true;false;false;false;false;false;;0;0;false;0;false;;;0
elisa.monaco@example.org;true;true;true;false;false;false;false;false;;0;0;false;0;false;;;0
martina.longo@example.org;true;true;false;false;false;false;false;false;;0;0;false;0;false;;;0
roberta.parisi@example.org;true;true;false;false;false;false;false;false;;0;0;false;0;false;;;0
riccardo.santoro@example.org;true;true;true;false;false;false;false;true;2025-10-17;5;1;true;4;false;;;0
giulia.milani@example.org;true;true;true;false;false;false;false;true;2025-10-16;4;1;false;0;false;;;0
tommaso.fiore@example.org;true;true;true;false;false;false;false;false;;0;0;false;0;false;;;0
samuele.corsi@example.org;true;true;false;false;false;false;false;false;;0;0;false;0;false;;;0
lucia.poli@example.org;true;true;false;false;false;false;false;false;;0;0;false;0;false;;;0
angela.valente@example.org;true;true;true;false;false;false;false;false;;0;0;false;0;false;;;0
mariangela.bruno@example.org;true;true;true;true;false;false;false;false;;0;0;false;0;false;;;0
giorgia.donati@example.org;true;true;false;false;false;false;false;false;;0;0;false;0;false;;;0
giorgia.benedetti@example.org;true;true;false;false;false;false;false;false;;0;0;false;0;false;;;0
claudio.damico@example.org;true;true;false;false;false;false;false;false;;0;0;false;0;false;;;0
beatrice.landi@example.org;true;true;false;false;false;false;false;false;;0;0;false;0;false;;;0
giulio.guerra@example.org;true;true;true;false;false;false;false;true;2025-10-16;5;2;true;0;true;39;0.6128;2
giorgio.franco@example.org;true;true;false;false;false;false;false;false;;0;0;false;0;false;;;0
luigi.monaco@example.org;true;true;false;false;false;false;false;false;;0;0;false;0;false;;;0
anna.giuliani@example.org;true;true;false;false;false;false;false;false;;0;0;false;0;false;;;0
viola.caruso@example.org;true;true;false;false;false;false;false;false;;0;0;false;0;false;;;0
ilaria.ruggiero@example.org;true;true;false;false;false;false;false;false;;0;0;false;0;false;;;0
serena.sartori@example.org;true;true;false;false;false;false;false;false;;0;0;false;0;false;;;0
susanna.testa@example.org;true;true;true;false;false;false;false;false;;0;0;false;0;false;;;0
margherita.barbieri@example.org;true;true;false;false;false;false;false;false;;0;0;false;0;false;;;0
matteo.palmieri@example.org;true;true;true;false;false;false;false;false;;0;0;false;0;false;;;0
paolo.monaco@example.org;true;true;false;false;false;false;false;false;;0;0;false;0;false;;;0
marco.farina@example.org;true;true;false;false;false;false;false;false;;0;0;false;0;false;;;0
stefano.caputo@example.org;true;true;false;false;false;false;false;false;;0;0;false;0;false;;;0
daniele.gentile@example.org;true;true;false;false;false;false;false;false;;0;0;false;0;false;;;0
pietro.pagano@example.org;true;true;true;false;false;false;false;false;;0;0;false;0;false;;;0
lucia.giuliani@example.org;true;true;false;false;false;false;false;false;;0;0;false;0;false;;;0
daniele.farina@example.org;true;true;false;false;false;false;false;false;;0;0;false;0;false;;;0
martina.toscano@example.org;true;true;false;false;false;false;false;false;;0;0;false;0;false;;;0
roberto.grassi@example.org;true;true;true;false;false;false;false;false;;0;0;false;0;false;;;0
valentina.melchiorre@example.org;true;true;false;false;false;false;false;false;;0;0;false;0;false;;;0
francesco.melchiorre@example.org;true;true;false;false;false;false;false;false;;0;0;false;0;false;;;0
manuela.costa@example.org;true;true;false;false;false;false;false;false;;0;0;false;0;false;;;0
silvia.lorenzi@example.org;true;true;false;false;false;false;false;false;;0;0;false;0;false;;;0
antonio.castelli@example.org;true;true;true;false;false;false;false;false;;0;0;false;0;false;;;0
michela.esposito@example.org;true;true;false;false;false;false;false;false;;0;0;false;0;false;;;0
nicola.deluca@example.org;true;true;true;false;false;false;false;false;;0;0;false;0;false;;;0
riccardo.pellegrini@example.org;true;true;false;false;false;false;false;false;;0;0;false;0;false;;;0
samuele.nardi@example.org;true;true;false;false;false;false;false;false;;0;0;false;0;false;;;0
vincenzo.galli@example.org;true;true;true;false;false;false;false;false;;0;0;false;0;false;;;0
gabriele.rizzo@example.org;true;true;false;false;false;false;false;false;;0;0;false;0;false;;;0
francesco.sala@example.org;true;true;true;false;false;false;false;false;;0;0;false;0;false;;;0
gianluca.moretti@example.org;true;true;false;false;false;false;false;false;;0;0;false;0;false;;;0
valentina.giuliani@example.org;true;true;false;false;false;false;false;false;;0;0;false;0;false;;;0
giorgio.testa@example.org;true;true;false;false;false;false;false;false;;0;0;false;0;false;;;0
alessandro.bassi@example.org;true;true;false;false;false;false;false;false;;0;0;false;0;false;;;0
serena.giordano@example.org;true;true;false;false;false;false;false;false;;0;0;false;0;false;;;0
riccardo.innocenti@example.org;true;true;false;false;false;false;false;false;;0;0;false;0;false;;;0
angela.giuliani@example.org;true;true;false;false;false;false;false;false;;0;0;false;0;false;;;0
lorenzo.denicola@example.org;true;true;false;false;false;false;false;false;;0;0;false;0;false;;;0
filippo.ferretti@example.org;true;true;false;false;false;false;false;false;;0;0;false;0;false;;;0
valeria.bruno@example.org;true;true;false;false;false;false;false;false;;0;0;false;0;false;;;0
andrea.carbone@example.org;true;true;true;false;false;false;false;false;;0;0;false;0;true;51;0.5833;2
massimo.bernardi@example.org;true;true;false;false;false;false;false;false;;0;0;false;0;false;;;0
federica.amato@example.org;true;true;false;false;false;false;false;false;;0;0;false;0;false;;;0
roberta.manfredi@example.org;true;true;true;false;false;false;false;false;;0;0;false;0;false;;;0
claudia.santoro@example.org;true;true;false;false;false;false;false;false;;0;0;false;0;false;;;0
roberto.ricci@example.org;true;true;false;false;false;false;false;false;;0;0;false;0;false;;;0
tommaso.ricci@example.org;true;true;false;false;false;false;false;false;;0;0;false;0;false;;;0
serena.desantis@example.org;true;true;false;false;false;false;false;false;;0;0;false;0;false;;;0
laura.denicola@example.org;true;true;false;false;false;false;false;false;;0;0;false;0;false;;;0
marco.franco@example.org;true;true;false;false;false;false;false;false;;0;0;false;0;false;;;0
cristina.vitale@example.org;true;false;false;false;false;false;false;false;;0;0;false;0;false;;;0
matteo.bellini@example.org;true;true;false;false;false;false;false;false;;0;0;false;0;false;;;0
marta.amato@example.org;true;false;false;false;false;false;false;false;;0;0;false;0;false;;;0
raffaella.gallo@example.org;true;true;false;false;false;false;false;false;;0;0;false;0;false;;;0
claudia.gatti@example.org;true;true;false;false;false;false;false;false;;0;0;false;0;false;;;0
serena.carbone@example.org;true;true;false;false;false;false;false;false;;0;0;false;0;false;;;0
pietro.cirillo@example.org;true;true;false;false;false;false;false;false;;0;0;false;0;false;;;0
jacopo.leone@example.org;true;true;false;false;false;false;false;false;;0;0;false;0;false;;;0
pietro.conte@example.org;true;true;false;false;false;false;false;false;;0;0;false;0;false;;;0
riccardo.longo@example.org;true;true;true;true;false;false;false;false;;0;0;false;0;false;;;0
elena.bernardi@example.org;true;true;true;false;false;false;false;false;;0;0;false;0;false;;;0
silvia.deluca@example.org;true;true;false;false;false;false;false;false;;0;0;false;0;false;;;0
enrico.greco@example.org;true;true;false;false;false;false;false;false;;0;0;false;0;false;;;0
caterina.franco@example.org;true;true;false;false;false;false;false;false;;0;0;false;0;false;;;0
michela.barbieri@example.org;true;true;false;false;false;false;false;false;;0;0;false;0;false;;;0
irene.ferretti@example.org;true;true;false;false;false;false;false;false;;0;0;false;0;false;;;0
andrea.franco@example.org;true;true;false;false;false;false;false;false;;0;0;false;0;false;;;0
irene.neri@example.org;true;true;false;false;false;false;false;false;;0;0;false;0;false;;;0
antonio.manfredi@example.org;true;true;false;false;false;false;false;false;;0;0;false;0;false;;;0
luca.ricci@example.org;true;true;false;false;false;false;false;false;;0;0;false;0;false;;;0
paola.esposito@example.org;true;true;false;false;false;false;false;false;;0;0;false;0;false;;;0
jacopo.colombo@example.org;true;true;false;false;false;false;false;false;;0;0;false;0;false;;;0
rosanna.parisi@example.org;true;true;false;false;false;false;false;false;;0;0;false;0;false;;;0
paolo.bianco@example.org;true;true;false;false;false;false;false;false;;0;0;false;0;false;;;0
samuele.conte@example.org;true;true;false;false;false;false;false;false;;0;0;false;0;false;;;0
sofia.franco@example.org;true;true;false;false;false;false;false;false;;0;0;false;0;false;;;0
vittorio.bonetti@example.org;true;true;false;false;false;false;false;false;;0;0;false;0;false;;;0
serena.lombardi@example.org;true;true;true;false;false;true;true;false;;0;0;false;0;false;;;0
mauro.farina@example.org;true;true;false;false;false;false;false;false;;0;0;false;0;false;;;0
massimo.innocenti@example.org;true;true;false;false;false;false;false;false;;0;0;false;0;false;;;0
jacopo.ruggiero@example.org;true;true;false;false;false;false;false;false;;0;0;false;0;false;;;0
giovanni.esposito@example.org;true;false;false;false;false;false;false;false;;0;0;false;0;false;;;0
marco.ricci@example.org;true;true;false;false;false;false;false;false;;0;0;false;0;false;;;0
giorgio.esposito@example.org;true;true;false;false;false;false;false;false;;0;0;false;0;false;;;0
filippo.galli@example.org;true;true;false;false;false;false;false;false;;0;0;false;0;false;;;0
manuela.cattaneo@example.org;true;true;true;true;false;true;true;false;;0;0;false;0;false;;;0
sofia.zanetti@example.org;true;true;false;false;false;false;false;false;;0;0;false;0;false;;;0
luigi.giordano@example.org;true;true;false;false;false;false;false;false;;0;0;false;0;false;;;0
margherita.mancini@example.org;true;true;false;false;false;false;false;false;;0;0;false;0;false;;;0
alessandro.rossi@example.org;true;true;true;true;false;false;false;false;;0;0;false;0;false;;;0
giovanni.fabbri@example.org;true;true;false;false;false;false;false;false;;0;0;false;0;false;;;0
giuseppe.costa@example.org;true;true;false;false;false;false;false;false;;0;0;false;0;false;;;0
filippo.fiore@example.org;true;true;false;false;false;false;false;false;;0;0;false;0;false;;;0
giorgia.moretti@example.org;true;true;true;false;false;false;false;false;;0;0;false;0;false;;;0
ludovica.conte@example.org;true;true;false;false;false;false;false;false;;0;0;false;0;false;;;0
claudio.sala@example.org;true;true;false;false;false;false;false;false;;0;0;false;0;false;;;0
ilaria.gatti@example.org;true;true;true;false;false;false;false;false;;0;0;false;0;false;;;0
teresa.valente@example.org;true;true;false;false;false;false;false;false;;0;0;false;0;false;;;0
anna.riva@example.org;true;true;false;false;false;false;false;false;;0;0;false;0;false;;;0
francesca.giordano@example.org;true;true;true;false;false;false;false;false;;0;0;false;0;false;;;0
paola.zanetti@example.org;true;true;false;false;false;false;false;false;;0;0;false;0;false;;;0
vincenzo.pesce@example.org;true;true;false;false;false;false;false;false;;0;0;false;0;false;;;0
claudia.ariemma@example.org;true;true;false;false;false;false;false;false;;0;0;false;0;false;;;0
silvia.lombardi@example.org;true;true;false;false;false;false;false;false;;0;0;false;0;false;;;0
ludovica.lombardi@example.org;true;true;false;false;false;false;false;false;;0;0;false;0;false;;;0
roberto.bruni@example.org;true;false;false;false;false;false;false;false;;0;0;false;0;false;;;0
pietro.rizzo@example.org;true;true;true;true;false;true;false;true;2025-10-17;2;2;false;0;false;;;0
viola.sartori@example.org;true;true;true;false;false;true;true;false;;0;0;false;0;false;;;0
ludovica.cardone@example.org;true;true;true;false;false;false;false;false;;0;0;false;0;false;;;0
manuela.ricci@example.org;true;true;false;false;false;false;false;false;;0;0;false;0;false;;;0
anna.bianchi@example.org;true;true;false;false;false;false;false;false;;0;0;false;0;false;;;0
elisa.ariemma@example.org;true;true;false;false;false;false;false;false;;0;0;false;0;false;;;0
giulio.bernardi@example.org;true;true;false;false;false;false;false;false;;0;0;false;0;false;;;0
massimo.neri@example.org;true;true;false;false;false;false;false;false;;0;0;false;0;false;;;0
stefano.fiore@example.org;true;true;true;false;false;false;false;false;;0;0;false;0;false;;;0
luca.fumagalli@example.org;true;true;false;false;false;false;false;false;;0;0;false;0;false;;;0
manuela.parisi@example.org;true;true;true;false;false;false;false;false;;0;0;false;0;false;;;0
michele.gentile@example.org;true;true;false;false;false;false;false;false;;0;0;false;0;false;;;0
marta.messina@example.org;true;true;true;false;false;false;false;false;;0;0;false;0;false;;;0
sabrina.lombardi@example.org;true;true;false;false;false;false;false;false;;0;0;false;0;false;;;0
claudia.esposito@example.org;true;false;false;false;false;false;false;false;;0;0;false;0;false;;;0
valentina.agostini@example.org;true;true;false;false;false;false;false;false;;0;0;false;0;false;;;0
ludovica.ferrari@example.org;true;true;false;false;false;false;false;false;;0;0;false;0;false;;;0
giulio.zanini@example.org;true;false;false;false;false;false;false;false;;0;0;false;0;false;;;0
elisa.serra@example.org;true;true;false;false;false;false;false;false;;0;0;false;0;false;;;0
massimo.antonelli@example.org;true;true;true;false;false;false;false;true;2025-10-18;6;2;true;0;false;;;0
nicola.santoro@example.org;true;true;false;false;false;false;false;false;;0;0;false;0;false;;;0
susanna.carbone@example.org;true;true;true;true;false;false;false;false;;0;0;false;0;true;46;0.6365;0
matteo.marchetti@example.org;true;true;false;false;false;false;false;false;;0;0;false;0;false;;;0
rosanna.cardone@example.org;true;true;false;false;false;false;false;false;;0;0;false;0;false;;;0
giovanna.zanini@example.org;true;true;false;false;false;false;false;false;;0;0;false;0;false;;;0
caterina.fabbri@example.org;true;true;false;false;false;false;false;false;;0;0;false;0;false;;;0
massimo.salerno@example.org;true;true;false;false;false;false;false;false;;0;0;false;0;false;;;0
lucia.guerra@example.org;true;true;true;true;false;false;false;false;;0;0;false;0;false;;;0
paola.gatti@example.org;true;true;false;false;false;false;false;false;;0;0;false;0;false;;;0
marco.galli@example.org;true;true;true;false;false;false;false;false;;0;0;false;0;false;;;0
chiara.franco@example.org;true;true;true;false;false;false;false;false;;0;0;false;0;false;;;0
stefano.donati@example.org;true;true;false;false;false;false;false;false;;0;0;false;0;false;;;0
marco.sorrentino@example.org;true;true;false;false;false;false;false;false;;0;0;false;0;false;;;0
paola.cerri@example.org;true;true;false;false;false;false;false;false;;0;0;false;0;false;;;0
emanuele.deluca@example.org;true;true;false;false;false;false;false;false;;0;0;false;0;false;;;0
giorgio.fontana@example.org;true;true;false;false;false;false;false;false;;0;0;false;0;false;;;0
angela.bellini@example.org;true;true;false;false;false;false;false;false;;0;0;false;0;false;;;0
antonio.esposito@example.org;true;true;false;false;false;false;false;false;;0;0;false;0;false;;;0
emanuele.rossi@example.org;true;true;false;false;false;false;false;false;;0;0;false;0;false;;;0
daniela.negri@example.org;true;true;true;false;false;false;false;false;;0;0;false;0;true;59;0.5203;2
marco.orlando@example.org;true;true;false;false;false;false;false;false;;0;0;false;0;false;;;0
margherita.cardone@example.org;true;true;true;false;false;false;false;false;;0;0;false;0;false;;;0
giuseppe.bernardi@example.org;true;true;false;false;false;false;false;false;;0;0;false;0;false;;;0
laura.guerra@example.org;true;true;true;false;false;false;false;false;;0;0;false;0;false;;;0
cristina.denicola@example.org;true;true;true;false;false;false;false;true;2025-10-16;2;0;false;0;true;49;0.7044;2
vincenzo.bacci@example.org;true;true;false;false;false;false;false;false;;0;0;false;0;false;;;0
michela.sartori@example.org;true;true;true;false;false;false;false;false;;0;0;false;0;false;;;0
giorgia.costa@example.org;true;true;true;false;false;false;false;true;2025-10-15;3;1;false;0;false;;;0
daniele.serra@example.org;true;true;false;false;false;false;false;false;;0;0;false;0;false;;;0
sabrina.orlando@example.org;true;true;true;false;false;false;false;false;;0;0;false;0;false;;;0
claudia.bruno@example.org;true;true;false;false;false;false;false;false;;0;0;false;0;false;;;0
serena.russo@example.org;true;true;false;false;false;false;false;false;;0;0;false;0;false;;;0
teresa.denicola@example.org;true;true;false;false;false;false;false;false;;0;0;false;0;false;;;0
ilaria.barbieri@example.org;true;true;false;false;false;false;false;false;;0;0;false;0;false;;;0
massimo.ruggiero@example.org;true;true;false;false;false;false;false;false;;0;0;false;0;false;;;0
anna.mancini@example.org;true;true;false;false;false;false;false;false;;0;0;false;0;false;;;0
giorgio.carbone@example.org;true;true;false;false;false;false;false;false;;0;0;false;0;false;;;0
caterina.fontana@example.org;true;true;false;false;false;false;false;false;;0;0;false;0;false;;;0
elena.cattaneo@example.org;true;true;false;false;false;false;false;false;;0;0;false;0;false;;;0
cristina.zanini@example.org;true;true;true;false;false;false;false;false;;0;0;false;0;false;;;0
paolo.deluca@example.org;true;true;true;false;false;false;false;true;2025-10-15;4;1;false;0;false;;;0
andrea.monaco@example.org;true;true;true;false;false;true;true;false;;0;0;false;0;false;;;0
giorgio.bacci@example.org;true;true;false;false;false;false;false;false;;0;0;false;0;false;;;0
maria.mazza@example.org;true;true;false;false;false;false;false;false;;0;0;false;0;false;;;0
carlo.pesce@example.org;true;true;true;false;false;false;false;true;2025-10-15;2;1;false;0;true;47;0.6686;0
angela.cirillo@example.org;true;true;true;false;false;true;false;false;;0;0;false;0;false;;;0
raffaella.melchiorre@example.org;true;true;true;false;false;false;false;false;;0;0;false;0;false;;;0
paola.innocenti@example.org;true;true;false;false;false;false;false;false;;0;0;false;0;false;;;0
giacomo.ferrari@example.org;true;true;false;false;false;false;false;false;;0;0;false;0;false;;;0
mauro.benedetti@example.org;true;true;false;false;false;false;false;false;;0;0;false;0;false;;;0
simone.barbieri@example.org;true;true;false;false;false;false;false;false;;0;0;false;0;false;;;0
marco.denicola@example.org;true;true;true;false;false;false;false;false;;0;0;false;0;false;;;0
margherita.sanna@example.org;true;true;false;false;false;false;false;false;;0;0;false;0;false;;;0
mauro.silvestri@example.org;true;true;false;false;false;false;false;false;;0;0;false;0;false;;;0
martina.ferretti@example.org;true;true;false;false;false;false;false;false;;0;0;false;0;false;;;0
irene.greco@example.org;true;true;false;false;false;false;false;false;;0;0;false;0;false;;;0
michela.sala@example.org;true;true;false;false;false;false;false;false;;0;0;false;0;false;;;0
giulia.parisi@example.org;true;true;true;false;false;false;false;false;;0;0;false;0;false;;;0
francesco.ricci@example.org;true;true;false;false;false;false;false;false;;0;0;false;0;false;;;0
michele.perini@example.org;true;true;false;false;false;false;false;false;;0;0;false;0;false;;;0
lorenzo.sala@example.org;true;true;true;false;false;false;false;false;;0;0;false;0;false;;;0
monica.cristofaro@example.org;true;true;false;false;false;false;false;false;;0;0;false;0;false;;;0
manuela.fiore@example.org;true;true;false;false;false;false;false;false;;0;0;false;0;false;;;0
paolo.desantis@example.org;true;true;false;false;false;false;false;false;;0;0;false;0;false;;;0
valentina.piras@example.org;true;true;true;false;false;true;true;true;2025-10-16;7;0;true;5;true;59;0.7847;2
angela.pellegrini@example.org;true;true;true;false;false;false;false;false;;0;0;false;0;false;;;0
lorenzo.neri@example.org;true;true;false;false;false;false;false;false;;0;0;false;0;false;;;0
federico.cirillo@example.org;true;true;false;false;false;false;false;false;;0;0;false;0;false;;;0
paola.riva@example.org;true;true;true;false;false;false;false;false;;0;0;false;0;false;;;0
sara.salerno@example.org;true;true;true;true;false;false;false;false;;0;0;false;0;false;;;0
cristina.borghi@example.org;true;true;false;false;false;false;false;false;;0;0;false;0;false;;;0
federico.leone@example.org;true;true;false;false;false;false;false;false;;0;0;false;0;false;;;0
mariangela.antonelli@example.org;true;true;false;false;false;false;false;false;;0;0;false;0;false;;;0
claudia.carbone@example.org;true;true;false;false;false;false;false;false;;0;0;false;0;false;;;0
marco.valente@example.org;true;true;false;false;false;false;false;false;;0;0;false;0;false;;;0
simone.bellini@example.org;true;true;true;false;false;false;false;false;;0;0;false;0;false;;;0
manuela.desantis@example.org;true;true;false;false;false;false;false;false;;0;0;false;0;false;;;0
anna.romano@example.org;true;true;false;false;false;false;false;false;;0;0;false;0;false;;;0
francesco.borghi@example.org;true;true;false;false;false;false;false;false;;0;0;false;0;false;;;0
silvia.fumagalli@example.org;true;true;true;false;false;false;false;true;2025-10-18;4;0;false;0;false;;;0
caterina.abbate@example.org;true;true;true;false;false;false;false;false;;0;0;false;0;false;;;0
susanna.ricci@example.org;true;true;false;false;false;false;false;false;;0;0;false;0;false;;;0
laura.ruggiero@example.org;true;true;true;false;false;false;false;false;;0;0;false;0;false;;;0
antonio.mazza@example.org;true;true;false;false;false;false;false;false;;0;0;false;0;false;;;0
stefano.sala@example.org;true;true;false;false;false;false;false;false;;0;0;false;0;false;;;0
mauro.grassi@example.org;true;true;true;false;false;false;false;false;;0;0;false;0;false;;;0
chiara.lorenzi@example.org;true;true;false;false;false;false;false;false;;0;0;false;0;false;;;0
luigi.mancini@example.org;true;true;true;false;false;false;false;true;2025-10-15;4;2;false;0;false;;;0
elisa.sanna@example.org;true;false;false;false;false;false;false;false;;0;0;false;0;false;;;0
daniela.pesce@example.org;true;true;false;false;false;false;false;false;;0;0;false;0;false;;;0
giorgio.gentile@example.org;true;true;false;false;false;false;false;false;;0;0;false;0;false;;;0
raffaella.vitale@example.org;true;true;false;false;false;false;false;false;;0;0;false;0;false;;;0
mariangela.bacci@example.org;true;true;false;false;false;false;false;false;;0;0;false;0;false;;;0
simone.mancini@example.org;true;true;true;true;false;true;true;true;2025-10-16;3;1;false;0;false;;;0
lorenzo.ferrari@example.org;true;true;false;false;false;false;false;false;;0;0;false;0;false;;;0
manuela.gatti@example.org;true;true;true;false;false;true;false;false;;0;0;false;0;false;;;0
mauro.palmieri@example.org;true;true;false;false;false;false;false;false;;0;0;false;0;false;;;0
gianluca.balestra@example.org;true;true;true;false;false;false;false;false;;0;0;false;0;false;;;0
giuseppe.innocenti@example.org;true;true;false;false;false;false;false;false;;0;0;false;0;false;;;0
mariangela.messina@example.org;true;true;false;false;false;false;false;false;;0;0;false;0;false;;;0
gianluca.zanetti@example.org;true;true;false;false;false;false;false;false;;0;0;false;0;false;;;0
jacopo.bianco@example.org;true;true;true;true;false;true;true;true;2025-10-16;1;1;false;0;false;;;0
viola.mazza@example.org;true;true;false;false;false;false;false;false;;0;0;false;0;false;;;0
viola.grassi@example.org;true;true;true;false;false;false;false;false;;0;0;false;0;false;;;0
valentina.grassi@example.org;true;true;false;false;false;false;false;false;;0;0;false;0;false;;;0
viola.orlando@example.org;true;true;true;true;false;true;true;false;;0;0;false;0;false;;;0
sofia.bruno@example.org;true;false;false;false;false;false;false;false;;0;0;false;0;false;;;0
giovanna.vitale@example.org;true;true;true;false;false;false;false;false;;0;0;false;0;false;;;0
teresa.cerri@example.org;true;true;false;false;false;false;false;false;;0;0;false;0;false;;;0
teresa.deluca@example.org;true;true;true;false;false;false;false;false;;0;0;false;0;false;;;0
paola.testa@example.org;true;true;true;false;false;true;true;false;;0;0;false;0;false;;;0
giovanna.carbone@example.org;true;true;true;false;false;true;true;false;;0;0;false;0;false;;;0
matteo.iacobelli@example.org;true;true;true;false;false;false;false;true;2025-10-17;4;0;true;4;false;;;0
monica.fontana@example.org;true;true;false;false;false;false;false;false;;0;0;false;0;false;;;0
nicola.marini@example.org;true;true;false;false;false;false;false;false;;0;0;false;0;false;;;0
sofia.damico@example.org;true;true;false;false;false;false;false;false;;0;0;false;0;false;;;0
roberto.bassi@example.org;true;true;false;false;false;false;false;false;;0;0;false;0;false;;;0
viola.benedetti@example.org;true;true;false;false;false;false;false;false;;0;0;false;0;false;;;0
raffaella.sanna@example.org;true;true;false;false;false;false;false;false;;0;0;false;0;false;;;0
andrea.bianco@example.org;true;true;false;false;false;false;false;false;;0;0;false;0;false;;;0
federica.ruggiero@example.org;true;true;true;false;false;false;false;false;;0;0;false;0;false;;;0
rosanna.sanna@example.org;true;true;true;false;false;false;false;true;2025-10-16;2;2;false;0;false;;;0
sara.mancini@example.org;true;true;false;false;false;false;false;false;;0;0;false;0;false;;;0
caterina.martini@example.org;true;true;true;false;false;true;true;false;;0;0;false;0;false;;;0
roberto.messina@example.org;true;true;false;false;false;false;false;false;;0;0;false;0;false;;;0
daniela.cerri@example.org;true;true;false;false;false;false;false;false;;0;0;false;0;false;;;0
gianluca.caruso@example.org;true;true;false;false;false;false;false;false;;0;0;false;0;false;;;0
ilaria.castelli@example.org;true;true;true;false;false;false;false;false;;0;0;false;0;false;;;0
paolo.zanini@example.org;true;true;false;false;false;false;false;false;;0;0;false;0;false;;;0
antonio.valente@example.org;true;true;false;false;false;false;false;false;;0;0;false;0;false;;;0
roberta.ferretti@example.org;true;false;false;false;false;false;false;false;;0;0;false;0;false;;;0
giovanni.cristofaro@example.org;true;true;false;false;false;false;false;false;;0;0;false;0;false;;;0
paola.perini@example.org;true;true;false;false;false;false;false;false;;0;0;false;0;false;;;0
ludovica.monaco@example.org;true;true;true;false;false;false;false;false;;0;0;false;0;false;;;0
giacomo.volpe@example.org;true;true;false;false;false;false;false;false;;0;0;false;0;false;;;0
serena.perini@example.org;true;true;true;false;false;true;true;true;2025-10-15;2;1;false;0;false;;;0
emanuele.innocenti@example.org;true;true;false;false;false;false;false;false;;0;0;false;0;false;;;0
andrea.guerra@example.org;true;true;false;false;false;false;false;false;;0;0;false;0;false;;;0
beatrice.bacci@example.org;true;true;false;false;false;false;false;false;;0;0;false;0;false;;;0
giacomo.giuliani@example.org;true;true;true;false;false;false;false;false;;0;0;false;0;false;;;0
michela.ferrari@example.org;true;true;false;false;false;false;false;false;;0;0;false;0;false;;;0
luigi.balestra@example.org;true;true;false;false;false;false;false;false;;0;0;false;0;false;;;0
manuela.bellini@example.org;true;true;false;false;false;false;false;false;;0;0;false;0;false;;;0
marta.franco@example.org;true;true;false;false;false;false;false;false;;0;0;false;0;false;;;0
giovanna.bacci@example.org;true;true;false;false;false;false;false;false;;0;0;false;0;false;;;0
angela.iacobelli@example.org;true;true;false;false;false;false;false;false;;0;0;false;0;false;;;0
giulia.rossetti@example.org;true;true;false;false;false;false;false;false;;0;0;false;0;false;;;0
gianluca.pesce@example.org;true;true;true;true;false;true;true;false;;0;0;false;0;false;;;0
davide.serra@example.org;true;true;true;false;false;false;false;false;;0;0;false;0;false;;;0
riccardo.zanetti@example.org;true;true;false;false;false;false;false;false;;0;0;false;0;false;;;0
valentina.greco@example.org;true;true;false;false;false;false;false;false;;0;0;false;0;false;;;0
maria.cerri@example.org;true;true;true;false;false;false;false;false;;0;0;false;0;false;;;0
francesco.mazza@example.org;true;true;false;false;false;false;false;false;;0;0;false;0;false;;;0
martina.santoro@example.org;true;true;true;false;false;false;false;false;;0;0;false;0;false;;;0
vittorio.negri@example.org;true;true;false;false;false;false;false;false;;0;0;false;0;false;;;0
antonio.bianchi@example.org;true;true;false;false;false;false;false;false;;0;0;false;0;false;;;0
gianluca.rossetti@example.org;true;true;false;false;false;false;false;false;;0;0;false;0;false;;;0
laura.caputo@example.org;true;true;false;false;false;false;false;false;;0;0;false;0;false;;;0
enrico.volpe@example.org;true;true;false;false;false;false;false;false;;0;0;false;0;false;;;0
luca.moretti@example.org;true;true;false;false;false;false;false;false;;0;0;false;0;false;;;0
gianluca.fontana@example.org;true;true;false;false;false;false;false;false;;0;0;false;0;false;;;0
alessandro.melchiorre@example.org;true;true;false;false;false;false;false;false;;0;0;false;0;false;;;0
marco.perini@example.org;true;true;true;false;false;false;false;false;;0;0;false;0;true;45;0.6330;2
claudio.romano@example.org;true;true;false;false;false;false;false;false;;0;0;false;0;false;;;0
elena.esposito@example.org;true;true;true;true;true;true;true;false;;0;0;false;0;false;;;0
maria.fumagalli@example.org;true;true;false;false;false;false;false;false;;0;0;false;0;false;;;0
samuele.mariani@example.org;true;true;true;true;false;false;false;false;;0;0;false;0;false;;;0
sofia.cavallo@example.org;true;true;false;false;false;false;false;false;;0;0;false;0;false;;;0
chiara.bassi@example.org;true;true;true;false;false;false;false;false;;0;0;false;0;false;;;0
giorgia.bianchi@example.org;true;true;false;false;false;false;false;false;;0;0;false;0;false;;;0
antonio.vitale@example.org;true;true;true;true;false;false;false;false;;0;0;false;0;false;;;0
vittorio.romano@example.org;true;false;false;false;false;false;false;false;;0;0;false;0;false;;;0
martina.cerri@example.org;true;true;false;false;false;false;false;false;;0;0;false;0;false;;;0
michele.damico@example.org;true;true;false;false;false;false;false;false;;0;0;false;0;false;;;0
emanuele.pesce@example.org;true;true;false;false;false;false;false;false;;0;0;false;0;false;;;0
roberta.balestra@example.org;true;true;false;false;false;false;false;false;;0;0;false;0;false;;;0
irene.bassi@example.org;true;true;false;false;false;false;false;false;;0;0;false;0;false;;;0
sofia.ruggiero@example.org;true;true;false;false;false;false;false;false;;0;0;false;0;false;;;0
giovanna.gatti@example.org;true;true;false;false;false;false;false;false;;0;0;false;0;false;;;0
davide.pesce@example.org;true;true;false;false;false;false;false;false;;0;0;false;0;false;;;0
serena.caruso@example.org;true;true;false;false;false;false;false;false;;0;0;false;0;false;;;0
federica.abbate@example.org;true;true;false;false;false;false;false;false;;0;0;false;0;false;;;0
teresa.bruni@example.org;true;true;false;false;false;false;false;false;;0;0;false;0;false;;;0
sofia.sorrentino@example.org;true;true;false;false;false;false;false;false;;0;0;false;0;false;;;0
daniele.longo@example.org;true;true;false;false;false;false;false;false;;0;0;false;0;false;;;0
mauro.fumagalli@example.org;true;true;true;true;false;false;false;false;;0;0;false;0;false;;;0
teresa.poli@example.org;true;true;true;false;false;false;false;true;2025-10-15;2;1;false;0;false;;;0
mariangela.lorenzi@example.org;true;true;true;false;false;false;false;false;;0;0;false;0;false;;;0
margherita.ferrara@example.org;true;true;false;false;false;false;false;false;;0;0;false;0;false;;;0
susanna.cavallo@example.org;true;true;true;false;false;false;false;true;2025-10-16;3;2;false;0;false;;;0
valentina.silvestri@example.org;true;true;false;false;false;false;false;false;;0;0;false;0;false;;;0
michele.caruso@example.org;true;true;false;false;false;false;false;false;;0;0;false;0;false;;;0
giorgia.manfredi@example.org;true;true;false;false;false;false;false;false;;0;0;false;0;false;;;0
enrico.pesce@example.org;true;true;true;false;false;true;true;true;2025-10-16;2;2;false;0;false;;;0
silvia.poli@example.org;true;true;false;false;false;false;false;false;;0;0;false;0;false;;;0
lucia.sanna@example.org;true;true;false;false;false;false;false;false;;0;0;false;0;false;;;0
davide.antonelli@example.org;true;true;false;false;false;false;false;false;;0;0;false;0;false;;;0
ilaria.conte@example.org;true;true;false;false;false;false;false;false;;0;0;false;0;false;;;0
samuele.cattaneo@example.org;true;true;false;false;false;false;false;false;;0;0;false;0;false;;;0
michele.gallo@example.org;true;true;false;false;false;false;false;false;;0;0;false;0;false;;;0
mariangela.montanari@example.org;true;true;false;false;false;false;false;false;;0;0;false;0;false;;;0
giovanni.ferretti@example.org;true;false;false;false;false;false;false;false;;0;0;false;0;false;;;0
davide.fontana@example.org;true;true;false;false;false;false;false;false;;0;0;false;0;false;;;0
stefano.farina@example.org;true;false;false;false;false;false;false;false;;0;0;false;0;false;;;0
manuela.mancini@example.org;true;true;true;false;false;false;false;false;;0;0;false;0;false;;;0
stefano.rossetti@example.org;true;true;true;false;false;true;true;true;2025-10-16;4;0;true;0;true;32;0.5943;2
luca.testa@example.org;true;true;false;false;false;false;false;false;;0;0;false;0;false;;;0
giulia.bruni@example.org;true;true;false;false;false;false;false;false;;0;0;false;0;false;;;0
mariangela.santoro@example.org;true;true;false;false;false;false;false;false;;0;0;false;0;false;;;0
michele.poli@example.org;true;true;false;false;false;false;false;false;;0;0;false;0;false;;;0
matteo.poli@example.org;true;false;false;false;false;false;false;false;;0;0;false;0;false;;;0
francesco.bassi@example.org;true;true;false;false;false;false;false;false;;0;0;false;0;false;;;0
paola.cavallo@example.org;true;true;false;false;false;false;false;false;;0;0;false;0;false;;;0
lorenzo.pagano@example.org;true;true;false;false;false;false;false;false;;0;0;false;0;false;;;0
sabrina.parisi@example.org;true;true;true;false;false;false;false;true;2025-10-17;2;0;false;0;false;;;0
davide.sorrentino@example.org;true;true;false;false;false;false;false;false;;0;0;false;0;false;;;0
ilaria.russo@example.org;true;true;false;false;false;false;false;false;;0;0;false;0;false;;;0
rosanna.cattaneo@example.org;true;true;false;false;false;false;false;false;;0;0;false;0;false;;;0
gianluca.giordano@example.org;true;true;false;false;false;false;false;false;;0;0;false;0;false;;;0
riccardo.parisi@example.org;true;true;false;false;false;false;false;false;;0;0;false;0;false;;;0
irene.fumagalli@example.org;true;true;false;false;false;false;false;false;;0;0;false;0;false;;;0
giulia.mazza@example.org;true;true;false;false;false;false;false;false;;0;0;false;0;false;;;0
francesco.giordano@example.org;true;true;false;false;false;false;false;false;;0;0;false;0;false;;;0
nicola.testa@example.org;true;true;false;false;false;false;false;false;;0;0;false;0;false;;;0
raffaella.marini@example.org;true;true;false;false;false;false;false;false;;0;0;false;0;false;;;0
enrico.caputo@example.org;true;true;false;false;false;false;false;false;;0;0;false;0;false;;;0
anna.ferrara@example.org;true;true;false;false;false;false;false;false;;0;0;false;0;false;;;0
jacopo.greco@example.org;true;true;false;false;false;false;false;false;;0;0;false;0;false;;;0
manuela.giordano@example.org;true;true;false;false;false;false;false;false;;0;0;false;0;false;;;0
emanuele.ariemma@example.org;true;true;false;false;false;false;false;false;;0;0;false;0;false;;;0
giulio.zanetti@example.org;true;true;false;false;false;false;false;false;;0;0;false;0;false;;;0
michela.donati@example.org;true;true;false;false;false;false;false;false;;0;0;false;0;false;;;0
giulio.bianchi@example.org;true;true;true;false;false;false;false;false;;0;0;false;0;false;;;0
tommaso.borghi@example.org;true;true;false;false;false;false;false;false;;0;0;false;0;false;;;0
laura.palmieri@example.org;true;true;false;false;false;false;false;false;;0;0;false;0;false;;;0
stefano.giordano@example.org;true;true;false;false;false;false;false;false;;0;0;false;0;false;;;0
silvia.cirillo@example.org;true;true;false;false;false;false;false;false;;0;0;false;0;false;;;0
giulia.negri@example.org;true;true;true;false;false;false;false;false;;0;0;false;0;false;;;0
anna.gentile@example.org;true;true;false;false;false;false;false;false;;0;0;false;0;false;;;0
paola.bruni@example.org;true;true;false;false;false;false;false;false;;0;0;false;0;false;;;0
giuseppe.donati@example.org;true;true;false;false;false;false;false;false;;0;0;false;0;false;;;0
nicola.sala@example.org;true;true;true;false;false;false;false;false;;0;0;false;0;false;;;0
cristina.orlando@example.org;true;true;false;false;false;false;false;false;;0;0;false;0;false;;;0
emanuele.negri@example.org;true;true;false;false;false;false;false;false;;0;0;false;0;false;;;0
francesco.grassi@example.org;true;false;false;false;false;false;false;false;;0;0;false;0;false;;;0
elisa.rossetti@example.org;true;true;false;false;false;false;false;false;;0;0;false;0;false;;;0
sara.damico@example.org;true;true;false;false;false;false;false;false;;0;0;false;0;false;;;0
roberta.cardone@example.org;true;true;false;false;false;false;false;false;;0;0;false;0;false;;;0
angela.russo@example.org;true;true;false;false;false;false;false;false;;0;0;false;0;false;;;0
chiara.bruno@example.org;true;true;true;false;false;false;false;false;;0;0;false;0;false;;;0
jacopo.parisi@example.org;true;true;false;false;false;false;false;false;;0;0;false;0;false;;;0
antonio.russo@example.org;true;true;false;false;false;false;false;false;;0;0;false;0;false;;;0
caterina.bianco@example.org;true;true;true;false;false;false;false;false;;0;0;false;0;false;;;0
mauro.giuliani@example.org;true;true;true;false;false;false;false;false;;0;0;false;0;false;;;0
beatrice.pisani@example.org;true;true;false;false;false;false;false;false;;0;0;false;0;false;;;0
samuele.fumagalli@example.org;true;true;false;false;false;false;false;false;;0;0;false;0;false;;;0
cristina.riva@example.org;true;true;false;false;false;false;false;false;;0;0;false;0;false;;;0
vittorio.ricci@example.org;true;true;false;false;false;false;false;false;;0;0;false;0;false;;;0
lorenzo.montanari@example.org;true;true;false;false;false;false;false;false;;0;0;false;0;false;;;0
claudia.guerra@example.org;true;true;true;true;false;false;false;false;;0;0;false;0;false;;;0
francesca.volpe@example.org;true;true;false;false;false;false;false;false;;0;0;false;0;false;;;0
francesco.amato@example.org;true;true;false;false;false;false;false;false;;0;0;false;0;false;;;0
sabrina.rossi@example.org;true;true;true;true;false;true;true;true;2025-10-16;3;3;false;0;false;;;0
manuela.ferretti@example.org;true;true;false;false;false;false;false;false;;0;0;false;0;false;;;0
giovanni.russo@example.org;true;true;false;false;false;false;false;false;;0;0;false;0;false;;;0
claudia.damico@example.org;true;true;false;false;false;false;false;false;;0;0;false;0;false;;;0
alessandro.castelli@example.org;true;true;false;false;false;false;false;false;;0;0;false;0;false;;;0
federica.cardone@example.org;true;true;false;false;false;false;false;false;;0;0;false;0;false;;;0
beatrice.perini@example.org;true;true;false;false;false;false;false;false;;0;0;false;0;false;;;0
marco.borghi@example.org;true;true;true;true;true;true;false;false;;0;0;false;0;false;;;0
anna.martelli@example.org;true;true;false;false;false;false;false;false;;0;0;false;0;false;;;0
valentina.ferrara@example.org;true;true;false;false;false;false;false;false;;0;0;false;0;false;;;0
giacomo.mariani@example.org;true;true;false;false;false;false;false;false;;0;0;false;0;false;;;0
rosanna.ferrari@example.org;true;true;false;false;false;false;false;false;;0;0;false;0;false;;;0
mariangela.toscano@example.org;true;true;false;false;false;false;false;false;;0;0;false;0;false;;;0
michela.borghi@example.org;true;true;true;false;false;false;false;false;;0;0;false;0;false;;;0
mariangela.castelli@example.org;true;true;false;false;false;false;false;false;;0;0;false;0;false;;;0
ludovica.esposito@example.org;true;true;true;false;false;false;false;false;;0;0;false;0;false;;;0
francesco.bernardi@example.org;true;true;true;true;false;true;true;false;;0;0;false;0;false;;;0
riccardo.ruggiero@example.org;true;true;false;false;false;false;false;false;;0;0;false;0;false;;;0
simone.landi@example.org;true;true;false;false;false;false;false;false;;0;0;false;0;false;;;0
daniele.santoro@example.org;true;true;true;false;false;false;false;false;;0;0;false;0;false;;;0
valentina.guerra@example.org;true;true;true;false;false;false;false;false;;0;0;false;0;false;;;0
sabrina.denicola@example.org;true;true;false;false;false;false;false;false;;0;0;false;0;false;;;0
mariangela.volpe@example.org;true;true;true;true;false;false;false;false;;0;0;false;0;false;;;0
marco.morelli@example.org;true;true;false;false;false;false;false;false;;0;0;false;0;false;;;0
paolo.caruso@example.org;true;true;false;false;false;false;false;false;;0;0;false;0;false;;;0
valentina.denicola@example.org;true;true;false;false;false;false;false;false;;0;0;false;0;false;;;0
davide.longo@example.org;true;true;true;true;false;true;true;true;2025-10-17;3;2;false;0;false;;;0
enrico.testa@example.org;true;true;false;false;false;false;false;false;;0;0;false;0;false;;;0
margherita.russo@example.org;true;true;false;false;false;false;false;false;;0;0;false;0;false;;;0
antonio.pagano@example.org;true;true;true;false;false;false;false;false;;0;0;false;0;false;;;0
sofia.giuliani@example.org;true;true;false;false;false;false;false;false;;0;0;false;0;false;;;0
matteo.toscano@example.org;true;true;false;false;false;false;false;false;;0;0;false;0;false;;;0
elena.marini@example.org;true;true;true;false;false;true;true;false;;0;0;false;0;false;;;0
sara.messina@example.org;true;true;true;false;false;true;true;false;;0;0;false;0;false;;;0
beatrice.giordano@example.org;true;true;true;false;false;false;false;false;;0;0;false;0;false;;;0
marta.manfredi@example.org;true;true;false;false;false;false;false;false;;0;0;false;0;false;;;0
manuela.valente@example.org;true;true;false;false;false;false;false;false;;0;0;false;0;false;;;0
giorgio.zanini@example.org;true;true;false;false;false;false;false;false;;0;0;false;0;false;;;0
enrico.carbone@example.org;true;true;true;false;false;false;false;true;2025-10-15;4;1;false;0;true;38;0.6121;2
tommaso.donati@example.org;true;true;false;false;false;false;false;false;;0;0;false;0;false;;;0
paolo.castelli@example.org;true;true;false;false;false;false;false;false;;0;0;false;0;false;;;0
vittorio.mancini@example.org;true;true;true;false;false;false;false;false;;0;0;false;0;false;;;0
vincenzo.bonetti@example.org;true;true;false;false;false;false;false;false;;0;0;false;0;false;;;0
massimo.serra@example.org;true;true;false;false;false;false;false;false;;0;0;false;0;false;;;0
valeria.greco@example.org;true;true;false;false;false;false;false;false;;0;0;false;0;false;;;0
riccardo.damico@example.org;true;false;false;false;false;false;false;false;;0;0;false;0;false;;;0
jacopo.russo@example.org;true;true;false;false;false;false;false;false;;0;0;false;0;false;;;0
claudia.pagano@example.org;true;true;false;false;false;false;false;false;;0;0;false;0;false;;;0
michela.rizzo@example.org;true;true;false;false;false;false;false;false;;0;0;false;0;false;;;0
giorgio.ferrari@example.org;true;true;false;false;false;false;false;false;;0;0;false;0;false;;;0
roberto.cattaneo@example.org;true;true;false;false;false;false;false;false;;0;0;false;0;false;;;0
ilaria.cristofaro@example.org;true;true;true;false;false;false;false;false;;0;0;false;0;false;;;0
filippo.barbieri@example.org;true;true;true;false;false;false;false;true;2025-10-15;5;2;false;0;false;;;0
michela.bruno@example.org;true;true;true;true;false;true;false;false;;0;0;false;0;false;;;0
margherita.nardi@example.org;true;true;false;false;false;false;false;false;;0;0;false;0;false;;;0
nicola.romano@example.org;true;true;false;false;false;false;false;false;;0;0;false;0;false;;;0
vincenzo.ferrara@example.org;true;true;false;false;false;false;false;false;;0;0;false;0;false;;;0
massimo.deluca@example.org;true;true;false;false;false;false;false;false;;0;0;false;0;false;;;0
giovanna.ricci@example.org;true;true;false;false;false;false;false;false;;0;0;false;0;false;;;0
gianluca.mariani@example.org;true;true;true;false;false;false;false;false;;0;0;false;0;false;;;0
paolo.bellini@example.org;true;true;true;false;false;false;false;false;;0;0;false;0;false;;;0
irene.mariani@example.org;true;true;false;false;false;false;false;false;;0;0;false;0;false;;;0
maria.neri@example.org;true;false;false;false;false;false;false;false;;0;0;false;0;false;;;0
roberto.milani@example.org;true;true;false;false;false;false;false;false;;0;0;false;0;false;;;0
pietro.iacobelli@example.org;true;true;false;false;false;false;false;false;;0;0;false;0;false;;;0
valeria.denicola@example.org;true;true;false;false;false;false;false;false;;0;0;false;0;false;;;0
monica.perini@example.org;true;true;false;false;false;false;false;false;;0;0;false;0;false;;;0
monica.montanari@example.org;true;true;false;false;false;false;false;false;;0;0;false;0;false;;;0
rosanna.corsi@example.org;true;true;false;false;false;false;false;false;;0;0;false;0;false;;;0
paola.zanini@example.org;true;true;true;false;false;false;false;false;;0;0;false;0;false;;;0
antonio.riva@example.org;true;true;false;false;false;false;false;false;;0;0;false;0;false;;;0
jacopo.testa@example.org;true;true;false;false;false;false;false;false;;0;0;false;0;false;;;0
giulia.romano@example.org;true;true;true;false;false;false;false;false;;0;0;false;0;false;;;0
federica.romano@example.org;true;true;false;false;false;false;false;false;;0;0;false;0;false;;;0
sofia.marini@example.org;true;true;true;false;false;false;false;false;;0;0;false;0;false;;;0
roberto.franco@example.org;true;true;true;false;false;false;false;false;;0;0;false;0;true;34;0.5465;2
elena.martini@example.org;true;true;false;false;false;false;false;false;;0;0;false;0;false;;;0
margherita.balestra@example.org;true;true;false;false;false;false;false;false;;0;0;false;0;false;;;0
paolo.vitale@example.org;true;true;false;false;false;false;false;false;;0;0;false;0;false;;;0
valentina.zanetti@example.org;true;true;false;false;false;false;false;false;;0;0;false;0;false;;;0
emanuele.monaco@example.org;true;true;false;false;false;false;false;false;;0;0;false;0;false;;;0
giovanna.piras@example.org;true;true;false;false;false;false;false;false;;0;0;false;0;false;;;0
laura.benedetti@example.org;true;true;false;false;false;false;false;false;;0;0;false;0;false;;;0
monica.valente@example.org;true;true;true;false;false;false;false;false;;0;0;false;0;false;;;0
elena.castelli@example.org;true;true;false;false;false;false;false;false;;0;0;false;0;false;;;0
francesco.leone@example.org;true;true;false;false;false;false;false;false;;0;0;false;0;false;;;0
giuseppe.landi@example.org;true;true;false;false;false;false;false;false;;0;0;false;0;false;;;0
emanuele.denicola@example.org;true;true;false;false;false;false;false;false;;0;0;false;0;false;;;0
stefano.conte@example.org;true;false;false;false;false;false;false;false;;0;0;false;0;false;;;0
lorenzo.nardi@example.org;true;true;true;false;false;false;false;false;;0;0;false;0;false;;;0
michela.conte@example.org;true;true;false;false;false;false;false;false;;0;0;false;0;false;;;0
jacopo.bassi@example.org;true;true;false;false;false;false;false;false;;0;0;false;0;false;;;0
cristina.zanetti@example.org;true;true;false;false;false;false;false;false;;0;0;false;0;false;;;0
valentina.monaco@example.org;true;true;false;false;false;false;false;false;;0;0;false;0;false;;;0
giorgio.pellegrini@example.org;true;true;false;false;false;false;false;false;;0;0;false;0;false;;;0
gianluca.ariemma@example.org;true;true;false;false;false;false;false;false;;0;0;false;0;false;;;0
carlo.lorenzi@example.org;true;true;false;false;false;false;false;false;;0;0;false;0;false;;;0
giorgio.lorenzi@example.org;true;true;false;false;false;false;false;false;;0;0;false;0;false;;;0
mauro.messina@example.org;true;true;true;false;false;false;false;false;;0;0;false;0;true;50;0.7860;2
enrico.bianco@example.org;true;true;false;false;false;false;false;false;;0;0;false;0;false;;;0
tommaso.bellini@example.org;true;true;true;true;false;false;false;false;;0;0;false;0;false;;;0
giuseppe.franco@example.org;true;true;false;false;false;false;false;false;;0;0;false;0;false;;;0
silvia.testa@example.org;true;true;false;false;false;false;false;false;;0;0;false;0;false;;;0
valentina.zanini@example.org;true;true;false;false;false;false;false;false;;0;0;false;0;false;;;0
mauro.agostini@example.org;true;true;false;false;false;false;false;false;;0;0;false;0;false;;;0
paolo.orlando@example.org;true;true;true;false;false;true;true;true;2025-10-17;6;0;true;3;false;;;0
marta.milani@example.org;true;true;false;false;false;false;false;false;;0;0;false;0;false;;;0
federica.farina@example.org;true;true;false;false;false;false;false;false;;0;0;false;0;false;;;0
emanuele.sorrentino@example.org;true;true;false;false;false;false;false;false;;0;0;false;0;false;;;0
claudia.iacobelli@example.org;true;true;false;false;false;false;false;false;;0;0;false;0;false;;;0
lorenzo.caputo@example.org;true;true;false;false;false;false;false;false;;0;0;false;0;false;;;0
enrico.castelli@example.org;true;true;false;false;false;false;false;false;;0;0;false;0;false;;;0
paola.volpe@example.org;true;true;false;false;false;false;false;false;;0;0;false;0;false;;;0
manuela.nardi@example.org;true;true;false;false;false;false;false;false;;0;0;false;0;false;;;0
roberta.bonetti@example.org;true;true;false;false;false;false;false;false;;0;0;false;0;false;;;0
elena.fabbri@example.org;true;true;false;false;false;false;false;false;;0;0;false;0;false;;;0
gianluca.ricci@example.org;true;true;true;false;false;true;false;false;;0;0;false;0;false;;;0
samuele.milani@example.org;true;true;false;false;false;false;false;false;;0;0;false;0;false;;;0
giulia.morelli@example.org;true;true;false;false;false;false;false;false;;0;0;false;0;false;;;0
beatrice.toscano@example.org;true;true;false;false;false;false;false;false;;0;0;false;0;false;;;0
jacopo.romano@example.org;true;true;false;false;false;false;false;false;;0;0;false;0;false;;;0
viola.guerra@example.org;true;true;false;false;false;false;false;false;;0;0;false;0;false;;;0
teresa.marini@example.org;true;true;false;false;false;false;false;false;;0;0;false;0;false;;;0
barbara.fumagalli@example.org;true;true;true;false;false;false;false;false;;0;0;false;0;false;;;0
massimo.bianchi@example.org;true;true;false;false;false;false;false;false;;0;0;false;0;false;;;0
luca.cardone@example.org;true;true;false;false;false;false;false;false;;0;0;false;0;false;;;0
alessandro.mariani@example.org;true;true;false;false;false;false;false;false;;0;0;false;0;false;;;0
vincenzo.rossi@example.org;true;true;true;false;false;false;false;false;;0;0;false;0;false;;;0
monica.neri@example.org;true;true;false;false;false;false;false;false;;0;0;false;0;false;;;0
roberta.testa@example.org;true;true;true;false;false;true;true;false;;0;0;false;0;false;;;0
chiara.orlando@example.org;true;true;false;false;false;false;false;false;;0;0;false;0;false;;;0
manuela.ruggiero@example.org;true;true;false;false;false;false;false;false;;0;0;false;0;false;;;0
lorenzo.toscano@example.org;true;true;false;false;false;false;false;false;;0;0;false;0;false;;;0
filippo.deluca@example.org;true;true;true;false;false;false;false;false;;0;0;false;0;false;;;0
manuela.marchetti@example.org;true;true;false;false;false;false;false;false;;0;0;false;0;false;;;0
giovanna.barbieri@example.org;true;true;false;false;false;false;false;false;;0;0;false;0;false;;;0
elena.romano@example.org;true;true;false;false;false;false;false;false;;0;0;false;0;false;;;0
giulia.ruggiero@example.org;true;true;false;false;false;false;false;false;;0;0;false;0;false;;;0
claudio.gentile@example.org;true;true;false;false;false;false;false;false;;0;0;false;0;false;;;0
chiara.antonelli@example.org;true;true;true;false;false;true;true;false;;0;0;false;0;false;;;0
federica.cattaneo@example.org;true;true;false;false;false;false;false;false;;0;0;false;0;false;;;0
giacomo.agostini@example.org;true;true;true;false;false;false;false;true;2025-10-16;1;0;false;0;true;32;0.6325;2
sofia.toscano@example.org;true;true;false;false;false;false;false;false;;0;0;false;0;false;;;0
mariangela.neri@example.org;true;false;false;false;false;false;false;false;;0;0;false;0;false;;;0
raffaella.bernardi@example.org;true;true;true;false;false;false;false;false;;0;0;false;0;false;;;0
paolo.mazza@example.org;true;true;true;false;false;false;false;false;;0;0;false;0;false;;;0
giovanna.salerno@example.org;true;true;false;false;false;false;false;false;;0;0;false;0;false;;;0
silvia.vitale@example.org;true;true;false;false;false;false;false;false;;0;0;false;0;false;;;0
marco.esposito@example.org;true;true;true;false;false;false;false;true;2025-10-16;5;2;true;3;false;;;0
michela.salerno@example.org;true;true;false;false;false;false;false;false;;0;0;false;0;false;;;0
roberto.ferrari@example.org;true;true;true;false;false;false;false;false;;0;0;false;0;false;;;0
claudia.cerri@example.org;true;true;false;false;false;false;false;false;;0;0;false;0;false;;;0
cristina.messina@example.org;true;true;false;false;false;false;false;false;;0;0;false;0;false;;;0
vittorio.cattaneo@example.org;true;true;true;true;false;false;false;true;2025-10-17;4;1;true;0;false;;;0
cristina.pisani@example.org;true;true;false;false;false;false;false;false;;0;0;false;0;false;;;0
federico.antonelli@example.org;true;true;false;false;false;false;false;false;;0;0;false;0;false;;;0
sabrina.mancini@example.org;true;true;true;false;false;false;false;false;;0;0;false;0;false;;;0
paolo.cardone@example.org;true;true;false;false;false;false;false;false;;0;0;false;0;false;;;0
ludovica.fumagalli@example.org;true;true;false;false;false;false;false;false;;0;0;false;0;false;;;0
marta.piras@example.org;true;true;true;false;false;false;false;false;;0;0;false;0;false;;;0
ilaria.poli@example.org;true;true;false;false;false;false;false;false;;0;0;false;0;false;;;0
jacopo.moretti@example.org;true;true;false;false;false;false;false;false;;0;0;false;0;false;;;0
emanuele.rossetti@example.org;true;true;false;false;false;false;false;false;;0;0;false;0;false;;;0
emanuele.bianco@example.org;true;true;false;false;false;false;false;false;;0;0;false;0;false;;;0
claudia.ruggiero@example.org;true;true;false;false;false;false;false;false;;0;0;false;0;false;;;0
lucia.bacci@example.org;true;true;false;false;false;false;false;false;;0;0;false;0;false;;;0
federico.colombo@example.org;true;true;true;false;false;false;false;false;;0;0;false;0;false;;;0
davide.greco@example.org;true;true;false;false;false;false;false;false;;0;0;false;0;false;;;0
francesca.ferrara@example.org;true;true;false;false;false;false;false;false;;0;0;false;0;false;;;0
francesco.cristofaro@example.org;true;true;true;false;false;false;false;false;;0;0;false;0;false;;;0
giuseppe.longo@example.org;true;true;false;false;false;false;false;false;;0;0;false;0;false;;;0
massimo.barbieri@example.org;true;true;false;false;false;false;false;false;;0;0;false;0;false;;;0
alessandro.lombardi@example.org;true;true;true;false;false;true;true;false;;0;0;false;0;false;;;0
lorenzo.conte@example.org;true;true;false;false;false;false;false;false;;0;0;false;0;false;;;0
sara.desantis@example.org;true;true;false;false;false;false;false;false;;0;0;false;0;false;;;0
lucia.parisi@example.org;true;true;false;false;false;false;false;false;;0;0;false;0;false;;;0
alessandro.cerri@example.org;true;true;false;false;false;false;false;false;;0;0;false;0;false;;;0
angela.grassi@example.org;true;true;false;false;false;false;false;false;;0;0;false;0;false;;;0
giulio.rossi@example.org;true;true;false;false;false;false;false;false;;0;0;false;0;false;;;0
luca.bacci@example.org;true;true;false;false;false;false;false;false;;0;0;false;0;false;;;0
barbara.pisani@example.org;true;true;false;false;false;false;false;false;;0;0;false;0;false;;;0
angela.mazza@example.org;true;true;false;false;false;false;false;false;;0;0;false;0;false;;;0
chiara.monaco@example.org;true;true;false;false;false;false;false;false;;0;0;false;0;false;;;0
mariangela.zanini@example.org;true;true;false;false;false;false;false;false;;0;0;false;0;false;;;0
carlo.orlando@example.org;true;true;false;false;false;false;false;false;;0;0;false;0;false;;;0
anna.bassi@example.org;true;true;false;false;false;false;false;false;;0;0;false;0;false;;;0
daniela.poli@example.org;true;true;true;true;false;true;true;false;;0;0;false;0;false;;;0
stefano.montanari@example.org;true;true;false;false;false;false;false;false;;0;0;false;0;false;;;0
jacopo.riva@example.org;true;true;false;false;false;false;false;false;;0;0;false;0;false;;;0
giacomo.landi@example.org;true;true;false;false;false;false;false;false;;0;0;false;0;false;;;0
susanna.benedetti@example.org;true;true;true;false;false;false;false;true;2025-10-17;4;1;true;3;true;41;0.6491;0
giulio.ricci@example.org;true;true;true;true;true;true;false;false;;0;0;false;0;false;;;0
roberta.milani@example.org;true;true;true;true;false;false;false;false;;0;0;false;0;false;;;0
giorgio.melchiorre@example.org;true;true;false;false;false;false;false;false;;0;0;false;0;false;;;0
tommaso.riva@example.org;true;true;false;false;false;false;false;false;;0;0;false;0;false;;;0
mariangela.iacobelli@example.org;true;true;true;false;false;false;false;false;;0;0;false;0;false;;;0
caterina.moretti@example.org;true;true;false;false;false;false;false;false;;0;0;false;0;false;;;0
giovanni.abbate@example.org;true;true;true;false;false;false;false;false;;0;0;false;0;false;;;0
roberto.valente@example.org;true;true;false;false;false;false;false;false;;0;0;false;0;false;;;0
paola.messina@example.org;true;true;false;false;false;false;false;false;;0;0;false;0;false;;;0
federica.guerra@example.org;true;true;true;false;false;false;false;false;;0;0;false;0;false;;;0
mariangela.monaco@example.org;true;true;false;false;false;false;false;false;;0;0;false;0;false;;;0
pietro.pellegrini@example.org;true;true;true;true;false;false;false;false;;0;0;false;0;false;;;0
viola.franco@example.org;true;true;true;false;false;false;false;true;2025-10-15;2;1;false;0;false;;;0
roberto.cavallo@example.org;true;true;false;false;false;false;false;false;;0;0;false;0;false;;;0
rosanna.landi@example.org;true;true;false;false;false;false;false;false;;0;0;false;0;false;;;0
angela.poli@example.org;true;true;true;true;false;false;false;false;;0;0;false;0;false;;;0
tommaso.zanini@example.org;true;true;true;false;false;false;false;false;;0;0;false;0;false;;;0
angela.milani@example.org;true;true;true;false;false;false;false;true;2025-10-15;2;2;false;0;false;;;0
tommaso.giuliani@example.org;true;true;false;false;false;false;false;false;;0;0;false;0;false;;;0
alessandro.galli@example.org;true;false;false;false;false;false;false;false;;0;0;false;0;false;;;0
giulio.pellegrini@example.org;true;true;false;false;false;false;false;false;;0;0;false;0;false;;;0
giulio.cardone@example.org;true;true;false;false;false;false;false;false;;0;0;false;0;false;;;0
tommaso.esposito@example.org;true;true;false;false;false;false;false;false;;0;0;false;0;false;;;0
samuele.serra@example.org;true;true;false;false;false;false;false;false;;0;0;false;0;false;;;0
roberto.vitale@example.org;true;true;true;true;false;false;false;false;;0;0;false;0;true;45;0.7090;1
francesco.valente@example.org;true;true;false;false;false;false;false;false;;0;0;false;0;false;;;0
claudia.grassi@example.org;true;true;false;false;false;false;false;false;;0;0;false;0;false;;;0
francesca.morelli@example.org;true;true;false;false;false;false;false;false;;0;0;false;0;false;;;0
matteo.ferrara@example.org;true;true;false;false;false;false;false;false;;0;0;false;0;false;;;0
giorgio.caruso@example.org;true;true;false;false;false;false;false;false;;0;0;false;0;false;;;0
gabriele.parisi@example.org;true;true;true;false;false;false;false;false;;0;0;false;0;false;;;0
luca.zanetti@example.org;true;true;true;true;true;true;true;false;;0;0;false;0;false;;;0
martina.iacobelli@example.org;true;true;false;false;false;false;false;false;;0;0;false;0;false;;;0
stefano.poli@example.org;true;true;true;true;false;true;true;false;;0;0;false;0;false;;;0
carlo.fiore@example.org;true;true;false;false;false;false;false;false;;0;0;false;0;false;;;0
giorgia.martini@example.org;true;true;true;true;true;true;true;false;;0;0;false;0;false;;;0
giuseppe.negri@example.org;true;true;false;false;false;false;false;false;;0;0;false;0;false;;;0
cristina.rossetti@example.org;true;true;false;false;false;false;false;false;;0;0;false;0;false;;;0
giovanni.ferrari@example.org;true;true;false;false;false;false;false;false;;0;0;false;0;false;;;0
sara.morelli@example.org;true;true;false;false;false;false;false;false;;0;0;false;0;false;;;0
federico.grassi@example.org;true;true;false;false;false;false;false;false;;0;0;false;0;false;;;0
martina.testa@example.org;true;true;false;false;false;false;false;false;;0;0;false;0;false;;;0
rosanna.franco@example.org;true;true;false;false;false;false;false;false;;0;0;false;0;false;;;0
pietro.agostini@example.org;true;true;false;false;false;false;false;false;;0;0;false;0;false;;;0
tommaso.bacci@example.org;true;true;true;false;false;true;true;false;;0;0;false;0;false;;;0
tommaso.orlando@example.org;true;true;false;false;false;false;false;false;;0;0;false;0;false;;;0
antonio.toscano@example.org;true;true;true;false;false;false;false;true;2025-10-17;4;0;true;4;false;;;0
filippo.martelli@example.org;true;true;false;false;false;false;false;false;;0;0;false;0;false;;;0
michela.giordano@example.org;true;false;false;false;false;false;false;false;;0;0;false;0;false;;;0
filippo.nardi@example.org;true;true;false;false;false;false;false;false;;0;0;false;0;false;;;0
giulia.gentile@example.org;true;true;true;false;false;false;false;true;2025-10-18;3;0;false;0;false;;;0
vittorio.longo@example.org;true;true;false;false;false;false;false;false;;0;0;false;0;false;;;0
mauro.volpe@example.org;true;true;false;false;false;false;false;false;;0;0;false;0;false;;;0
claudia.palmieri@example.org;true;true;false;false;false;false;false;false;;0;0;false;0;false;;;0
laura.ferrara@example.org;true;true;false;false;false;false;false;false;;0;0;false;0;false;;;0
lorenzo.mariani@example.org;true;true;false;false;false;false;false;false;;0;0;false;0;false;;;0
mariangela.ferrara@example.org;true;true;false;false;false;false;false;false;;0;0;false;0;false;;;0
massimo.rizzo@example.org;true;true;false;false;false;false;false;false;;0;0;false;0;false;;;0
sara.leone@example.org;true;true;false;false;false;false;false;false;;0;0;false;0;false;;;0
francesca.carbone@example.org;true;true;false;false;false;false;false;false;;0;0;false;0;false;;;0
irene.balestra@example.org;true;true;false;false;false;false;false;false;;0;0;false;0;false;;;0
caterina.bernardi@example.org;true;true;false;false;false;false;false;false;;0;0;false;0;false;;;0
ludovica.fabbri@example.org;true;true;false;false;false;false;false;false;;0;0;false;0;false;;;0
caterina.esposito@example.org;true;true;true;false;false;false;false;false;;0;0;false;0;false;;;0
teresa.vitale@example.org;true;true;false;false;false;false;false;false;;0;0;false;0;false;;;0
andrea.leone@example.org;true;true;false;false;false;false;false;false;;0;0;false;0;false;;;0
massimo.monaco@example.org;true;true;false;false;false;false;false;false;;0;0;false;0;false;;;0
susanna.santoro@example.org;true;true;true;false;false;false;false;false;;0;0;false;0;true;53;0.7117;2
giovanni.galli@example.org;true;true;false;false;false;false;false;false;;0;0;false;0;false;;;0
alessandro.benedetti@example.org;true;true;false;false;false;false;false;false;;0;0;false;0;false;;;0
emanuele.bernardi@example.org;true;true;false;false;false;false;false;false;;0;0;false;0;false;;;0
anna.morelli@example.org;true;true;true;false;false;false;false;true;2025-10-16;3;1;false;0;false;;;0
marco.corsi@example.org;true;true;false;false;false;false;false;false;;0;0;false;0;false;;;0
roberta.neri@example.org;true;true;false;false;false;false;false;false;;0;0;false;0;false;;;0
federico.bacci@example.org;true;true;false;false;false;false;false;false;;0;0;false;0;false;;;0
anna.cristofaro@example.org;true;true;false;false;false;false;false;false;;0;0;false;0;false;;;0
rosanna.negri@example.org;true;true;false;false;false;false;false;false;;0;0;false;0;false;;;0
marta.testa@example.org;true;true;false;false;false;false;false;false;;0;0;false;0;false;;;0
marco.gatti@example.org;true;true;false;false;false;false;false;false;;0;0;false;0;false;;;0
daniele.bonetti@example.org;true;true;false;false;false;false;false;false;;0;0;false;0;false;;;0
monica.bianco@example.org;true;true;false;false;false;false;false;false;;0;0;false;0;false;;;0
matteo.longo@example.org;true;true;false;false;false;false;false;false;;0;0;false;0;false;;;0
martina.montanari@example.org;true;true;false;false;false;false;false;false;;0;0;false;0;false;;;0
irene.bruno@example.org;true;true;false;false;false;false;false;false;;0;0;false;0;false;;;0
giuseppe.damico@example.org;true;true;false;false;false;false;false;false;;0;0;false;0;false;;;0
mariangela.bianchi@example.org;true;true;false;false;false;false;false;false;;0;0;false;0;false;;;0
michele.cristofaro@example.org;true;true;false;false;false;false;false;false;;0;0;false;0;false;;;0
sabrina.antonelli@example.org;true;true;false;false;false;false;false;false;;0;0;false;0;false;;;0
giovanna.poli@example.org;true;true;true;true;false;false;false;false;;0;0;false;0;false;;;0
valentina.benedetti@example.org;true;true;true;false;false;false;false;false;;0;0;false;0;false;;;0
federica.martini@example.org;true;true;false;false;false;false;false;false;;0;0;false;0;false;;;0
angela.martelli@example.org;true;false;false;false;false;false;false;false;;0;0;false;0;false;;;0
gabriele.toscano@example.org;true;true;false;false;false;false;false;false;;0;0;false;0;false;;;0
samuele.bianchi@example.org;true;true;false;false;false;false;false;false;;0;0;false;0;false;;;0
filippo.volpe@example.org;true;true;false;false;false;false;false;false;;0;0;false;0;false;;;0
tommaso.poli@example.org;true;true;false;false;false;false;false;false;;0;0;false;0;false;;;0
raffaella.franco@example.org;true;true;true;true;false;false;false;false;;0;0;false;0;true;43;0.5299;2
giovanna.bianco@example.org;true;true;true;false;false;false;false;false;;0;0;false;0;false;;;0
gabriele.pellegrini@example.org;true;true;false;false;false;false;false;false;;0;0;false;0;false;;;0
valentina.antonelli@example.org;true;true;true;false;false;false;false;true;2025-10-16;2;2;false;0;true;42;0.6828;1
samuele.silvestri@example.org;true;true;false;false;false;false;false;false;;0;0;false;0;false;;;0
vittorio.orlando@example.org;true;true;true;false;false;true;false;false;;0;0;false;0;false;;;0
giulio.balestra@example.org;true;true;false;false;false;false;false;false;;0;0;false;0;false;;;0
beatrice.donati@example.org;true;true;false;false;false;false;false;false;;0;0;false;0;false;;;0
matteo.mazza@example.org;true;true;false;false;false;false;false;false;;0;0;false;0;false;;;0
jacopo.caruso@example.org;true;true;false;false;false;false;false;false;;0;0;false;0;false;;;0
monica.colombo@example.org;true;true;false;false;false;false;false;false;;0;0;false;0;false;;;0
francesca.fabbri@example.org;true;true;false;false;false;false;false;false;;0;0;false;0;false;;;0
tommaso.neri@example.org;true;true;false;false;false;false;false;false;;0;0;false;0;false;;;0
marco.ruggiero@example.org;true;true;true;false;false;false;false;false;;0;0;false;0;false;;;0
valentina.rossetti@example.org;true;true;false;false;false;false;false;false;;0;0;false;0;false;;;0
valeria.cardone@example.org;true;true;false;false;false;false;false;false;;0;0;false;0;false;;;0
marta.negri@example.org;true;true;true;false;false;false;false;false;;0;0;false;0;true;37;0.7238;1
massimo.pisani@example.org;true;true;false;false;false;false;false;false;;0;0;false;0;false;;;0
riccardo.valente@example.org;true;true;false;false;false;false;false;false;;0;0;false;0;false;;;0
sara.bellini@example.org;true;true;false;false;false;false;false;false;;0;0;false;0;false;;;0
sofia.grassi@example.org;true;true;true;false;false;false;false;false;;0;0;false;0;false;;;0
tommaso.cattaneo@example.org;true;true;false;false;false;false;false;false;;0;0;false;0;false;;;0
giorgio.bonetti@example.org;true;true;true;true;false;false;false;false;;0;0;false;0;false;;;0
sofia.neri@example.org;true;true;true;true;false;true;false;false;;0;0;false;0;false;;;0
anna.marchetti@example.org;true;true;false;false;false;false;false;false;;0;0;false;0;false;;;0
viola.parisi@example.org;true;true;false;false;false;false;false;false;;0;0;false;0;false;;;0
tommaso.marchetti@example.org;true;true;false;false;false;false;false;false;;0;0;false;0;false;;;0
giulia.manfredi@example.org;true;true;false;false;false;false;false;false;;0;0;false;0;false;;;0
margherita.martelli@example.org;true;true;false;false;false;false;false;false;;0;0;false;0;false;;;0
mauro.zanetti@example.org;true;true;false;false;false;false;false;false;;0;0;false;0;false;;;0
maria.monaco@example.org;true;true;false;false;false;false;false;false;;0;0;false;0;false;;;0
lucia.ruggiero@example.org;true;true;true;false;false;false;false;false;;0;0;false;0;false;;;0
susanna.vitale@example.org;true;true;false;false;false;false;false;false;;0;0;false;0;false;;;0
filippo.cattaneo@example.org;true;true;false;false;false;false;false;false;;0;0;false;0;false;;;0
viola.denicola@example.org;true;true;false;false;false;false;false;false;;0;0;false;0;false;;;0
nicola.abbate@example.org;true;true;false;false;false;false;false;false;;0;0;false;0;false;;;0
giacomo.rizzo@example.org;true;true;false;false;false;false;false;false;;0;0;false;0;false;;;0
nicola.russo@example.org;true;true;true;false;false;false;false;false;;0;0;false;0;false;;;0
paolo.montanari@example.org;true;true;false;false;false;false;false;false;;0;0;false;0;false;;;0
viola.giordano@example.org;true;true;false;false;false;false;false;false;;0;0;false;0;false;;;0
marco.salerno@example.org;true;true;false;false;false;false;false;false;;0;0;false;0;false;;;0
giorgia.ariemma@example.org;true;true;false;false;false;false;false;false;;0;0;false;0;false;;;0
davide.rossetti@example.org;true;true;false;false;false;false;false;false;;0;0;false;0;false;;;0
gabriele.cavallo@example.org;true;true;false;false;false;false;false;false;;0;0;false;0;false;;;0
claudio.greco@example.org;true;false;false;false;false;false;false;false;;0;0;false;0;false;;;0
filippo.denicola@example.org;true;true;false;false;false;false;false;false;;0;0;false;0;false;;;0
andrea.melchiorre@example.org;true;true;false;false;false;false;false;false;;0;0;false;0;false;;;0
pietro.gallo@example.org;true;true;true;true;false;true;true;false;;0;0;false;0;false;;;0
alessandro.sanna@example.org;true;true;false;false;false;false;false;false;;0;0;false;0;false;;;0
silvia.riva@example.org;true;true;false;false;false;false;false;false;;0;0;false;0;false;;;0
valentina.sala@example.org;true;true;false;false;false;false;false;false;;0;0;false;0;false;;;0
andrea.pellegrini@example.org;true;true;false;false;false;false;false;false;;0;0;false;0;false;;;0
vittorio.martini@example.org;true;true;true;false;false;false;false;false;;0;0;false;0;false;;;0
gianluca.denicola@example.org;true;true;true;false;false;false;false;false;;0;0;false;0;false;;;0
giovanni.zanetti@example.org;true;true;false;false;false;false;false;false;;0;0;false;0;false;;;0
vittorio.bassi@example.org;true;true;true;true;false;false;false;false;;0;0;false;0;false;;;0
susanna.toscano@example.org;true;true;false;false;false;false;false;false;;0;0;false;0;false;;;0
carlo.costa@example.org;true;true;false;false;false;false;false;false;;0;0;false;0;false;;;0
francesca.valente@example.org;true;true;false;false;false;false;false;false;;0;0;false;0;false;;;0
nicola.sartori@example.org;true;true;true;true;false;false;false;false;;0;0;false;0;true;39;0.8055;2
maria.antonelli@example.org;true;true;false;false;false;false;false;false;;0;0;false;0;false;;;0
carlo.testa@example.org;true;true;false;false;false;false;false;false;;0;0;false;0;false;;;0
teresa.martini@example.org;true;true;false;false;false;false;false;false;;0;0;false;0;false;;;0
valeria.melchiorre@example.org;true;true;false;false;false;false;false;false;;0;0;false;0;false;;;0
angela.leone@example.org;true;true;false;false;false;false;false;false;;0;0;false;0;false;;;0
sofia.mariani@example.org;true;true;false;false;false;false;false;false;;0;0;false;0;false;;;0
caterina.benedetti@example.org;true;true;true;false;false;false;false;false;;0;0;false;0;false;;;0
mariangela.sala@example.org;true;true;false;false;false;false;false;false;;0;0;false;0;false;;;0
sofia.fabbri@example.org;true;true;false;false;false;false;false;false;;0;0;false;0;false;;;0
lorenzo.greco@example.org;true;true;false;false;false;false;false;false;;0;0;false;0;false;;;0
beatrice.bonetti@example.org;true;true;false;false;false;false;false;false;;0;0;false;0;false;;;0
vittorio.giuliani@example.org;true;false;false;false;false;false;false;false;;0;0;false;0;false;;;0
luigi.bianco@example.org;true;true;true;false;false;true;false;false;;0;0;false;0;false;;;0
valentina.bonetti@example.org;true;true;true;false;false;false;false;false;;0;0;false;0;false;;;0
barbara.bianco@example.org;true;true;false;false;false;false;false;false;;0;0;false;0;false;;;0
teresa.abbate@example.org;true;true;false;false;false;false;false;false;;0;0;false;0;false;;;0
jacopo.marchetti@example.org;true;true;false;false;false;false;false;false;;0;0;false;0;false;;;0
claudio.volpe@example.org;true;true;false;false;false;false;false;false;;0;0;false;0;false;;;0
nicola.rossi@example.org;true;true;false;false;false;false;false;false;;0;0;false;0;false;;;0
vincenzo.gentile@example.org;true;true;true;true;false;true;true;false;;0;0;false;0;false;;;0
teresa.carbone@example.org;true;true;false;false;false;false;false;false;;0;0;false;0;false;;;0
marta.gatti@example.org;true;true;false;false;false;false;false;false;;0;0;false;0;false;;;0
roberta.antonelli@example.org;true;true;false;false;false;false;false;false;;0;0;false;0;false;;;0
valentina.lombardi@example.org;true;true;false;false;false;false;false;false;;0;0;false;0;false;;;0
riccardo.desantis@example.org;true;true;false;false;false;false;false;false;;0;0;false;0;false;;;0
emanuele.giordano@example.org;true;true;false;false;false;false;false;false;;0;0;false;0;false;;;0
giovanni.cavallo@example.org;true;true;false;false;false;false;false;false;;0;0;false;0;false;;;0
pietro.ruggiero@example.org;true;true;false;false;false;false;false;false;;0;0;false;0;false;;;0
barbara.melchiorre@example.org;true;true;false;false;false;false;false;false;;0;0;false;0;false;;;0
susanna.lorenzi@example.org;true;true;true;false;false;false;false;false;;0;0;false;0;false;;;0
tommaso.antonelli@example.org;true;true;true;false;false;true;false;false;;0;0;false;0;false;;;0
valentina.neri@example.org;true;true;false;false;false;false;false;false;;0;0;false;0;false;;;0
serena.pesce@example.org;true;true;false;false;false;false;false;false;;0;0;false;0;false;;;0
angela.sorrentino@example.org;true;true;true;true;false;false;false;true;2025-10-18;4;3;false;0;false;;;0
davide.lombardi@example.org;true;false;false;false;false;false;false;false;;0;0;false;0;false;;;0
serena.farina@example.org;true;true;true;false;false;false;false;false;;0;0;false;0;false;;;0
antonio.pellegrini@example.org;true;true;true;true;true;true;true;true;2025-10-15;3;0;false;0;false;;;0
tommaso.ariemma@example.org;true;true;false;false;false;false;false;false;;0;0;false;0;false;;;0
federico.caruso@example.org;true;true;false;false;false;false;false;false;;0;0;false;0;false;;;0
rosanna.innocenti@example.org;true;true;false;false;false;false;false;false;;0;0;false;0;false;;;0
rosanna.pellegrini@example.org;true;true;false;false;false;false;false;false;;0;0;false;0;false;;;0
maria.ariemma@example.org;true;true;false;false;false;false;false;false;;0;0;false;0;false;;;0
antonio.nardi@example.org;true;true;true;false;false;false;false;true;2025-10-15;3;1;false;0;false;;;0
anna.bernardi@example.org;true;true;false;false;false;false;false;false;;0;0;false;0;false;;;0
luca.bianco@example.org;true;true;false;false;false;false;false;false;;0;0;false;0;false;;;0
davide.desantis@example.org;true;true;false;false;false;false;false;false;;0;0;false;0;false;;;0
laura.longo@example.org;true;true;false;false;false;false;false;false;;0;0;false;0;false;;;0
carlo.marini@example.org;true;true;false;false;false;false;false;false;;0;0;false;0;false;;;0
claudio.esposito@example.org;true;true;false;false;false;false;false;false;;0;0;false;0;false;;;0
irene.carbone@example.org;true;true;false;false;false;false;false;false;;0;0;false;0;false;;;0
luigi.abbate@example.org;true;true;false;false;false;false;false;false;;0;0;false;0;false;;;0
francesco.damico@example.org;true;true;false;false;false;false;false;false;;0;0;false;0;false;;;0
simone.bassi@example.org;true;true;true;true;false;true;true;false;;0;0;false;0;false;;;0
teresa.martelli@example.org;true;true;false;false;false;false;false;false;;0;0;false;0;false;;;0
ludovica.desantis@example.org;true;true;false;false;false;false;false;false;;0;0;false;0;false;;;0
pietro.vitale@example.org;true;true;false;false;false;false;false;false;;0;0;false;0;false;;;0
valeria.moretti@example.org;true;true;true;false;false;false;false;true;2025-10-16;2;2;false;0;true;54;0.6350;2
lorenzo.cardone@example.org;true;true;false;false;false;false;false;false;;0;0;false;0;false;;;0
manuela.cristofaro@example.org;true;true;true;false;false;true;true;false;;0;0;false;0;false;;;0
paola.denicola@example.org;true;true;false;false;false;false;false;false;;0;0;false;0;false;;;0
monica.mazza@example.org;true;true;false;false;false;false;false;false;;0;0;false;0;false;;;0
riccardo.bianco@example.org;true;true;true;true;false;false;false;false;;0;0;false;0;false;;;0
barbara.morelli@example.org;true;true;true;false;false;true;true;false;;0;0;false;0;false;;;0
emanuele.bonetti@example.org;true;true;false;false;false;false;false;false;;0;0;false;0;false;;;0
jacopo.iacobelli@example.org;true;true;false;false;false;false;false;false;;0;0;false;0;false;;;0
sabrina.morelli@example.org;true;true;false;false;false;false;false;false;;0;0;false;0;false;;;0
elisa.denicola@example.org;true;true;true;false;false;true;true;false;;0;0;false;0;false;;;0
luigi.carbone@example.org;true;true;false;false;false;false;false;false;;0;0;false;0;false;;;0
sara.ferretti@example.org;true;true;false;false;false;false;false;false;;0;0;false;0;false;;;0
claudia.mancini@example.org;true;true;false;false;false;false;false;false;;0;0;false;0;false;;;0
enrico.morelli@example.org;true;true;false;false;false;false;false;false;;0;0;false;0;false;;;0
anna.perini@example.org;true;true;false;false;false;false;false;false;;0;0;false;0;false;;;0
claudio.carbone@example.org;true;true;false;false;false;false;false;false;;0;0;false;0;false;;;0
matteo.landi@example.org;true;true;false;false;false;false;false;false;;0;0;false;0;false;;;0
giulio.colombo@example.org;true;true;false;false;false;false;false;false;;0;0;false;0;false;;;0
gianluca.ferrara@example.org;true;true;true;false;false;true;true;false;;0;0;false;0;false;;;0
vincenzo.donati@example.org;true;true;true;true;false;true;true;false;;0;0;false;0;false;;;0
carlo.gallo@example.org;true;true;false;false;false;false;false;false;;0;0;false;0;false;;;0
chiara.toscano@example.org;true;true;false;false;false;false;false;false;;0;0;false;0;false;;;0
sofia.benedetti@example.org;true;true;false;false;false;false;false;false;;0;0;false;0;false;;;0
chiara.giuliani@example.org;true;true;false;false;false;false;false;false;;0;0;false;0;false;;;0
filippo.giuliani@example.org;true;true;true;false;false;false;false;false;;0;0;false;0;false;;;0
luigi.salerno@example.org;true;true;false;false;false;false;false;false;;0;0;false;0;false;;;0
francesca.vitale@example.org;true;true;false;false;false;false;false;false;;0;0;false;0;false;;;0
mariangela.valente@example.org;true;true;false;false;false;false;false;false;;0;0;false;0;false;;;0
giuseppe.benedetti@example.org;true;true;false;false;false;false;false;false;;0;0;false;0;false;;;0
simone.pisani@example.org;true;true;false;false;false;false;false;false;;0;0;false;0;false;;;0
pietro.marchetti@example.org;true;false;false;false;false;false;false;false;;0;0;false;0;false;;;0
viola.balestra@example.org;true;true;false;false;false;false;false;false;;0;0;false;0;false;;;0
gabriele.ferrara@example.org;true;true;true;false;false;false;false;false;;0;0;false;0;false;;;0
giorgio.bassi@example.org;true;true;false;false;false;false;false;false;;0;0;false;0;false;;;0
francesco.bruni@example.org;true;true;false;false;false;false;false;false;;0;0;false;0;false;;;0
martina.franco@example.org;true;true;true;false;false;false;false;false;;0;0;false;0;false;;;0
ilaria.ariemma@example.org;true;true;false;false;false;false;false;false;;0;0;false;0;false;;;0
elisa.sartori@example.org;true;true;false;false;false;false;false;false;;0;0;false;0;false;;;0
enrico.martini@example.org;true;true;false;false;false;false;false;false;;0;0;false;0;false;;;0
claudia.martini@example.org;true;true;false;false;false;false;false;false;;0;0;false;0;false;;;0
silvia.greco@example.org;true;true;false;false;false;false;false;false;;0;0;false;0;false;;;0
elena.sala@example.org;true;true;false;false;false;false;false;false;;0;0;false;0;false;;;0
nicola.balestra@example.org;true;true;false;false;false;false;false;false;;0;0;false;0;false;;;0
valeria.cirillo@example.org;true;false;false;false;false;false;false;false;;0;0;false;0;false;;;0
paolo.silvestri@example.org;true;true;false;false;false;false;false;false;;0;0;false;0;false;;;0
gianluca.romano@example.org;true;true;false;false;false;false;false;false;;0;0;false;0;false;;;0
roberto.monaco@example.org;true;true;false;false;false;false;false;false;;0;0;false;0;false;;;0
lucia.rossetti@example.org;true;true;false;false;false;false;false;false;;0;0;false;0;false;;;0
silvia.desantis@example.org;true;true;false;false;false;false;false;false;;0;0;false;0;false;;;0
lucia.ferretti@example.org;true;true;true;false;false;false;false;false;;0;0;false;0;false;;;0
luigi.giuliani@example.org;true;true;false;false;false;false;false;false;;0;0;false;0;false;;;0
marta.bacci@example.org;true;true;true;false;false;false;false;false;;0;0;false;0;false;;;0
teresa.bianchi@example.org;true;true;false;false;false;false;false;false;;0;0;false;0;false;;;0
anna.greco@example.org;true;true;false;false;false;false;false;false;;0;0;false;0;false;;;0
mariangela.greco@example.org;true;true;false;false;false;false;false;false;;0;0;false;0;false;;;0
valeria.benedetti@example.org;true;true;false;false;false;false;false;false;;0;0;false;0;false;;;0
lorenzo.salerno@example.org;true;true;false;false;false;false;false;false;;0;0;false;0;false;;;0
barbara.bonetti@example.org;true;true;false;false;false;false;false;false;;0;0;false;0;false;;;0
viola.desantis@example.org;true;true;false;false;false;false;false;false;;0;0;false;0;false;;;0
pietro.serra@example.org;true;true;false;false;false;false;false;false;;0;0;false;0;false;;;0
silvia.zanini@example.org;true;true;false;false;false;false;false;false;;0;0;false;0;false;;;0
giorgio.piras@example.org;true;true;false;false;false;false;false;false;;0;0;false;0;false;;;0
pietro.amato@example.org;true;true;true;false;false;false;false;true;2025-10-17;6;2;true;2;false;;;0
alessandro.martini@example.org;true;false;false;false;false;false;false;false;;0;0;false;0;false;;;0
paola.abbate@example.org;true;true;true;true;false;true;true;false;;0;0;false;0;false;;;0
tommaso.pagano@example.org;true;true;false;false;false;false;false;false;;0;0;false;0;false;;;0
cristina.bellini@example.org;true;true;false;false;false;false;false;false;;0;0;false;0;false;;;0
sofia.pagano@example.org;true;true;true;true;false;false;false;false;;0;0;false;0;false;;;0
federica.corsi@example.org;true;true;false;false;false;false;false;false;;0;0;false;0;false;;;0
alessandro.iacobelli@example.org;true;true;false;false;false;false;false;false;;0;0;false;0;false;;;0
vincenzo.piras@example.org;true;true;false;false;false;false;false;false;;0;0;false;0;false;;;0
tommaso.ferretti@example.org;true;true;false;false;false;false;false;false;;0;0;false;0;false;;;0
barbara.deluca@example.org;true;true;false;false;false;false;false;false;;0;0;false;0;false;;;0
simone.denicola@example.org;true;true;false;false;false;false;false;false;;0;0;false;0;false;;;0
luca.longo@example.org;true;true;true;false;false;false;false;false;;0;0;false;0;false;;;0
riccardo.neri@example.org;true;true;false;false;false;false;false;false;;0;0;false;0;false;;;0
ludovica.rossetti@example.org;true;true;false;false;false;false;false;false;;0;0;false;0;false;;;0
antonio.innocenti@example.org;true;true;false;false;false;false;false;false;;0;0;false;0;false;;;0
raffaella.bianco@example.org;true;true;false;false;false;false;false;false;;0;0;false;0;false;;;0
claudio.borghi@example.org;true;true;false;false;false;false;false;false;;0;0;false;0;false;;;0
silvia.ferrari@example.org;true;true;true;false;false;false;false;false;;0;0;false;0;false;;;0
valeria.poli@example.org;true;true;true;false;false;true;true;true;2025-10-16;3;1;false;0;false;;;0
caterina.deluca@example.org;true;true;false;false;false;false;false;false;;0;0;false;0;false;;;0
federica.rossetti@example.org;true;true;true;false;false;false;false;false;;0;0;false;0;false;;;0
valeria.ricci@example.org;true;true;false;false;false;false;false;false;;0;0;false;0;false;;;0
mariangela.mariani@example.org;true;true;false;false;false;false;false;false;;0;0;false;0;false;;;0
rosanna.bruni@example.org;true;true;false;false;false;false;false;false;;0;0;false;0;false;;;0
irene.milani@example.org;true;true;false;false;false;false;false;false;;0;0;false;0;false;;;0
teresa.galli@example.org;true;true;true;true;false;false;false;false;;0;0;false;0;false;;;0
ilaria.galli@example.org;true;true;false;false;false;false;false;false;;0;0;false;0;false;;;0
monica.ricci@example.org;true;true;false;false;false;false;false;false;;0;0;false;0;false;;;0
lucia.farina@example.org;true;true;true;false;false;false;false;true;2025-10-15;5;2;true;0;false;;;0
elena.vitale@example.org;true;true;true;false;false;false;false;true;2025-10-15;3;2;false;0;false;;;0
sabrina.galli@example.org;true;true;false;false;false;false;false;false;;0;0;false;0;false;;;0
gabriele.manfredi@example.org;true;true;false;false;false;false;false;false;;0;0;false;0;false;;;0
federica.martelli@example.org;true;true;true;true;true;true;true;true;2025-10-16;6;0;true;0;false;;;0
roberta.lorenzi@example.org;true;true;false;false;false;false;false;false;;0;0;false;0;false;;;0
andrea.longo@example.org;true;true;true;true;false;false;false;false;;0;0;false;0;false;;;0
monica.cardone@example.org;true;true;false;false;false;false;false;false;;0;0;false;0;false;;;0
francesca.sanna@example.org;true;true;true;false;false;false;false;false;;0;0;false;0;false;;;0
laura.orlando@example.org;true;true;false;false;false;false;false;false;;0;0;false;0;false;;;0
martina.gatti@example.org;true;true;true;false;false;false;false;false;;0;0;false;0;false;;;0
valentina.fiore@example.org;true;true;false;false;false;false;false;false;;0;0;false;0;false;;;0
marco.pagano@example.org;true;true;false;false;false;false;false;false;;0;0;false;0;false;;;0
daniele.marini@example.org;true;true;false;false;false;false;false;false;;0;0;false;0;false;;;0
martina.vitale@example.org;true;true;false;false;false;false;false;false;;0;0;false;0;false;;;0
stefano.galli@example.org;true;true;true;false;false;false;false;false;;0;0;false;0;false;;;0
tommaso.caputo@example.org;true;true;true;false;false;false;false;false;;0;0;false;0;false;;;0
valeria.messina@example.org;true;true;false;false;false;false;false;false;;0;0;false;0;false;;;0
barbara.conte@example.org;true;true;false;false;false;false;false;false;;0;0;false;0;false;;;0
sara.volpe@example.org;true;true;true;false;false;false;false;false;;0;0;false;0;false;;;0
valentina.bianco@example.org;true;true;false;false;false;false;false;false;;0;0;false;0;false;;;0
samuele.ricci@example.org;true;true;false;false;false;false;false;false;;0;0;false;0;false;;;0
caterina.orlando@example.org;true;true;false;false;false;false;false;false;;0;0;false;0;false;;;0
jacopo.negri@example.org;true;true;false;false;false;false;false;false;;0;0;false;0;false;;;0
samuele.barbieri@example.org;true;true;false;false;false;false;false;false;;0;0;false;0;false;;;0
monica.grassi@example.org;true;true;false;false;false;false;false;false;;0;0;false;0;false;;;0
giulia.vitale@example.org;true;true;true;true;false;false;false;false;;0;0;false;0;false;;;0
barbara.cattaneo@example.org;true;true;false;false;false;false;false;false;;0;0;false;0;false;;;0
giorgio.gallo@example.org;true;true;false;false;false;false;false;false;;0;0;false;0;false;;;0
francesco.cavallo@example.org;true;true;true;true;false;false;false;true;2025-10-16;4;2;false;0;false;;;0
cristina.romano@example.org;true;true;false;false;false;false;false;false;;0;0;false;0;false;;;0
massimo.sanna@example.org;true;true;false;false;false;false;false;false;;0;0;false;0;false;;;0
teresa.zanetti@example.org;true;true;false;false;false;false;false;false;;0;0;false;0;false;;;0
nicola.cirillo@example.org;true;true;false;false;false;false;false;false;;0;0;false;0;false;;;0
paolo.rossi@example.org;true;true;false;false;false;false;false;false;;0;0;false;0;false;;;0
matteo.mancini@example.org;true;true;false;false;false;false;false;false;;0;0;false;0;false;;;0
michele.santoro@example.org;true;true;false;false;false;false;false;false;;0;0;false;0;false;;;0
giuseppe.orlando@example.org;true;true;false;false;false;false;false;false;;0;0;false;0;false;;;0
marta.nardi@example.org;true;false;false;false;false;false;false;false;;0;0;false;0;false;;;0
federica.bruno@example.org;true;true;false;false;false;false;false;false;;0;0;false;0;false;;;0
stefano.cavallo@example.org;true;true;false;false;false;false;false;false;;0;0;false;0;false;;;0
susanna.gallo@example.org;true;true;false;false;false;false;false;false;;0;0;false;0;false;;;0
roberta.melchiorre@example.org;true;true;true;false;false;true;false;false;;0;0;false;0;false;;;0
chiara.guerra@example.org;true;true;true;false;false;false;false;true;2025-10-15;2;2;false;0;true;42;0.5405;1
ilaria.zanetti@example.org;true;true;false;false;false;false;false;false;;0;0;false;0;false;;;0
tommaso.desantis@example.org;true;true;false;false;false;false;false;false;;0;0;false;0;false;;;0
paola.mazza@example.org;true;true;false;false;false;false;false;false;;0;0;false;0;false;;;0
lucia.leone@example.org;true;true;false;false;false;false;false;false;;0;0;false;0;false;;;0
margherita.deluca@example.org;true;true;false;false;false;false;false;false;;0;0;false;0;false;;;0
gianluca.silvestri@example.org;true;true;true;false;false;false;false;false;;0;0;false;0;false;;;0
viola.milani@example.org;true;true;true;false;false;false;false;false;;0;0;false;0;false;;;0
paola.palmieri@example.org;true;true;true;true;false;true;true;false;;0;0;false;0;false;;;0
valeria.fontana@example.org;true;true;true;true;false;true;false;false;;0;0;false;0;false;;;0
barbara.cristofaro@example.org;true;true;false;false;false;false;false;false;;0;0;false;0;false;;;0
enrico.antonelli@example.org;true;true;false;false;false;false;false;false;;0;0;false;0;false;;;0
francesca.cavallo@example.org;true;true;false;false;false;false;false;false;;0;0;false;0;false;;;0
valentina.poli@example.org;true;true;false;false;false;false;false;false;;0;0;false;0;false;;;0
rosanna.greco@example.org;true;true;false;false;false;false;false;false;;0;0;false;0;false;;;0
gianluca.santoro@example.org;true;true;false;false;false;false;false;false;;0;0;false;0;false;;;0
barbara.riva@example.org;true;true;false;false;false;false;false;false;;0;0;false;0;false;;;0
anna.zanetti@example.org;true;true;true;false;false;true;true;false;;0;0;false;0;false;;;0
antonio.giordano@example.org;true;true;true;false;false;false;false;false;;0;0;false;0;false;;;0
chiara.perini@example.org;true;true;true;false;false;false;false;false;;0;0;false;0;false;;;0
antonio.denicola@example.org;true;true;false;false;false;false;false;false;;0;0;false;0;false;;;0
rosanna.leone@example.org;true;true;true;false;false;false;false;false;;0;0;false;0;false;;;0
rosanna.giordano@example.org;true;true;false;false;false;false;false;false;;0;0;false;0;false;;;0
daniele.cavallo@example.org;true;true;true;false;false;false;false;false;;0;0;false;0;false;;;0
paolo.borghi@example.org;true;true;false;false;false;false;false;false;;0;0;false;0;false;;;0
giovanni.zanini@example.org;true;true;false;false;false;false;false;false;;0;0;false;0;false;;;0
maria.perini@example.org;true;true;false;false;false;false;false;false;;0;0;false;0;false;;;0
chiara.nardi@example.org;true;true;false;false;false;false;false;false;;0;0;false;0;false;;;0
elena.perini@example.org;true;true;true;false;false;false;false;false;;0;0;false;0;false;;;0
giovanni.leone@example.org;true;true;true;false;false;false;false;false;;0;0;false;0;false;;;0
giulio.bassi@example.org;true;true;false;false;false;false;false;false;;0;0;false;0;false;;;0
davide.colombo@example.org;true;true;true;false;false;false;false;false;;0;0;false;0;false;;;0
claudio.parisi@example.org;true;true;true;false;false;false;false;false;;0;0;false;0;false;;;0
marta.morelli@example.org;true;true;true;false;false;false;false;false;;0;0;false;0;false;;;0
francesca.fumagalli@example.org;true;true;false;false;false;false;false;false;;0;0;false;0;false;;;0
lorenzo.benedetti@example.org;true;true;false;false;false;false;false;false;;0;0;false;0;false;;;0
filippo.antonelli@example.org;true;false;false;false;false;false;false;false;;0;0;false;0;false;;;0
mauro.zanini@example.org;true;true;false;false;false;false;false;false;;0;0;false;0;false;;;0
beatrice.antonelli@example.org;true;true;false;false;false;false;false;false;;0;0;false;0;false;;;0
giorgio.denicola@example.org;true;true;false;false;false;false;false;false;;0;0;false;0;false;;;0
vincenzo.ariemma@example.org;true;true;false;false;false;false;false;false;;0;0;false;0;false;;;0
francesca.montanari@example.org;true;true;false;false;false;false;false;false;;0;0;false;0;false;;;0
roberta.rizzo@example.org;true;true;false;false;false;false;false;false;;0;0;false;0;false;;;0
elisa.lombardi@example.org;true;true;false;false;false;false;false;false;;0;0;false;0;false;;;0
sara.amato@example.org;true;true;false;false;false;false;false;false;;0;0;false;0;false;;;0
valeria.abbate@example.org;true;true;true;true;false;false;false;true;2025-10-17;3;2;true;3;true;38;0.6893;0
michela.benedetti@example.org;true;true;false;false;false;false;false;false;;0;0;false;0;false;;;0
maria.esposito@example.org;true;true;false;false;false;false;false;false;;0;0;false;0;false;;;0
federico.bonetti@example.org;true;true;false;false;false;false;false;false;;0;0;false;0;false;;;0
francesca.lombardi@example.org;true;true;false;false;false;false;false;false;;0;0;false;0;false;;;0
enrico.mariani@example.org;true;true;false;false;false;false;false;false;;0;0;false;0;false;;;0
francesco.fumagalli@example.org;true;true;true;true;false;false;false;false;;0;0;false;0;false;;;0
daniela.cardone@example.org;true;true;false;false;false;false;false;false;;0;0;false;0;false;;;0
giovanna.esposito@example.org;true;false;false;false;false;false;false;false;;0;0;false;0;false;;;0
raffaella.volpe@example.org;true;true;false;false;false;false;false;false;;0;0;false;0;false;;;0
pietro.fiore@example.org;true;true;false;false;false;false;false;false;;0;0;false;0;false;;;0
serena.silvestri@example.org;true;true;false;false;false;false;false;false;;0;0;false;0;false;;;0
barbara.santoro@example.org;true;true;false;false;false;false;false;false;;0;0;false;0;false;;;0
daniele.sorrentino@example.org;true;true;false;false;false;false;false;false;;0;0;false;0;false;;;0
francesca.zanetti@example.org;true;true;false;false;false;false;false;false;;0;0;false;0;false;;;0
riccardo.sanna@example.org;true;true;false;false;false;false;false;false;;0;0;false;0;false;;;0
nicola.castelli@example.org;true;true;false;false;false;false;false;false;;0;0;false;0;false;;;0
valeria.castelli@example.org;true;true;false;false;false;false;false;false;;0;0;false;0;false;;;0
sofia.messina@example.org;true;true;false;false;false;false;false;false;;0;0;false;0;false;;;0
valentina.caputo@example.org;true;true;false;false;false;false;false;false;;0;0;false;0;false;;;0
sabrina.perini@example.org;true;true;false;false;false;false;false;false;;0;0;false;0;false;;;0
anna.esposito@example.org;true;true;false;false;false;false;false;false;;0;0;false;0;false;;;0
federica.montanari@example.org;true;true;false;false;false;false;false;false;;0;0;false;0;false;;;0
gianluca.piras@example.org;true;true;false;false;false;false;false;false;;0;0;false;0;false;;;0
serena.morelli@example.org;true;true;false;false;false;false;false;false;;0;0;false;0;false;;;0
federica.bruni@example.org;true;true;false;false;false;false;false;false;;0;0;false;0;false;;;0
elena.bassi@example.org;true;true;true;false;false;false;false;true;2025-10-16;7;1;true;4;true;34;0.7054;1
federico.sartori@example.org;true;true;true;false;false;true;false;false;;0;0;false;0;true;49;0.5961;2
elisa.sala@example.org;true;true;false;false;false;false;false;false;;0;0;false;0;false;;;0
mauro.fiore@example.org;true;true;false;false;false;false;false;false;;0;0;false;0;false;;;0
giulia.zanetti@example.org;true;true;false;false;false;false;false;false;;0;0;false;0;false;;;0
gabriele.sala@example.org;true;true;false;false;false;false;false;false;;0;0;false;0;false;;;0
susanna.milani@example.org;true;true;false;false;false;false;false;false;;0;0;false;0;false;;;0
gianluca.sorrentino@example.org;true;true;false;false;false;false;false;false;;0;0;false;0;false;;;0
francesco.deluca@example.org;true;true;false;false;false;false;false;false;;0;0;false;0;false;;;0
simone.sorrentino@example.org;true;true;false;false;false;false;false;false;;0;0;false;0;false;;;0
enrico.conte@example.org;true;true;false;false;false;false;false;false;;0;0;false;0;false;;;0
elena.ruggiero@example.org;true;true;false;false;false;false;false;false;;0;0;false;0;false;;;0
claudio.antonelli@example.org;true;true;false;false;false;false;false;false;;0;0;false;0;false;;;0
giovanna.bruno@example.org;true;true;false;false;false;false;false;false;;0;0;false;0;false;;;0
maria.farina@example.org;true;true;false;false;false;false;false;false;;0;0;false;0;false;;;0
luigi.gatti@example.org;true;true;false;false;false;false;false;false;;0;0;false;0;false;;;0
lucia.colombo@example.org;true;true;true;false;false;false;false;true;2025-10-16;3;0;false;0;true;44;0.6615;0
irene.farina@example.org;true;true;false;false;false;false;false;false;;0;0;false;0;false;;;0
irene.romano@example.org;true;true;false;false;false;false;false;false;;0;0;false;0;false;;;0
federica.sala@example.org;true;true;false;false;false;false;false;false;;0;0;false;0;false;;;0
elisa.melchiorre@example.org;true;true;false;false;false;false;false;false;;0;0;false;0;false;;;0
jacopo.pisani@example.org;true;true;false;false;false;false;false;false;;0;0;false;0;false;;;0
francesca.bruno@example.org;true;true;false;false;false;false;false;false;;0;0;false;0;false;;;0
daniele.borghi@example.org;true;true;false;false;false;false;false;false;;0;0;false;0;false;;;0
roberto.pellegrini@example.org;true;true;false;false;false;false;false;false;;0;0;false;0;false;;;0
teresa.fiore@example.org;true;true;false;false;false;false;false;false;;0;0;false;0;false;;;0
anna.cardone@example.org;true;true;false;false;false;false;false;false;;0;0;false;0;false;;;0
giorgia.sorrentino@example.org;true;true;false;false;false;false;false;false;;0;0;false;0;false;;;0
enrico.rizzo@example.org;true;true;false;false;false;false;false;false;;0;0;false;0;false;;;0
gianluca.testa@example.org;true;true;false;false;false;false;false;false;;0;0;false;0;false;;;0
ludovica.marini@example.org;true;false;false;false;false;false;false;false;;0;0;false;0;false;;;0
laura.pisani@example.org;true;true;true;false;false;false;false;true;2025-10-16;5;1;true;0;false;;;0
lorenzo.zanini@example.org;true;true;false;false;false;false;false;false;;0;0;false;0;false;;;0
martina.morelli@example.org;true;true;true;false;false;false;false;false;;0;0;false;0;false;;;0
chiara.manfredi@example.org;true;true;false;false;false;false;false;false;;0;0;false;0;false;;;0
ludovica.ferretti@example.org;true;true;false;false;false;false;false;false;;0;0;false;0;false;;;0
teresa.negri@example.org;true;true;false;false;false;false;false;false;;0;0;false;0;false;;;0
serena.amato@example.org;true;true;false;false;false;false;false;false;;0;0;false;0;false;;;0
viola.castelli@example.org;true;true;true;false;false;false;false;true;2025-10-15;4;0;false;0;true;46;0.6422;2
beatrice.melchiorre@example.org;true;true;false;false;false;false;false;false;;0;0;false;0;false;;;0
federico.moretti@example.org;true;true;true;true;false;false;false;false;;0;0;false;0;false;;;0
roberta.mancini@example.org;true;true;false;false;false;false;false;false;;0;0;false;0;false;;;0
anna.ricci@example.org;true;true;true;false;false;false;false;true;2025-10-17;2;1;false;0;false;;;0
giuseppe.bianchi@example.org;true;true;false;false;false;false;false;false;;0;0;false;0;false;;;0
jacopo.lombardi@example.org;true;true;true;false;false;false;false;false;;0;0;false;0;false;;;0
valentina.ferretti@example.org;true;true;false;false;false;false;false;false;;0;0;false;0;false;;;0
chiara.giordano@example.org;true;true;true;false;false;true;true;false;;0;0;false;0;false;;;0
andrea.bonetti@example.org;true;true;false;false;false;false;false;false;;0;0;false;0;false;;;0
luca.antonelli@example.org;true;true;true;false;false;false;false;false;;0;0;false;0;true;59;0.7877;1
mauro.bassi@example.org;true;true;false;false;false;false;false;false;;0;0;false;0;false;;;0
luca.cavallo@example.org;true;true;false;false;false;false;false;false;;0;0;false;0;false;;;0
serena.monaco@example.org;true;true;false;false;false;false;false;false;;0;0;false;0;false;;;0
giulia.silvestri@example.org;true;true;false;false;false;false;false;false;;0;0;false;0;false;;;0
paolo.gallo@example.org;true;true;true;false;false;false;false;false;;0;0;false;0;false;;;0
paolo.gatti@example.org;true;true;true;false;false;false;false;true;2025-10-15;6;1;true;1;true;55;0.6720;0
elisa.bruno@example.org;true;true;false;false;false;false;false;false;;0;0;false;0;false;;;0
samuele.denicola@example.org;true;true;false;false;false;false;false;false;;0;0;false;0;false;;;0
elena.denicola@example.org;true;true;true;true;false;false;false;false;;0;0;false;0;false;;;0
filippo.pellegrini@example.org;true;true;false;false;false;false;false;false;;0;0;false;0;false;;;0
lucia.cardone@example.org;true;true;true;false;false;false;false;false;;0;0;false;0;false;;;0
paolo.corsi@example.org;true;true;true;false;false;false;false;false;;0;0;false;0;false;;;0
teresa.damico@example.org;true;true;false;false;false;false;false;false;;0;0;false;0;false;;;0
tommaso.costa@example.org;true;true;false;false;false;false;false;false;;0;0;false;0;false;;;0
giuseppe.fumagalli@example.org;true;true;true;false;false;false;false;false;;0;0;false;0;true;53;0.6460;2
rosanna.sala@example.org;true;true;false;false;false;false;false;false;;0;0;false;0;false;;;0
barbara.lorenzi@example.org;true;true;false;false;false;false;false;false;;0;0;false;0;false;;;0
rosanna.caruso@example.org;true;true;true;false;false;false;false;false;;0;0;false;0;false;;;0
andrea.romano@example.org;true;true;false;false;false;false;false;false;;0;0;false;0;false;;;0
federica.neri@example.org;true;true;false;false;false;false;false;false;;0;0;false;0;false;;;0
monica.mariani@example.org;true;true;false;false;false;false;false;false;;0;0;false;0;false;;;0
marta.palmieri@example.org;true;true;false;false;false;false;false;false;;0;0;false;0;false;;;0
filippo.mancini@example.org;true;true;false;false;false;false;false;false;;0;0;false;0;false;;;0
jacopo.barbieri@example.org;true;true;false;false;false;false;false;false;;0;0;false;0;false;;;0
simone.rizzo@example.org;true;true;false;false;false;false;false;false;;0;0;false;0;false;;;0
carlo.ferrara@example.org;true;true;true;true;false;true;false;false;;0;0;false;0;false;;;0
gianluca.leone@example.org;true;true;true;false;false;false;false;false;;0;0;false;0;false;;;0
gabriele.franco@example.org;true;true;false;false;false;false;false;false;;0;0;false;0;false;;;0
elena.benedetti@example.org;true;true;false;false;false;false;false;false;;0;0;false;0;false;;;0
viola.fontana@example.org;true;true;true;false;false;false;false;false;;0;0;false;0;false;;;0
irene.barbieri@example.org;true;true;false;false;false;false;false;false;;0;0;false;0;false;;;0
valeria.montanari@example.org;true;true;false;false;false;false;false;false;;0;0;false;0;false;;;0
viola.testa@example.org;true;true;false;false;false;false;false;false;;0;0;false;0;false;;;0
anna.vitale@example.org;true;true;false;false;false;false;false;false;;0;0;false;0;false;;;0
gianluca.riva@example.org;true;true;false;false;false;false;false;false;;0;0;false;0;false;;;0
filippo.gatti@example.org;true;true;true;false;false;false;false;false;;0;0;false;0;false;;;0
marco.balestra@example.org;true;true;true;false;false;false;false;false;;0;0;false;0;true;59;0.7531;2
federico.montanari@example.org;true;true;true;false;false;false;false;false;;0;0;false;0;false;;;0
ilaria.martelli@example.org;true;true;false;false;false;false;false;false;;0;0;false;0;false;;;0
laura.balestra@example.org;true;true;false;false;false;false;false;false;;0;0;false;0;false;;;0
irene.marini@example.org;true;true;false;false;false;false;false;false;;0;0;false;0;false;;;0
cristina.martini@example.org;true;true;false;false;false;false;false;false;;0;0;false;0;false;;;0
manuela.leone@example.org;true;true;false;false;false;false;false;false;;0;0;false;0;false;;;0
anna.montanari@example.org;true;true;false;false;false;false;false;false;;0;0;false;0;false;;;0
luca.pellegrini@example.org;true;true;false;false;false;false;false;false;;0;0;false;0;false;;;0
samuele.negri@example.org;true;true;true;false;false;false;false;false;;0;0;false;0;false;;;0
sofia.gatti@example.org;true;true;false;false;false;false;false;false;;0;0;false;0;false;;;0
sara.parisi@example.org;true;true;false;false;false;false;false;false;;0;0;false;0;false;;;0
giorgia.innocenti@example.org;true;true;false;false;false;false;false;false;;0;0;false;0;false;;;0
valeria.volpe@example.org;true;true;false;false;false;false;false;false;;0;0;false;0;false;;;0
luca.vitale@example.org;true;true;false;false;false;false;false;false;;0;0;false;0;false;;;0
matteo.lombardi@example.org;true;true;false;false;false;false;false;false;;0;0;false;0;false;;;0
ludovica.sala@example.org;true;true;true;false;false;false;false;true;2025-10-16;1;0;false;0;true;41;0.6728;2
michela.martini@example.org;true;true;true;false;false;false;false;false;;0;0;false;0;false;;;0
beatrice.denicola@example.org;true;true;false;false;false;false;false;false;;0;0;false;0;false;;;0
ilaria.fiore@example.org;true;true;true;false;false;false;false;false;;0;0;false;0;false;;;0
lucia.denicola@example.org;true;true;false;false;false;false;false;false;;0;0;false;0;false;;;0
ludovica.bianco@example.org;true;true;false;false;false;false;false;false;;0;0;false;0;false;;;0
viola.toscano@example.org;true;true;false;false;false;false;false;false;;0;0;false;0;false;;;0
ludovica.caputo@example.org;true;true;false;false;false;false;false;false;;0;0;false;0;false;;;0
simone.giuliani@example.org;true;true;false;false;false;false;false;false;;0;0;false;0;false;;;0
samuele.bianco@example.org;true;true;false;false;false;false;false;false;;0;0;false;0;false;;;0
jacopo.bacci@example.org;true;true;false;false;false;false;false;false;;0;0;false;0;false;;;0
giovanni.neri@example.org;true;true;true;false;false;false;false;false;;0;0;false;0;false;;;0
beatrice.costa@example.org;true;true;false;false;false;false;false;false;;0;0;false;0;false;;;0
emanuele.ferrari@example.org;true;true;false;false;false;false;false;false;;0;0;false;0;false;;;0
anna.guerra@example.org;true;false;false;false;false;false;false;false;;0;0;false;0;false;;;0
vittorio.pesce@example.org;true;true;true;false;false;false;false;true;2025-10-17;4;1;true;2;false;;;0
paola.toscano@example.org;true;true;false;false;false;false;false;false;;0;0;false;0;false;;;0
ludovica.castelli@example.org;true;true;false;false;false;false;false;false;;0;0;false;0;false;;;0
marco.lorenzi@example.org;true;true;false;false;false;false;false;false;;0;0;false;0;false;;;0
beatrice.fiore@example.org;true;true;false;false;false;false;false;false;;0;0;false;0;false;;;0
daniele.milani@example.org;true;true;false;false;false;false;false;false;;0;0;false;0;false;;;0
marta.gentile@example.org;true;true;false;false;false;false;false;false;;0;0;false;0;false;;;0
cristina.santoro@example.org;true;true;true;false;false;false;false;false;;0;0;false;0;false;;;0
giorgio.pisani@example.org;true;true;false;false;false;false;false;false;;0;0;false;0;false;;;0
daniele.zanetti@example.org;true;true;false;false;false;false;false;false;;0;0;false;0;false;;;0
elisa.benedetti@example.org;true;true;false;false;false;false;false;false;;0;0;false;0;false;;;0
beatrice.salerno@example.org;true;true;false;false;false;false;false;false;;0;0;false;0;false;;;0
jacopo.castelli@example.org;true;true;false;false;false;false;false;false;;0;0;false;0;false;;;0
martina.parisi@example.org;true;true;false;false;false;false;false;false;;0;0;false;0;false;;;0
lucia.esposito@example.org;true;true;false;false;false;false;false;false;;0;0;false;0;false;;;0
claudia.galli@example.org;true;true;true;false;false;false;false;false;;0;0;false;0;false;;;0
federica.grassi@example.org;true;true;false;false;false;false;false;false;;0;0;false;0;false;;;0
luigi.fabbri@example.org;true;true;false;false;false;false;false;false;;0;0;false;0;false;;;0
ludovica.damico@example.org;true;true;false;false;false;false;false;false;;0;0;false;0;false;;;0
margherita.pisani@example.org;true;true;false;false;false;false;false;false;;0;0;false;0;false;;;0
sara.moretti@example.org;true;true;false;false;false;false;false;false;;0;0;false;0;false;;;0
paola.melchiorre@example.org;true;true;false;false;false;false;false;false;;0;0;false;0;false;;;0
sabrina.mariani@example.org;true;true;false;false;false;false;false;false;;0;0;false;0;false;;;0
nicola.mancini@example.org;true;true;false;false;false;false;false;false;;0;0;false;0;false;;;0
giorgio.sala@example.org;true;true;false;false;false;false;false;false;;0;0;false;0;false;;;0
valeria.orlando@example.org;true;true;false;false;false;false;false;false;;0;0;false;0;false;;;0
serena.santoro@example.org;true;true;true;true;false;false;false;false;;0;0;false;0;false;;;0
alessandro.innocenti@example.org;true;true;false;false;false;false;false;false;;0;0;false;0;false;;;0
ludovica.fontana@example.org;true;true;true;false;false;false;false;false;;0;0;false;0;false;;;0
claudia.martelli@example.org;true;true;false;false;false;false;false;false;;0;0;false;0;false;;;0
giorgia.milani@example.org;true;true;true;false;false;false;false;true;2025-10-15;2;2;false;0;true;59;0.6927;0
maria.conte@example.org;true;true;false;false;false;false;false;false;;0;0;false;0;false;;;0
andrea.cavallo@example.org;true;true;false;false;false;false;false;false;;0;0;false;0;false;;;0
gianluca.parisi@example.org;true;true;false;false;false;false;false;false;;0;0;false;0;false;;;0
tommaso.negri@example.org;true;true;false;false;false;false;false;false;;0;0;false;0;false;;;0
matteo.conte@example.org;true;true;false;false;false;false;false;false;;0;0;false;0;false;;;0
filippo.carbone@example.org;true;true;false;false;false;false;false;false;;0;0;false;0;false;;;0
susanna.franco@example.org;true;true;true;false;false;false;false;false;;0;0;false;0;false;;;0
marta.cattaneo@example.org;true;true;false;false;false;false;false;false;;0;0;false;0;false;;;0
giulio.fumagalli@example.org;true;true;false;false;false;false;false;false;;0;0;false;0;false;;;0
stefano.bellini@example.org;true;true;true;false;false;true;true;false;;0;0;false;0;false;;;0
nicola.grassi@example.org;true;true;true;false;false;false;false;false;;0;0;false;0;false;;;0
claudia.orlando@example.org;true;true;false;false;false;false;false;false;;0;0;false;0;false;;;0
michela.bonetti@example.org;true;true;false;false;false;false;false;false;;0;0;false;0;false;;;0
davide.giuliani@example.org;true;true;false;false;false;false;false;false;;0;0;false;0;false;;;0
raffaella.testa@example.org;true;true;true;false;false;false;false;false;;0;0;false;0;false;;;0
jacopo.marini@example.org;true;true;false;false;false;false;false;false;;0;0;false;0;false;;;0
federico.neri@example.org;true;true;false;false;false;false;false;false;;0;0;false;0;false;;;0
sabrina.melchiorre@example.org;true;true;false;false;false;false;false;false;;0;0;false;0;false;;;0
luigi.orlando@example.org;true;true;true;false;false;false;false;false;;0;0;false;0;false;;;0
daniela.innocenti@example.org;true;true;false;false;false;false;false;false;;0;0;false;0;false;;;0
teresa.toscano@example.org;true;true;false;false;false;false;false;false;;0;0;false;0;false;;;0
antonio.pesce@example.org;true;true;true;false;false;true;true;true;2025-10-16;3;3;false;0;false;;;0
giulia.pagano@example.org;true;true;true;false;false;false;false;false;;0;0;false;0;false;;;0
laura.pesce@example.org;true;true;false;false;false;false;false;false;;0;0;false;0;false;;;0
cristina.fontana@example.org;true;true;false;false;false;false;false;false;;0;0;false;0;false;;;0
claudia.nardi@example.org;true;true;false;false;false;false;false;false;;0;0;false;0;false;;;0
matteo.silvestri@example.org;true;true;false;false;false;false;false;false;;0;0;false;0;false;;;0
laura.farina@example.org;true;true;false;false;false;false;false;false;;0;0;false;0;false;;;0
mauro.desantis@example.org;true;true;false;false;false;false;false;false;;0;0;false;0;false;;;0
mauro.pagano@example.org;true;true;false;false;false;false;false;false;;0;0;false;0;false;;;0
claudia.manfredi@example.org;true;true;false;false;false;false;false;false;;0;0;false;0;false;;;0
martina.messina@example.org;true;true;false;false;false;false;false;false;;0;0;false;0;false;;;0
stefano.bruno@example.org;true;false;false;false;false;false;false;false;;0;0;false;0;false;;;0
sabrina.bonetti@example.org;true;true;false;false;false;false;false;false;;0;0;false;0;false;;;0
rosanna.castelli@example.org;true;true;false;false;false;false;false;false;;0;0;false;0;false;;;0
michela.santoro@example.org;true;true;false;false;false;false;false;false;;0;0;false;0;false;;;0
anna.iacobelli@example.org;true;true;false;false;false;false;false;false;;0;0;false;0;false;;;0
gianluca.longo@example.org;true;true;true;true;false;false;false;false;;0;0;false;0;false;;;0
roberta.cerri@example.org;true;true;false;false;false;false;false;false;;0;0;false;0;false;;;0
simone.caputo@example.org;true;true;false;false;false;false;false;false;;0;0;false;0;false;;;0
ilaria.amato@example.org;true;true;false;false;false;false;false;false;;0;0;false;0;false;;;0
sabrina.messina@example.org;true;true;false;false;false;false;false;false;;0;0;false;0;false;;;0
simone.cerri@example.org;true;true;false;false;false;false;false;false;;0;0;false;0;false;;;0
luigi.bonetti@example.org;true;true;true;false;false;false;false;false;;0;0;false;0;false;;;0
giorgia.bellini@example.org;true;true;false;false;false;false;false;false;;0;0;false;0;false;;;0
giorgia.greco@example.org;true;true;false;false;false;false;false;false;;0;0;false;0;false;;;0
vincenzo.sorrentino@example.org;true;true;false;false;false;false;false;false;;0;0;false;0;false;;;0
vittorio.castelli@example.org;true;true;false;false;false;false;false;false;;0;0;false;0;false;;;0
silvia.ricci@example.org;true;true;false;false;false;false;false;false;;0;0;false;0;false;;;0
caterina.fiore@example.org;true;true;false;false;false;false;false;false;;0;0;false;0;false;;;0
michela.ariemma@example.org;true;true;true;true;false;false;false;false;;0;0;false;0;false;;;0
marta.desantis@example.org;true;true;false;false;false;false;false;false;;0;0;false;0;false;;;0
caterina.agostini@example.org;true;true;false;false;false;false;false;false;;0;0;false;0;false;;;0
andrea.rizzo@example.org;true;true;false;false;false;false;false;false;;0;0;false;0;false;;;0
martina.bruno@example.org;true;true;false;false;false;false;false;false;;0;0;false;0;false;;;0
carlo.fontana@example.org;true;true;false;false;false;false;false;false;;0;0;false;0;false;;;0
ilaria.sala@example.org;true;true;false;false;false;false;false;false;;0;0;false;0;false;;;0
giorgio.iacobelli@example.org;true;true;false;false;false;false;false;false;;0;0;false;0;false;;;0
francesca.zanini@example.org;true;true;false;false;false;false;false;false;;0;0;false;0;false;;;0
jacopo.ricci@example.org;true;true;false;false;false;false;false;false;;0;0;false;0;false;;;0
angela.mancini@example.org;true;true;false;false;false;false;false;false;;0;0;false;0;false;;;0
valeria.marchetti@example.org;true;true;false;false;false;false;false;false;;0;0;false;0;false;;;0
raffaella.riva@example.org;true;true;false;false;false;false;false;false;;0;0;false;0;false;;;0
teresa.rossi@example.org;true;true;false;false;false;false;false;false;;0;0;false;0;false;;;0
massimo.denicola@example.org;true;true;true;true;false;false;false;false;;0;0;false;0;false;;;0
caterina.iacobelli@example.org;true;true;true;false;false;false;false;false;;0;0;false;0;false;;;0
daniele.iacobelli@example.org;true;true;false;false;false;false;false;false;;0;0;false;0;false;;;0
giovanni.gentile@example.org;true;true;false;false;false;false;false;false;;0;0;false;0;false;;;0
giorgia.nardi@example.org;true;true;false;false;false;false;false;false;;0;0;false;0;false;;;0
giovanni.manfredi@example.org;true;true;false;false;false;false;false;false;;0;0;false;0;false;;;0
giovanni.fontana@example.org;true;true;false;false;false;false;false;false;;0;0;false;0;false;;;0
anna.borghi@example.org;true;true;true;false;false;false;false;true;2025-10-16;3;1;false;0;true;36;0.7098;1
chiara.cattaneo@example.org;true;true;false;false;false;false;false;false;;0;0;false;0;false;;;0
marta.melchiorre@example.org;true;true;false;false;false;false;false;false;;0;0;false;0;false;;;0
elisa.gallo@example.org;true;true;false;false;false;false;false;false;;0;0;false;0;false;;;0
luigi.franco@example.org;true;true;false;false;false;false;false;false;;0;0;false;0;false;;;0
carlo.mancini@example.org;true;true;false;false;false;false;false;false;;0;0;false;0;false;;;0
giovanna.martini@example.org;true;true;false;false;false;false;false;false;;0;0;false;0;false;;;0
raffaella.parisi@example.org;true;true;false;false;false;false;false;false;;0;0;false;0;false;;;0
teresa.perini@example.org;true;true;false;false;false;false;false;false;;0;0;false;0;false;;;0
marta.innocenti@example.org;true;true;false;false;false;false;false;false;;0;0;false;0;false;;;0
federico.bellini@example.org;true;true;false;false;false;false;false;false;;0;0;false;0;false;;;0
viola.cirillo@example.org;true;true;true;false;false;true;false;false;;0;0;false;0;true;51;0.7188;0
marco.greco@example.org;true;true;false;false;false;false;false;false;;0;0;false;0;false;;;0
martina.antonelli@example.org;true;true;true;false;false;false;false;true;2025-10-17;5;1;true;1;false;;;0
lorenzo.colombo@example.org;true;true;true;true;false;true;true;false;;0;0;false;0;false;;;0
davide.vitale@example.org;true;true;false;false;false;false;false;false;;0;0;false;0;false;;;0
giacomo.damico@example.org;true;false;false;false;false;false;false;false;;0;0;false;0;false;;;0
anna.ferretti@example.org;true;true;true;true;false;false;false;false;;0;0;false;0;false;;;0
chiara.cavallo@example.org;true;true;true;true;false;true;false;false;;0;0;false;0;false;;;0
lorenzo.fontana@example.org;true;true;true;false;false;false;false;false;;0;0;false;0;false;;;0
francesca.cirillo@example.org;true;true;false;false;false;false;false;false;;0;0;false;0;false;;;0
roberta.russo@example.org;true;true;false;false;false;false;false;false;;0;0;false;0;false;;;0
lucia.ariemma@example.org;true;true;false;false;false;false;false;false;;0;0;false;0;false;;;0
lorenzo.barbieri@example.org;true;true;false;false;false;false;false;false;;0;0;false;0;false;;;0
giorgia.melchiorre@example.org;true;true;false;false;false;false;false;false;;0;0;false;0;false;;;0
luigi.leone@example.org;true;true;false;false;false;false;false;false;;0;0;false;0;false;;;0
rosanna.borghi@example.org;true;true;true;false;false;false;false;false;;0;0;false;0;true;57;0.7428;1
barbara.farina@example.org;true;true;false;false;false;false;false;false;;0;0;false;0;false;;;0
giovanni.bruni@example.org;true;true;false;false;false;false;false;false;;0;0;false;0;false;;;0
daniela.bernardi@example.org;true;true;false;false;false;false;false;false;;0;0;false;0;false;;;0
filippo.bruno@example.org;true;true;false;false;false;false;false;false;;0;0;false;0;false;;;0
barbara.cardone@example.org;true;true;false;false;false;false;false;false;;0;0;false;0;false;;;0
claudio.moretti@example.org;true;true;false;false;false;false;false;false;;0;0;false;0;false;;;0
vincenzo.marchetti@example.org;true;true;false;false;false;false;false;false;;0;0;false;0;false;;;0
sabrina.lorenzi@example.org;true;true;false;false;false;false;false;false;;0;0;false;0;false;;;0
jacopo.costa@example.org;true;true;false;false;false;false;false;false;;0;0;false;0;false;;;0
paola.conte@example.org;true;true;false;false;false;false;false;false;;0;0;false;0;false;;;0
michela.grassi@example.org;true;true;false;false;false;false;false;false;;0;0;false;0;false;;;0
marta.costa@example.org;true;true;false;false;false;false;false;false;;0;0;false;0;false;;;0
maria.negri@example.org;true;true;true;false;false;false;false;false;;0;0;false;0;false;;;0
ilaria.fumagalli@example.org;true;true;false;false;false;false;false;false;;0;0;false;0;false;;;0
valeria.bruni@example.org;true;true;true;false;false;false;false;false;;0;0;false;0;false;;;0
serena.benedetti@example.org;true;true;false;false;false;false;false;false;;0;0;false;0;false;;;0
valeria.valente@example.org;true;true;false;false;false;false;false;false;;0;0;false;0;false;;;0
margherita.fabbri@example.org;true;true;false;false;false;false;false;false;;0;0;false;0;false;;;0
pietro.gatti@example.org;true;true;true;false;false;false;false;false;;0;0;false;0;false;;;0
gabriele.salerno@example.org;true;true;false;false;false;false;false;false;;0;0;false;0;false;;;0
marco.carbone@example.org;true;true;false;false;false;false;false;false;;0;0;false;0;false;;;0
beatrice.bianco@example.org;true;true;false;false;false;false;false;false;;0;0;false;0;false;;;0
ilaria.volpe@example.org;true;true;false;false;false;false;false;false;;0;0;false;0;false;;;0
vincenzo.damico@example.org;true;true;false;false;false;false;false;false;;0;0;false;0;false;;;0
viola.landi@example.org;true;true;true;false;false;true;false;false;;0;0;false;0;false;;;0
massimo.bruni@example.org;true;true;false;false;false;false;false;false;;0;0;false;0;false;;;0
emanuele.sartori@example.org;true;true;false;false;false;false;false;false;;0;0;false;0;false;;;0
luca.morelli@example.org;true;true;false;false;false;false;false;false;;0;0;false;0;false;;;0
viola.ferrari@example.org;true;true;false;false;false;false;false;false;;0;0;false;0;false;;;0
mauro.pesce@example.org;true;true;false;false;false;false;false;false;;0;0;false;0;false;;;0
barbara.marini@example.org;true;true;false;false;false;false;false;false;;0;0;false;0;false;;;0
laura.grassi@example.org;true;true;true;false;false;false;false;false;;0;0;false;0;false;;;0
carlo.landi@example.org;true;true;true;false;false;true;true;false;;0;0;false;0;false;;;0
emanuele.martini@example.org;true;true;false;false;false;false;false;false;;0;0;false;0;false;;;0
massimo.fabbri@example.org;true;true;false;false;false;false;false;false;;0;0;false;0;false;;;0
daniele.balestra@example.org;true;true;false;false;false;false;false;false;;0;0;false;0;false;;;0
silvia.silvestri@example.org;true;true;false;false;false;false;false;false;;0;0;false;0;false;;;0
giuseppe.lombardi@example.org;true;true;false;false;false;false;false;false;;0;0;false;0;false;;;0
roberto.mariani@example.org;true;true;false;false;false;false;false;false;;0;0;false;0;false;;;0
simone.neri@example.org;true;true;false;false;false;false;false;false;;0;0;false;0;false;;;0
giovanna.fumagalli@example.org;true;true;false;false;false;false;false;false;;0;0;false;0;false;;;0
alessandro.guerra@example.org;true;true;false;false;false;false;false;false;;0;0;false;0;false;;;0
lucia.carbone@example.org;true;true;false;false;false;false;false;false;;0;0;false;0;false;;;0
giovanni.colombo@example.org;true;true;true;true;false;false;false;true;2025-10-15;7;1;true;0;true;57;0.6375;2
viola.pesce@example.org;true;true;false;false;false;false;false;false;;0;0;false;0;false;;;0
beatrice.guerra@example.org;true;true;false;false;false;false;false;false;;0;0;false;0;false;;;0
susanna.ferrara@example.org;true;true;false;false;false;false;false;false;;0;0;false;0;false;;;0
riccardo.ariemma@example.org;true;true;false;false;false;false;false;false;;0;0;false;0;false;;;0
giacomo.pagano@example.org;true;true;false;false;false;false;false;false;;0;0;false;0;false;;;0
claudia.amato@example.org;true;true;false;false;false;false;false;false;;0;0;false;0;false;;;0
luca.zanini@example.org;true;true;false;false;false;false;false;false;;0;0;false;0;false;;;0
cristina.esposito@example.org;true;true;false;false;false;false;false;false;;0;0;false;0;false;;;0
silvia.giordano@example.org;true;true;false;false;false;false;false;false;;0;0;false;0;false;;;0
elena.rossi@example.org;true;true;false;false;false;false;false;false;;0;0;false;0;false;;;0
claudio.cavallo@example.org;true;true;false;false;false;false;false;false;;0;0;false;0;false;;;0
antonio.longo@example.org;true;true;false;false;false;false;false;false;;0;0;false;0;false;;;0
carlo.agostini@example.org;true;true;false;false;false;false;false;false;;0;0;false;0;false;;;0
caterina.manfredi@example.org;true;true;false;false;false;false;false;false;;0;0;false;0;false;;;0
elisa.fumagalli@example.org;true;true;false;false;false;false;false;false;;0;0;false;0;false;;;0
maria.benedetti@example.org;true;true;true;false;false;false;false;false;;0;0;false;0;false;;;0
enrico.cattaneo@example.org;true;true;false;false;false;false;false;false;;0;0;false;0;false;;;0
cristina.sala@example.org;true;true;false;false;false;false;false;false;;0;0;false;0;false;;;0
rosanna.fontana@example.org;true;true;false;false;false;false;false;false;;0;0;false;0;false;;;0
ludovica.gatti@example.org;true;true;false;false;false;false;false;false;;0;0;false;0;false;;;0
angela.ariemma@example.org;true;true;false;false;false;false;false;false;;0;0;false;0;false;;;0
michela.toscano@example.org;true;true;false;false;false;false;false;false;;0;0;false;0;false;;;0
gianluca.barbieri@example.org;true;true;false;false;false;false;false;false;;0;0;false;0;false;;;0
jacopo.bellini@example.org;true;true;true;false;false;false;false;true;2025-10-16;2;2;false;0;false;;;0
simone.gatti@example.org;true;true;false;false;false;false;false;false;;0;0;false;0;false;;;0
valeria.vitale@example.org;true;true;true;false;false;false;false;true;2025-10-15;3;0;false;0;true;53;0.7021;0
ilaria.grassi@example.org;true;true;false;false;false;false;false;false;;0;0;false;0;false;;;0
francesca.monaco@example.org;true;true;false;false;false;false;false;false;;0;0;false;0;false;;;0
caterina.giuliani@example.org;true;true;false;false;false;false;false;false;;0;0;false;0;false;;;0
vittorio.rossi@example.org;true;true;false;false;false;false;false;false;;0;0;false;0;false;;;0
daniela.orlando@example.org;true;true;true;true;false;false;false;false;;0;0;false;0;false;;;0
elena.cardone@example.org;true;true;false;false;false;false;false;false;;0;0;false;0;false;;;0
filippo.grassi@example.org;true;true;true;false;false;false;false;false;;0;0;false;0;false;;;0
manuela.rizzo@example.org;true;true;false;false;false;false;false;false;;0;0;false;0;false;;;0
margherita.sorrentino@example.org;true;true;false;false;false;false;false;false;;0;0;false;0;false;;;0
roberto.ruggiero@example.org;true;true;false;false;false;false;false;false;;0;0;false;0;false;;;0
ilaria.denicola@example.org;true;true;false;false;false;false;false;false;;0;0;false;0;false;;;0
giovanni.moretti@example.org;true;true;false;false;false;false;false;false;;0;0;false;0;false;;;0
paola.deluca@example.org;true;true;true;false;false;false;false;false;;0;0;false;0;false;;;0
samuele.vitale@example.org;true;true;false;false;false;false;false;false;;0;0;false;0;false;;;0
matteo.santoro@example.org;true;true;false;false;false;false;false;false;;0;0;false;0;false;;;0
gianluca.bernardi@example.org;true;true;false;false;false;false;false;false;;0;0;false;0;false;;;0
martina.ferrari@example.org;true;true;true;false;false;false;false;false;;0;0;false;0;false;;;0
anna.pellegrini@example.org;true;true;false;false;false;false;false;false;;0;0;false;0;false;;;0
roberto.caruso@example.org;true;true;true;true;false;false;false;false;;0;0;false;0;false;;;0
barbara.volpe@example.org;true;true;false;false;false;false;false;false;;0;0;false;0;false;;;0
daniele.costa@example.org;true;true;false;false;false;false;false;false;;0;0;false;0;false;;;0
beatrice.russo@example.org;true;true;true;false;false;false;false;false;;0;0;false;0;false;;;0
anna.volpe@example.org;true;true;false;false;false;false;false;false;;0;0;false;0;false;;;0
michele.bacci@example.org;true;true;false;false;false;false;false;false;;0;0;false;0;false;;;0
nicola.desantis@example.org;true;true;false;false;false;false;false;false;;0;0;false;0;false;;;0
raffaella.ferretti@example.org;true;true;false;false;false;false;false;false;;0;0;false;0;false;;;0
giulio.manfredi@example.org;true;true;true;false;false;true;false;false;;0;0;false;0;false;;;0
paolo.ferrari@example.org;true;true;false;false;false;false;false;false;;0;0;false;0;false;;;0
simone.mazza@example.org;true;true;false;false;false;false;false;false;;0;0;false;0;false;;;0
angela.zanetti@example.org;true;true;false;false;false;false;false;false;;0;0;false;0;false;;;0
sofia.desantis@example.org;true;true;false;false;false;false;false;false;;0;0;false;0;false;;;0
roberta.martelli@example.org;true;true;false;false;false;false;false;false;;0;0;false;0;false;;;0
sabrina.zanini@example.org;true;true;false;false;false;false;false;false;;0;0;false;0;false;;;0
jacopo.carbone@example.org;true;true;false;false;false;false;false;false;;0;0;false;0;false;;;0
daniele.vitale@example.org;true;true;false;false;false;false;false;false;;0;0;false;0;false;;;0
sara.pesce@example.org;true;true;false;false;false;false;false;false;;0;0;false;0;false;;;0
giorgia.deluca@example.org;true;true;true;false;false;false;false;false;;0;0;false;0;false;;;0
federico.farina@example.org;true;true;false;false;false;false;false;false;;0;0;false;0;false;;;0
riccardo.martini@example.org;true;true;false;false;false;false;false;false;;0;0;false;0;false;;;0
caterina.riva@example.org;true;true;false;false;false;false;false;false;;0;0;false;0;false;;;0
andrea.galli@example.org;true;true;true;false;false;false;false;true;2025-10-16;5;0;true;2;true;59;0.7250;1
luca.manfredi@example.org;true;true;false;false;false;false;false;false;;0;0;false;0;false;;;0
laura.mazza@example.org;true;true;false;false;false;false;false;false;;0;0;false;0;false;;;0
simone.borghi@example.org;true;true;false;false;false;false;false;false;;0;0;false;0;false;;;0
susanna.montanari@example.org;true;true;false;false;false;false;false;false;;0;0;false;0;false;;;0
beatrice.bassi@example.org;true;true;false;false;false;false;false;false;;0;0;false;0;false;;;0
ilaria.piras@example.org;true;true;false;false;false;false;false;false;;0;0;false;0;false;;;0
giovanni.parisi@example.org;true;true;false;false;false;false;false;false;;0;0;false;0;false;;;0
tommaso.messina@example.org;true;true;false;false;false;false;false;false;;0;0;false;0;false;;;0
giorgio.pagano@example.org;true;true;false;false;false;false;false;false;;0;0;false;0;false;;;0
davide.rizzo@example.org;true;false;false;false;false;false;false;false;;0;0;false;0;false;;;0
caterina.marini@example.org;true;true;false;false;false;false;false;false;;0;0;false;0;false;;;0
daniela.corsi@example.org;true;true;false;false;false;false;false;false;;0;0;false;0;false;;;0
davide.amato@example.org;true;true;false;false;false;false;false;false;;0;0;false;0;false;;;0
samuele.giuliani@example.org;true;true;false;false;false;false;false;false;;0;0;false;0;false;;;0
daniele.colombo@example.org;true;true;true;false;false;false;false;false;;0;0;false;0;false;;;0
anna.orlando@example.org;true;true;false;false;false;false;false;false;;0;0;false;0;false;;;0
federica.fumagalli@example.org;true;true;false;false;false;false;false;false;;0;0;false;0;false;;;0
giacomo.guerra@example.org;true;true;true;false;false;false;false;false;;0;0;false;0;true;48;0.6080;0
giulio.barbieri@example.org;true;true;true;false;false;false;false;false;;0;0;false;0;false;;;0
giuseppe.poli@example.org;true;true;false;false;false;false;false;false;;0;0;false;0;false;;;0
riccardo.ferrari@example.org;true;true;false;false;false;false;false;false;;0;0;false;0;false;;;0
angela.castelli@example.org;true;true;true;true;false;false;false;false;;0;0;false;0;false;;;0
sabrina.zanetti@example.org;true;true;false;false;false;false;false;false;;0;0;false;0;false;;;0
cristina.morelli@example.org;true;true;false;false;false;false;false;false;;0;0;false;0;false;;;0
francesca.rossetti@example.org;true;true;false;false;false;false;false;false;;0;0;false;0;false;;;0
giulio.antonelli@example.org;true;true;false;false;false;false;false;false;;0;0;false;0;false;;;0
emanuele.silvestri@example.org;true;true;true;false;false;false;false;false;;0;0;false;0;false;;;0
giorgia.silvestri@example.org;true;true;false;false;false;false;false;false;;0;0;false;0;false;;;0
luigi.galli@example.org;true;true;false;false;false;false;false;false;;0;0;false;0;false;;;0
tommaso.pesce@example.org;true;true;false;false;false;false;false;false;;0;0;false;0;false;;;0
marco.landi@example.org;true;true;false;false;false;false;false;false;;0;0;false;0;false;;;0
silvia.monaco@example.org;true;true;false;false;false;false;false;false;;0;0;false;0;false;;;0
giulia.corsi@example.org;true;true;true;false;false;false;false;false;;0;0;false;0;false;;;0
marco.neri@example.org;true;true;false;false;false;false;false;false;;0;0;false;0;false;;;0
teresa.bruno@example.org;true;true;false;false;false;false;false;false;;0;0;false;0;false;;;0
roberta.landi@example.org;true;true;false;false;false;false;false;false;;0;0;false;0;false;;;0
raffaella.fontana@example.org;true;true;false;false;false;false;false;false;;0;0;false;0;false;;;0
mauro.bellini@example.org;true;true;false;false;false;false;false;false;;0;0;false;0;false;;;0
valeria.mariani@example.org;true;true;false;false;false;false;false;false;;0;0;false;0;false;;;0
gabriele.antonelli@example.org;true;true;false;false;false;false;false;false;;0;0;false;0;false;;;0
barbara.rossi@example.org;true;true;true;false;false;false;false;false;;0;0;false;0;false;;;0
tommaso.sartori@example.org;true;true;false;false;false;false;false;false;;0;0;false;0;false;;;0
sara.benedetti@example.org;true;true;false;false;false;false;false;false;;0;0;false;0;false;;;0
michele.rossetti@example.org;true;true;false;false;false;false;false;false;;0;0;false;0;false;;;0
federica.ferrara@example.org;true;true;false;false;false;false;false;false;;0;0;false;0;false;;;0
filippo.balestra@example.org;true;true;false;false;false;false;false;false;;0;0;false;0;false;;;0
serena.greco@example.org;true;true;false;false;false;false;false;false;;0;0;false;0;false;;;0
giovanna.farina@example.org;true;true;true;true;false;false;false;false;;0;0;false;0;false;;;0
filippo.manfredi@example.org;true;true;false;false;false;false;false;false;;0;0;false;0;false;;;0
paola.giordano@example.org;true;true;false;false;false;false;false;false;;0;0;false;0;false;;;0
giulia.grassi@example.org;true;true;false;false;false;false;false;false;;0;0;false;0;false;;;0
vincenzo.pellegrini@example.org;true;true;false;false;false;false;false;false;;0;0;false;0;false;;;0
claudia.rossi@example.org;true;true;false;false;false;false;false;false;;0;0;false;0;false;;;0
manuela.ferrara@example.org;true;true;true;true;false;false;false;false;;0;0;false;0;false;;;0
laura.franco@example.org;true;true;false;false;false;false;false;false;;0;0;false;0;false;;;0
giorgio.leone@example.org;true;true;false;false;false;false;false;false;;0;0;false;0;false;;;0
jacopo.desantis@example.org;true;true;false;false;false;false;false;false;;0;0;false;0;false;;;0
jacopo.rossi@example.org;true;true;false;false;false;false;false;false;;0;0;false;0;false;;;0
manuela.manfredi@example.org;true;true;false;false;false;false;false;false;;0;0;false;0;false;;;0
massimo.lorenzi@example.org;true;true;false;false;false;false;false;false;;0;0;false;0;false;;;0
margherita.valente@example.org;true;true;false;false;false;false;false;false;;0;0;false;0;false;;;0
giovanni.bonetti@example.org;true;true;false;false;false;false;false;false;;0;0;false;0;false;;;0
serena.deluca@example.org;true;true;false;false;false;false;false;false;;0;0;false;0;false;;;0
susanna.fumagalli@example.org;true;true;false;false;false;false;false;false;;0;0;false;0;false;;;0
nicola.fumagalli@example.org;true;true;false;false;false;false;false;false;;0;0;false;0;false;;;0
francesco.palmieri@example.org;true;true;true;false;false;false;false;false;;0;0;false;0;false;;;0
davide.esposito@example.org;true;true;false;false;false;false;false;false;;0;0;false;0;false;;;0
giovanna.rossi@example.org;true;true;false;false;false;false;false;false;;0;0;false;0;false;;;0
claudio.silvestri@example.org;true;true;false;false;false;false;false;false;;0;0;false;0;false;;;0
simone.fontana@example.org;true;true;false;false;false;false;false;false;;0;0;false;0;false;;;0
laura.iacobelli@example.org;true;true;true;false;false;false;false;false;;0;0;false;0;false;;;0
claudio.melchiorre@example.org;true;true;false;false;false;false;false;false;;0;0;false;0;false;;;0
jacopo.perini@example.org;true;true;false;false;false;false;false;false;;0;0;false;0;false;;;0
riccardo.pagano@example.org;true;true;false;false;false;false;false;false;;0;0;false;0;false;;;0
sara.bruno@example.org;true;true;false;false;false;false;false;false;;0;0;false;0;false;;;0
alessandro.rizzo@example.org;true;true;false;false;false;false;false;false;;0;0;false;0;false;;;0
elena.iacobelli@example.org;true;true;true;false;false;false;false;false;;0;0;false;0;false;;;0
simone.morelli@example.org;true;true;false;false;false;false;false;false;;0;0;false;0;false;;;0
teresa.sala@example.org;true;true;false;false;false;false;false;false;;0;0;false;0;false;;;0
gianluca.manfredi@example.org;true;true;false;false;false;false;false;false;;0;0;false;0;false;;;0
riccardo.sala@example.org;true;true;false;false;false;false;false;false;;0;0;false;0;false;;;0
gabriele.testa@example.org;true;true;false;false;false;false;false;false;;0;0;false;0;false;;;0
mariangela.giordano@example.org;true;true;false;false;false;false;false;false;;0;0;false;0;false;;;0
michela.ferretti@example.org;true;true;false;false;false;false;false;false;;0;0;false;0;false;;;0
maria.bernardi@example.org;true;true;false;false;false;false;false;false;;0;0;false;0;false;;;0
davide.conte@example.org;true;true;false;false;false;false;false;false;;0;0;false;0;false;;;0
cristina.amato@example.org;true;true;false;false;false;false;false;false;;0;0;false;0;false;;;0
caterina.bacci@example.org;true;true;false;false;false;false;false;false;;0;0;false;0;false;;;0
francesco.fabbri@example.org;true;true;false;false;false;false;false;false;;0;0;false;0;false;;;0
riccardo.benedetti@example.org;true;true;false;false;false;false;false;false;;0;0;false;0;false;;;0
rosanna.barbieri@example.org;true;true;false;false;false;false;false;false;;0;0;false;0;false;;;0
roberto.rossi@example.org;true;true;false;false;false;false;false;false;;0;0;false;0;false;;;0
manuela.cirillo@example.org;true;true;false;false;false;false;false;false;;0;0;false;0;false;;;0
valeria.bianchi@example.org;true;true;true;false;false;true;true;false;;0;0;false;0;false;;;0
michele.guerra@example.org;true;true;false;false;false;false;false;false;;0;0;false;0;false;;;0
viola.monaco@example.org;true;true;false;false;false;false;false;false;;0;0;false;0;false;;;0
maria.giuliani@example.org;true;true;true;true;false;true;true;false;;0;0;false;0;false;;;0
chiara.riva@example.org;true;true;true;false;false;false;false;false;;0;0;false;0;false;;;0
emanuele.marchetti@example.org;true;true;false;false;false;false;false;false;;0;0;false;0;false;;;0
sofia.borghi@example.org;true;true;false;false;false;false;false;false;;0;0;false;0;false;;;0
roberto.balestra@example.org;true;true;false;false;false;false;false;false;;0;0;false;0;false;;;0
margherita.cavallo@example.org;true;true;false;false;false;false;false;false;;0;0;false;0;false;;;0
maria.ferrari@example.org;true;true;true;false;false;false;false;false;;0;0;false;0;false;;;0
irene.bellini@example.org;true;true;false;false;false;false;false;false;;0;0;false;0;false;;;0
giovanni.barbieri@example.org;true;true;false;false;false;false;false;false;;0;0;false;0;false;;;0
alessandro.milani@example.org;true;true;false;false;false;false;false;false;;0;0;false;0;false;;;0
giulia.giordano@example.org;true;true;false;false;false;false;false;false;;0;0;false;0;false;;;0
gianluca.caputo@example.org;true;true;true;true;false;false;false;true;2025-10-18;5;0;true;0;false;;;0
andrea.lombardi@example.org;true;true;true;false;false;true;true;false;;0;0;false;0;false;;;0
simone.corsi@example.org;true;true;true;false;false;false;false;false;;0;0;false;0;false;;;0
paolo.cavallo@example.org;true;true;true;true;false;false;false;true;2025-10-16;4;3;true;4;false;;;0
carlo.parisi@example.org;true;true;true;true;false;false;false;false;;0;0;false;0;false;;;0
federico.desantis@example.org;true;true;false;false;false;false;false;false;;0;0;false;0;false;;;0
giulia.ferretti@example.org;true;true;true;false;false;false;false;false;;0;0;false;0;false;;;0
barbara.milani@example.org;true;true;false;false;false;false;false;false;;0;0;false;0;false;;;0
chiara.bianchi@example.org;true;true;false;false;false;false;false;false;;0;0;false;0;false;;;0
vincenzo.innocenti@example.org;true;true;false;false;false;false;false;false;;0;0;false;0;false;;;0
anna.fontana@example.org;true;true;false;false;false;false;false;false;;0;0;false;0;false;;;0
antonio.bruno@example.org;true;true;false;false;false;false;false;false;;0;0;false;0;false;;;0
enrico.valente@example.org;true;true;false;false;false;false;false;false;;0;0;false;0;false;;;0
elena.landi@example.org;true;true;true;false;false;true;false;false;;0;0;false;0;false;;;0
luigi.ariemma@example.org;true;true;false;false;false;false;false;false;;0;0;false;0;false;;;0
stefano.caruso@example.org;true;true;false;false;false;false;false;false;;0;0;false;0;false;;;0
giovanni.bacci@example.org;true;true;false;false;false;false;false;false;;0;0;false;0;false;;;0
elisa.milani@example.org;true;true;false;false;false;false;false;false;;0;0;false;0;false;;;0
monica.fumagalli@example.org;true;true;false;false;false;false;false;false;;0;0;false;0;false;;;0
federica.marchetti@example.org;true;true;true;true;false;false;false;false;;0;0;false;0;false;;;0
davide.bianchi@example.org;true;true;false;false;false;false;false;false;;0;0;false;0;false;;;0
monica.amato@example.org;true;true;false;false;false;false;false;false;;0;0;false;0;false;;;0
luca.desantis@example.org;true;true;true;false;false;false;false;false;;0;0;false;0;false;;;0
tommaso.balestra@example.org;true;true;false;false;false;false;false;false;;0;0;false;0;false;;;0
marta.bianco@example.org;true;true;true;true;false;false;false;false;;0;0;false;0;false;;;0
nicola.perini@example.org;true;true;false;false;false;false;false;false;;0;0;false;0;false;;;0
chiara.testa@example.org;true;true;false;false;false;false;false;false;;0;0;false;0;false;;;0
lucia.bellini@example.org;true;true;false;false;false;false;false;false;;0;0;false;0;false;;;0
emanuele.fontana@example.org;true;true;false;false;false;false;false;false;;0;0;false;0;false;;;0
angela.antonelli@example.org;true;true;false;false;false;false;false;false;;0;0;false;0;false;;;0
tommaso.lorenzi@example.org;true;true;false;false;false;false;false;false;;0;0;false;0;false;;;0
simone.testa@example.org;true;true;false;false;false;false;false;false;;0;0;false;0;false;;;0
simone.ferrari@example.org;true;true;false;false;false;false;false;false;;0;0;false;0;false;;;0
pietro.deluca@example.org;true;true;false;false;false;false;false;false;;0;0;false;0;false;;;0
elena.grassi@example.org;true;false;false;false;false;false;false;false;;0;0;false;0;false;;;0
elena.messina@example.org;true;true;true;false;false;false;false;false;;0;0;false;0;false;;;0
sara.sala@example.org;true;false;false;false;false;false;false;false;;0;0;false;0;false;;;0
paola.morelli@example.org;true;true;false;false;false;false;false;false;;0;0;false;0;false;;;0
michele.piras@example.org;true;true;false;false;false;false;false;false;;0;0;false;0;false;;;0
pietro.lombardi@example.org;true;true;false;false;false;false;false;false;;0;0;false;0;false;;;0
mariangela.amato@example.org;true;true;false;false;false;false;false;false;;0;0;false;0;false;;;0
roberto.agostini@example.org;true;true;false;false;false;false;false;false;;0;0;false;0;false;;;0
angela.landi@example.org;true;true;false;false;false;false;false;false;;0;0;false;0;false;;;0
giovanni.pesce@example.org;true;true;false;false;false;false;false;false;;0;0;false;0;false;;;0
laura.conte@example.org;true;true;false;false;false;false;false;false;;0;0;false;0;false;;;0
cristina.bernardi@example.org;true;true;false;false;false;false;false;false;;0;0;false;0;false;;;0
andrea.giuliani@example.org;true;true;false;false;false;false;false;false;;0;0;false;0;false;;;0
mariangela.costa@example.org;true;false;false;false;false;false;false;false;;0;0;false;0;false;;;0
emanuele.santoro@example.org;true;true;false;false;false;false;false;false;;0;0;false;0;false;;;0
giacomo.rossi@example.org;true;true;false;false;false;false;false;false;;0;0;false;0;false;;;0
viola.ferrara@example.org;true;true;true;true;false;false;false;false;;0;0;false;0;false;;;0
carlo.ariemma@example.org;true;true;false;false;false;false;false;false;;0;0;false;0;false;;;0
daniela.desantis@example.org;true;false;false;false;false;false;false;false;;0;0;false;0;false;;;0
paolo.sala@example.org;true;false;false;false;false;false;false;false;;0;0;false;0;false;;;0
caterina.caruso@example.org;true;true;false;false;false;false;false;false;;0;0;false;0;false;;;0
massimo.mancini@example.org;true;true;true;false;false;false;false;true;2025-10-15;5;5;true;0;false;;;0
monica.donati@example.org;true;true;false;false;false;false;false;false;;0;0;false;0;false;;;0
luigi.ferrari@example.org;true;true;false;false;false;false;false;false;;0;0;false;0;false;;;0
vincenzo.negri@example.org;true;true;false;false;false;false;false;false;;0;0;false;0;false;;;0
federica.colombo@example.org;true;true;false;false;false;false;false;false;;0;0;false;0;false;;;0
claudio.castelli@example.org;true;true;false;false;false;false;false;false;;0;0;false;0;false;;;0
irene.silvestri@example.org;true;true;false;false;false;false;false;false;;0;0;false;0;false;;;0
vittorio.balestra@example.org;true;true;false;false;false;false;false;false;;0;0;false;0;false;;;0
maria.bassi@example.org;true;true;false;false;false;false;false;false;;0;0;false;0;false;;;0
ludovica.abbate@example.org;true;true;false;false;false;false;false;false;;0;0;false;0;false;;;0
michela.monaco@example.org;true;true;false;false;false;false;false;false;;0;0;false;0;false;;;0
laura.landi@example.org;true;true;false;false;false;false;false;false;;0;0;false;0;false;;;0
beatrice.balestra@example.org;true;true;false;false;false;false;false;false;;0;0;false;0;false;;;0
raffaella.bellini@example.org;true;true;true;false;false;false;false;false;;0;0;false;0;false;;;0
daniele.testa@example.org;true;true;true;true;false;false;false;false;;0;0;false;0;false;;;0
marta.landi@example.org;true;true;false;false;false;false;false;false;;0;0;false;0;false;;;0
tommaso.fabbri@example.org;true;true;false;false;false;false;false;false;;0;0;false;0;false;;;0
stefano.valente@example.org;true;true;false;false;false;false;false;false;;0;0;false;0;false;;;0
jacopo.giordano@example.org;true;true;true;false;false;false;false;false;;0;0;false;0;false;;;0
monica.caputo@example.org;true;true;false;false;false;false;false;false;;0;0;false;0;false;;;0
nicola.cardone@example.org;true;true;false;false;false;false;false;false;;0;0;false;0;false;;;0
andrea.deluca@example.org;true;true;false;false;false;false;false;false;;0;0;false;0;false;;;0
giacomo.nardi@example.org;true;true;false;false;false;false;false;false;;0;0;false;0;false;;;0
matteo.agostini@example.org;true;true;true;false;false;false;false;false;;0;0;false;0;false;;;0
sabrina.salerno@example.org;true;true;false;false;false;false;false;false;;0;0;false;0;false;;;0
emanuele.ferretti@example.org;true;true;false;false;false;false;false;false;;0;0;false;0;false;;;0
roberta.fiore@example.org;true;true;false;false;false;false;false;false;;0;0;false;0;false;;;0
federico.melchiorre@example.org;true;true;true;false;false;false;false;false;;0;0;false;0;false;;;0
giacomo.silvestri@example.org;true;true;true;false;false;false;false;false;;0;0;false;0;false;;;0
daniela.farina@example.org;true;true;false;false;false;false;false;false;;0;0;false;0;false;;;0
samuele.mancini@example.org;true;true;false;false;false;false;false;false;;0;0;false;0;false;;;0
irene.rossetti@example.org;true;true;false;false;false;false;false;false;;0;0;false;0;false;;;0
rosanna.rizzo@example.org;true;true;false;false;false;false;false;false;;0;0;false;0;false;;;0
lucia.castelli@example.org;true;true;false;false;false;false;false;false;;0;0;false;0;false;;;0
susanna.cattaneo@example.org;true;true;true;true;false;false;false;false;;0;0;false;0;false;;;0
francesco.innocenti@example.org;true;true;false;false;false;false;false;false;;0;0;false;0;false;;;0
francesco.santoro@example.org;true;true;false;false;false;false;false;false;;0;0;false;0;false;;;0
paola.moretti@example.org;true;true;false;false;false;false;false;false;;0;0;false;0;false;;;0
irene.costa@example.org;true;true;false;false;false;false;false;false;;0;0;false;0;false;;;0
antonio.farina@example.org;true;true;false;false;false;false;false;false;;0;0;false;0;false;;;0
elena.ferrari@example.org;true;true;false;false;false;false;false;false;;0;0;false;0;false;;;0
matteo.gatti@example.org;true;false;false;false;false;false;false;false;;0;0;false;0;false;;;0
elena.toscano@example.org;true;true;false;false;false;false;false;false;;0;0;false;0;false;;;0
federico.negri@example.org;true;true;true;false;false;false;false;false;;0;0;false;0;false;;;0
luca.castelli@example.org;true;true;false;false;false;false;false;false;;0;0;false;0;false;;;0
antonio.abbate@example.org;true;true;false;false;false;false;false;false;;0;0;false;0;false;;;0
michela.bellini@example.org;true;true;false;false;false;false;false;false;;0;0;false;0;false;;;0
laura.cavallo@example.org;true;true;false;false;false;false;false;false;;0;0;false;0;false;;;0
roberta.damico@example.org;true;true;true;true;false;false;false;false;;0;0;false;0;false;;;0
daniela.longo@example.org;true;true;false;false;false;false;false;false;;0;0;false;0;false;;;0
sofia.antonelli@example.org;true;true;false;false;false;false;false;false;;0;0;false;0;false;;;0
giulio.ferrara@example.org;true;true;false;false;false;false;false;false;;0;0;false;0;false;;;0
elisa.bruni@example.org;true;true;false;false;false;false;false;false;;0;0;false;0;false;;;0
simone.pagano@example.org;true;true;false;false;false;false;false;false;;0;0;false;0;false;;;0
stefano.bianco@example.org;true;true;false;false;false;false;false;false;;0;0;false;0;false;;;0
emanuele.barbieri@example.org;true;true;true;true;false;true;true;false;;0;0;false;0;false;;;0
matteo.leone@example.org;true;true;false;false;false;false;false;false;;0;0;false;0;false;;;0
giulia.benedetti@example.org;true;true;false;false;false;false;false;false;;0;0;false;0;false;;;0
samuele.manfredi@example.org;true;true;true;true;false;false;false;true;2025-10-16;5;2;true;5;false;;;0
maria.marini@example.org;true;true;true;false;false;false;false;true;2025-10-15;4;0;false;0;false;;;0
anna.zanini@example.org;true;true;true;false;false;true;true;false;;0;0;false;0;false;;;0
lucia.bruno@example.org;true;true;false;false;false;false;false;false;;0;0;false;0;false;;;0
silvia.romano@example.org;true;true;false;false;false;false;false;false;;0;0;false;0;false;;;0
laura.bellini@example.org;true;true;true;false;false;false;false;true;2025-10-16;2;0;false;0;true;59;0.7089;1
angela.cavallo@example.org;true;true;false;false;false;false;false;false;;0;0;false;0;false;;;0
jacopo.donati@example.org;true;true;false;false;false;false;false;false;;0;0;false;0;false;;;0
barbara.iacobelli@example.org;true;true;false;false;false;false;false;false;;0;0;false;0;false;;;0
angela.palmieri@example.org;true;true;false;false;false;false;false;false;;0;0;false;0;false;;;0
marco.silvestri@example.org;true;true;false;false;false;false;false;false;;0;0;false;0;false;;;0
michele.rizzo@example.org;true;true;true;true;false;true;true;true;2025-10-15;2;2;false;0;false;;;0
luigi.caputo@example.org;true;true;false;false;false;false;false;false;;0;0;false;0;false;;;0
ilaria.landi@example.org;true;true;false;false;false;false;false;false;;0;0;false;0;false;;;0
elena.morelli@example.org;true;true;false;false;false;false;false;false;;0;0;false;0;false;;;0
pietro.zanetti@example.org;true;true;false;false;false;false;false;false;;0;0;false;0;false;;;0
chiara.benedetti@example.org;true;true;false;false;false;false;false;false;;0;0;false;0;false;;;0
luca.volpe@example.org;true;true;true;false;false;false;false;false;;0;0;false;0;true;41;0.6869;2
francesco.morelli@example.org;true;true;false;false;false;false;false;false;;0;0;false;0;false;;;0
andrea.fontana@example.org;true;true;true;false;false;false;false;false;;0;0;false;0;false;;;0
nicola.farina@example.org;true;true;false;false;false;false;false;false;;0;0;false;0;false;;;0
tommaso.silvestri@example.org;true;true;false;false;false;false;false;false;;0;0;false;0;false;;;0
vittorio.caputo@example.org;true;true;false;false;false;false;false;false;;0;0;false;0;false;;;0
gianluca.pagano@example.org;true;true;true;false;false;false;false;false;;0;0;false;0;false;;;0
daniela.ferrara@example.org;true;true;true;true;false;true;true;false;;0;0;false;0;false;;;0
raffaella.palmieri@example.org;true;true;false;false;false;false;false;false;;0;0;false;0;false;;;0
nicola.manfredi@example.org;true;true;false;false;false;false;false;false;;0;0;false;0;false;;;0
stefano.mancini@example.org;true;true;true;false;false;false;false;false;;0;0;false;0;false;;;0
giulia.agostini@example.org;true;true;false;false;false;false;false;false;;0;0;false;0;false;;;0
angela.salerno@example.org;true;true;true;false;false;false;false;true;2025-10-16;4;0;false;0;false;;;0
marta.farina@example.org;true;true;false;false;false;false;false;false;;0;0;false;0;false;;;0
vittorio.corsi@example.org;true;true;false;false;false;false;false;false;;0;0;false;0;false;;;0
silvia.bianchi@example.org;true;true;true;false;false;false;false;false;;0;0;false;0;false;;;0
sabrina.negri@example.org;true;true;false;false;false;false;false;false;;0;0;false;0;false;;;0
gabriele.sartori@example.org;true;true;false;false;false;false;false;false;;0;0;false;0;false;;;0
giulio.martini@example.org;true;true;true;false;false;false;false;false;;0;0;false;0;false;;;0
roberto.toscano@example.org;true;true;true;true;false;false;false;false;;0;0;false;0;false;;;0
federica.zanetti@example.org;true;true;true;true;false;false;false;false;;0;0;false;0;false;;;0
valeria.guerra@example.org;true;false;false;false;false;false;false;false;;0;0;false;0;false;;;0
vittorio.pellegrini@example.org;true;true;true;true;false;true;true;false;;0;0;false;0;false;;;0
davide.denicola@example.org;true;true;false;false;false;false;false;false;;0;0;false;0;false;;;0
silvia.sorrentino@example.org;true;true;false;false;false;false;false;false;;0;0;false;0;false;;;0
roberta.bellini@example.org;true;true;false;false;false;false;false;false;;0;0;false;0;false;;;0
raffaella.bianchi@example.org;true;true;true;false;false;false;false;false;;0;0;false;0;false;;;0
michela.melchiorre@example.org;true;true;false;false;false;false;false;false;;0;0;false;0;false;;;0
massimo.fiore@example.org;true;true;true;false;false;false;false;false;;0;0;false;0;false;;;0
giovanna.marini@example.org;true;false;false;false;false;false;false;false;;0;0;false;0;false;;;0
raffaella.negri@example.org;true;true;false;false;false;false;false;false;;0;0;false;0;false;;;0
giulio.abbate@example.org;true;true;false;false;false;false;false;false;;0;0;false;0;false;;;0
mariangela.denicola@example.org;true;true;true;true;false;false;false;false;;0;0;false;0;false;;;0
filippo.fabbri@example.org;true;true;false;false;false;false;false;false;;0;0;false;0;false;;;0
ludovica.perini@example.org;true;true;false;false;false;false;false;false;;0;0;false;0;false;;;0
gianluca.volpe@example.org;true;true;false;false;false;false;false;false;;0;0;false;0;false;;;0
mariangela.ferrari@example.org;true;true;false;false;false;false;false;false;;0;0;false;0;false;;;0
gianluca.palmieri@example.org;true;true;false;false;false;false;false;false;;0;0;false;0;false;;;0
carlo.milani@example.org;true;true;false;false;false;false;false;false;;0;0;false;0;false;;;0
alessandro.ruggiero@example.org;true;true;false;false;false;false;false;false;;0;0;false;0;false;;;0
massimo.russo@example.org;true;true;false;false;false;false;false;false;;0;0;false;0;false;;;0
caterina.barbieri@example.org;true;true;false;false;false;false;false;false;;0;0;false;0;false;;;0
valentina.iacobelli@example.org;true;false;false;false;false;false;false;false;;0;0;false;0;false;;;0
cristina.bonetti@example.org;true;true;false;false;false;false;false;false;;0;0;false;0;false;;;0
enrico.melchiorre@example.org;true;true;true;false;false;false;false;false;;0;0;false;0;false;;;0
anna.fiore@example.org;true;true;false;false;false;false;false;false;;0;0;false;0;false;;;0
gabriele.guerra@example.org;true;true;false;false;false;false;false;false;;0;0;false;0;false;;;0
susanna.borghi@example.org;true;true;false;false;false;false;false;false;;0;0;false;0;false;;;0
gianluca.gentile@example.org;true;true;false;false;false;false;false;false;;0;0;false;0;false;;;0
valeria.pagano@example.org;true;true;false;false;false;false;false;false;;0;0;false;0;false;;;0
elisa.fabbri@example.org;true;true;false;false;false;false;false;false;;0;0;false;0;false;;;0
michele.martelli@example.org;true;true;true;true;false;false;false;false;;0;0;false;0;false;;;0
giovanna.rossetti@example.org;true;false;false;false;false;false;false;false;;0;0;false;0;false;;;0
matteo.pagano@example.org;true;true;false;false;false;false;false;false;;0;0;false;0;false;;;0
giovanna.fontana@example.org;true;true;false;false;false;false;false;false;;0;0;false;0;false;;;0
silvia.castelli@example.org;true;true;false;false;false;false;false;false;;0;0;false;0;false;;;0
michele.bruni@example.org;true;true;true;false;false;true;false;false;;0;0;false;0;false;;;0
federico.franco@example.org;true;true;true;true;false;false;false;false;;0;0;false;0;false;;;0
paolo.bruni@example.org;true;true;false;false;false;false;false;false;;0;0;false;0;false;;;0
paola.amato@example.org;true;true;true;true;false;false;false;false;;0;0;false;0;true;36;0.6604;2
michele.fabbri@example.org;true;true;false;false;false;false;false;false;;0;0;false;0;false;;;0
vittorio.franco@example.org;true;true;false;false;false;false;false;false;;0;0;false;0;false;;;0
luca.leone@example.org;true;true;false;false;false;false;false;false;;0;0;false;0;false;;;0
teresa.rossetti@example.org;true;true;false;false;false;false;false;false;;0;0;false;0;false;;;0
matteo.milani@example.org;true;true;false;false;false;false;false;false;;0;0;false;0;false;;;0
valentina.ariemma@example.org;true;true;false;false;false;false;false;false;;0;0;false;0;false;;;0
ludovica.cavallo@example.org;true;true;false;false;false;false;false;false;;0;0;false;0;false;;;0
elisa.caputo@example.org;true;true;false;false;false;false;false;false;;0;0;false;0;false;;;0
marco.moretti@example.org;true;true;false;false;false;false;false;false;;0;0;false;0;false;;;0
teresa.salerno@example.org;true;true;false;false;false;false;false;false;;0;0;false;0;false;;;0
silvia.bruno@example.org;true;true;false;false;false;false;false;false;;0;0;false;0;false;;;0
massimo.castelli@example.org;true;true;false;false;false;false;false;false;;0;0;false;0;false;;;0
federico.denicola@example.org;true;true;false;false;false;false;false;false;;0;0;false;0;false;;;0
tommaso.melchiorre@example.org;true;false;false;false;false;false;false;false;;0;0;false;0;false;;;0
giovanna.negri@example.org;true;true;false;false;false;false;false;false;;0;0;false;0;false;;;0
elena.bellini@example.org;true;true;false;false;false;false;false;false;;0;0;false;0;false;;;0
paolo.ruggiero@example.org;true;true;false;false;false;false;false;false;;0;0;false;0;false;;;0
roberta.vitale@example.org;true;true;false;false;false;false;false;false;;0;0;false;0;false;;;0
massimo.damico@example.org;true;true;false;false;false;false;false;false;;0;0;false;0;false;;;0
roberto.orlando@example.org;true;true;false;false;false;false;false;false;;0;0;false;0;false;;;0
andrea.ferrara@example.org;true;true;true;true;false;true;true;false;;0;0;false;0;false;;;0
lorenzo.ariemma@example.org;true;true;false;false;false;false;false;false;;0;0;false;0;false;;;0
tommaso.denicola@example.org;true;false;false;false;false;false;false;false;;0;0;false;0;false;;;0
gabriele.donati@example.org;true;true;false;false;false;false;false;false;;0;0;false;0;false;;;0
federica.marini@example.org;true;true;false;false;false;false;false;false;;0;0;false;0;false;;;0
carlo.pellegrini@example.org;true;true;false;false;false;false;false;false;;0;0;false;0;false;;;0
roberto.corsi@example.org;true;true;false;false;false;false;false;false;;0;0;false;0;false;;;0
paolo.innocenti@example.org;true;true;false;false;false;false;false;false;;0;0;false;0;false;;;0
massimo.testa@example.org;true;true;false;false;false;false;false;false;;0;0;false;0;false;;;0
ludovica.bernardi@example.org;true;true;false;false;false;false;false;false;;0;0;false;0;false;;;0
federico.monaco@example.org;true;true;false;false;false;false;false;false;;0;0;false;0;false;;;0
rosanna.colombo@example.org;true;true;true;false;false;false;false;false;;0;0;false;0;false;;;0
filippo.poli@example.org;true;true;false;false;false;false;false;false;;0;0;false;0;false;;;0
sara.borghi@example.org;true;true;false;false;false;false;false;false;;0;0;false;0;false;;;0
lucia.silvestri@example.org;true;false;false;false;false;false;false;false;;0;0;false;0;false;;;0
caterina.borghi@example.org;true;true;false;false;false;false;false;false;;0;0;false;0;false;;;0
ludovica.bruno@example.org;true;true;false;false;false;false;false;false;;0;0;false;0;false;;;0
cristina.corsi@example.org;true;true;false;false;false;false;false;false;;0;0;false;0;false;;;0
andrea.ricci@example.org;true;true;false;false;false;false;false;false;;0;0;false;0;false;;;0
silvia.neri@example.org;true;true;true;true;false;false;false;false;;0;0;false;0;false;;;0
marco.testa@example.org;true;true;false;false;false;false;false;false;;0;0;false;0;false;;;0
raffaella.caputo@example.org;true;true;false;false;false;false;false;false;;0;0;false;0;false;;;0
viola.longo@example.org;true;true;false;false;false;false;false;false;;0;0;false;0;false;;;0
claudia.farina@example.org;true;true;true;false;false;false;false;false;;0;0;false;0;false;;;0
beatrice.fumagalli@example.org;true;false;false;false;false;false;false;false;;0;0;false;0;false;;;0
martina.romano@example.org;true;true;false;false;false;false;false;false;;0;0;false;0;false;;;0
tommaso.testa@example.org;true;true;false;false;false;false;false;false;;0;0;false;0;false;;;0
mariangela.pagano@example.org;true;true;true;false;false;true;true;false;;0;0;false;0;false;;;0
manuela.borghi@example.org;true;true;false;false;false;false;false;false;;0;0;false;0;false;;;0
carlo.rizzo@example.org;true;true;true;true;false;true;true;false;;0;0;false;0;false;;;0
andrea.costa@example.org;true;true;false;false;false;false;false;false;;0;0;false;0;false;;;0
laura.neri@example.org;true;true;true;true;false;false;false;false;;0;0;false;0;false;;;0
stefano.abbate@example.org;true;true;false;false;false;false;false;false;;0;0;false;0;false;;;0
viola.innocenti@example.org;true;true;false;false;false;false;false;false;;0;0;false;0;false;;;0
giovanna.mazza@example.org;true;true;false;false;false;false;false;false;;0;0;false;0;false;;;0
beatrice.pagano@example.org;true;true;false;false;false;false;false;false;;0;0;false;0;false;;;0
roberto.abbate@example.org;true;true;false;false;false;false;false;false;;0;0;false;0;false;;;0
giovanna.colombo@example.org;true;true;false;false;false;false;false;false;;0;0;false;0;false;;;0
vincenzo.fabbri@example.org;true;true;false;false;false;false;false;false;;0;0;false;0;false;;;0
michela.longo@example.org;true;true;false;false;false;false;false;false;;0;0;false;0;false;;;0
giulio.giordano@example.org;true;true;false;false;false;false;false;false;;0;0;false;0;false;;;0
vittorio.fontana@example.org;true;true;false;false;false;false;false;false;;0;0;false;0;false;;;0
monica.giuliani@example.org;true;true;false;false;false;false;false;false;;0;0;false;0;false;;;0
marco.gallo@example.org;true;true;false;false;false;false;false;false;;0;0;false;0;false;;;0
giovanni.amato@example.org;true;true;false;false;false;false;false;false;;0;0;false;0;false;;;0
enrico.negri@example.org;true;true;true;false;false;false;false;true;2025-10-17;3;1;false;0;false;;;0
michela.lorenzi@example.org;true;true;false;false;false;false;false;false;;0;0;false;0;false;;;0
raffaella.desantis@example.org;true;true;false;false;false;false;false;false;;0;0;false;0;false;;;0
stefano.parisi@example.org;true;true;false;false;false;false;false;false;;0;0;false;0;false;;;0
beatrice.amato@example.org;true;true;true;false;false;false;false;false;;0;0;false;0;false;;;0
raffaella.abbate@example.org;true;true;false;false;false;false;false;false;;0;0;false;0;false;;;0
antonio.rossi@example.org;true;true;false;false;false;false;false;false;;0;0;false;0;false;;;0
susanna.ariemma@example.org;true;true;false;false;false;false;false;false;;0;0;false;0;false;;;0
martina.nardi@example.org;true;true;false;false;false;false;false;false;;0;0;false;0;false;;;0
ludovica.palmieri@example.org;true;true;false;false;false;false;false;false;;0;0;false;0;false;;;0
giulia.castelli@example.org;true;true;false;false;false;false;false;false;;0;0;false;0;false;;;0
mariangela.gallo@example.org;true;true;false;false;false;false;false;false;;0;0;false;0;false;;;0
mauro.rossi@example.org;true;true;true;true;true;true;false;false;;0;0;false;0;false;;;0
paolo.perini@example.org;true;true;false;false;false;false;false;false;;0;0;false;0;false;;;0
barbara.zanini@example.org;true;true;false;false;false;false;false;false;;0;0;false;0;false;;;0
enrico.sanna@example.org;true;true;false;false;false;false;false;false;;0;0;false;0;false;;;0
irene.serra@example.org;true;true;false;false;false;false;false;false;;0;0;false;0;false;;;0
monica.bellini@example.org;true;true;false;false;false;false;false;false;;0;0;false;0;false;;;0
anna.costa@example.org;true;true;false;false;false;false;false;false;;0;0;false;0;false;;;0
manuela.benedetti@example.org;true;true;false;false;false;false;false;false;;0;0;false;0;false;;;0
caterina.sorrentino@example.org;true;true;false;false;false;false;false;false;;0;0;false;0;false;;;0
lorenzo.ricci@example.org;true;true;false;false;false;false;false;false;;0;0;false;0;false;;;0
marco.fabbri@example.org;true;true;true;false;false;false;false;false;;0;0;false;0;false;;;0
giorgio.neri@example.org;true;true;false;false;false;false;false;false;;0;0;false;0;false;;;0
giovanni.vitale@example.org;true;true;false;false;false;false;false;false;;0;0;false;0;false;;;0
paola.sanna@example.org;true;true;false;false;false;false;false;false;;0;0;false;0;false;;;0
davide.abbate@example.org;true;true;false;false;false;false;false;false;;0;0;false;0;false;;;0
giuseppe.montanari@example.org;true;true;true;false;false;false;false;false;;0;0;false;0;false;;;0
marco.piras@example.org;true;true;false;false;false;false;false;false;;0;0;false;0;false;;;0
anna.conte@example.org;true;true;false;false;false;false;false;false;;0;0;false;0;false;;;0
laura.melchiorre@example.org;true;true;false;false;false;false;false;false;;0;0;false;0;false;;;0
giovanni.testa@example.org;true;true;false;false;false;false;false;false;;0;0;false;0;false;;;0
mauro.balestra@example.org;true;true;true;true;false;true;true;false;;0;0;false;0;false;;;0
ilaria.benedetti@example.org;true;true;false;false;false;false;false;false;;0;0;false;0;false;;;0
lucia.melchiorre@example.org;true;true;false;false;false;false;false;false;;0;0;false;0;false;;;0
sabrina.greco@example.org;true;true;false;false;false;false;false;false;;0;0;false;0;false;;;0
filippo.guerra@example.org;true;true;false;false;false;false;false;false;;0;0;false;0;false;;;0
martina.guerra@example.org;true;true;false;false;false;false;false;false;;0;0;false;0;false;;;0
federico.bianco@example.org;true;true;true;true;false;false;false;false;;0;0;false;0;false;;;0
cristina.bacci@example.org;true;true;false;false;false;false;false;false;;0;0;false;0;false;;;0
samuele.sorrentino@example.org;true;true;false;false;false;false;false;false;;0;0;false;0;false;;;0
andrea.morelli@example.org;true;false;false;false;false;false;false;false;;0;0;false;0;false;;;0
federica.giuliani@example.org;true;true;false;false;false;false;false;false;;0;0;false;0;false;;;0
angela.gentile@example.org;true;true;false;false;false;false;false;false;;0;0;false;0;false;;;0
sara.toscano@example.org;true;true;false;false;false;false;false;false;;0;0;false;0;false;;;0
antonio.sartori@example.org;true;true;false;false;false;false;false;false;;0;0;false;0;false;;;0
luca.romano@example.org;true;true;false;false;false;false;false;false;;0;0;false;0;false;;;0
ludovica.franco@example.org;true;true;false;false;false;false;false;false;;0;0;false;0;false;;;0
marco.bonetti@example.org;true;true;false;false;false;false;false;false;;0;0;false;0;false;;;0
federico.nardi@example.org;true;true;false;false;false;false;false;false;;0;0;false;0;false;;;0
alessandro.pellegrini@example.org;true;true;false;false;false;false;false;false;;0;0;false;0;false;;;0
emanuele.serra@example.org;true;true;false;false;false;false;false;false;;0;0;false;0;false;;;0
lucia.innocenti@example.org;true;true;false;false;false;false;false;false;;0;0;false;0;false;;;0
davide.fumagalli@example.org;true;true;true;false;false;false;false;true;2025-10-17;4;1;true;4;false;;;0
mauro.morelli@example.org;true;true;false;false;false;false;false;false;;0;0;false;0;false;;;0
ludovica.sanna@example.org;true;true;false;false;false;false;false;false;;0;0;false;0;false;;;0
giorgio.abbate@example.org;true;true;false;false;false;false;false;false;;0;0;false;0;false;;;0
paola.ricci@example.org;true;true;false;false;false;false;false;false;;0;0;false;0;false;;;0
antonio.cristofaro@example.org;true;true;false;false;false;false;false;false;;0;0;false;0;false;;;0
alessandro.caputo@example.org;true;true;false;false;false;false;false;false;;0;0;false;0;false;;;0
elena.serra@example.org;true;true;false;false;false;false;false;false;;0;0;false;0;false;;;0
margherita.zanetti@example.org;true;true;false;false;false;false;false;false;;0;0;false;0;false;;;0
manuela.salerno@example.org;true;true;false;false;false;false;false;false;;0;0;false;0;false;;;0
ludovica.melchiorre@example.org;true;true;false;false;false;false;false;false;;0;0;false;0;false;;;0
luca.parisi@example.org;true;true;false;false;false;false;false;false;;0;0;false;0;false;;;0
roberto.serra@example.org;true;true;false;false;false;false;false;false;;0;0;false;0;false;;;0
teresa.romano@example.org;true;true;true;false;false;true;true;false;;0;0;false;0;false;;;0
riccardo.melchiorre@example.org;true;true;false;false;false;false;false;false;;0;0;false;0;false;;;0
valentina.ruggiero@example.org;true;true;true;false;false;false;false;false;;0;0;false;0;false;;;0
irene.riva@example.org;true;true;false;false;false;false;false;false;;0;0;false;0;false;;;0
mauro.rossetti@example.org;true;true;true;false;false;true;true;false;;0;0;false;0;false;;;0
lorenzo.antonelli@example.org;true;true;true;false;false;false;false;false;;0;0;false;0;false;;;0
ilaria.ferretti@example.org;true;true;false;false;false;false;false;false;;0;0;false;0;false;;;0
michele.russo@example.org;true;true;false;false;false;false;false;false;;0;0;false;0;false;;;0
susanna.innocenti@example.org;true;true;false;false;false;false;false;false;;0;0;false;0;false;;;0
giorgia.bruni@example.org;true;false;false;false;false;false;false;false;;0;0;false;0;false;;;0
claudia.marchetti@example.org;true;true;false;false;false;false;false;false;;0;0;false;0;false;;;0
paola.sala@example.org;true;true;false;false;false;false;false;false;;0;0;false;0;false;;;0
maria.carbone@example.org;true;true;false;false;false;false;false;false;;0;0;false;0;false;;;0
gabriele.lombardi@example.org;true;true;false;false;false;false;false;false;;0;0;false;0;false;;;0
roberta.romano@example.org;true;false;false;false;false;false;false;false;;0;0;false;0;false;;;0
pietro.balestra@example.org;true;true;false;false;false;false;false;false;;0;0;false;0;false;;;0
filippo.russo@example.org;true;true;false;false;false;false;false;false;;0;0;false;0;false;;;0
elisa.carbone@example.org;true;true;false;false;false;false;false;false;;0;0;false;0;false;;;0
matteo.bruno@example.org;false;false;false;true;false;false;false;false;;0;0;false;0;false;;;0
paolo.pesce@example.org;false;false;false;true;false;false;false;false;;0;0;false;0;false;;;0
giulia.fiore@example.org;false;false;false;true;false;false;false;false;;0;0;false;0;false;;;0
francesca.cardone@example.org;false;false;false;true;false;false;false;false;;0;0;false;0;false;;;0
gianluca.cavallo@example.org;false;false;false;true;false;false;false;false;;0;0;false;0;false;;;0
claudia.russo@example.org;false;false;false;true;false;true;true;false;;0;0;false;0;false;;;0
viola.conte@example.org;false;false;false;true;false;false;false;false;;0;0;false;0;false;;;0
sara.guerra@example.org;false;false;false;true;false;false;false;false;;0;0;false;0;false;;;0
elisa.morelli@example.org;false;false;false;true;false;false;false;false;;0;0;false;0;false;;;0
federico.zanetti@example.org;false;false;false;true;false;false;false;false;;0;0;false;0;false;;;0
claudio.negri@example.org;false;false;false;false;false;true;true;false;;0;0;false;0;false;;;0
mauro.pisani@example.org;false;false;false;true;false;false;false;true;2025-10-15;3;0;false;0;false;;;0
maria.valente@example.org;false;false;false;true;false;false;false;false;;0;0;false;0;false;;;0
michela.sorrentino@example.org;false;false;false;false;false;true;true;false;;0;0;false;0;false;;;0
sara.santoro@example.org;false;false;false;true;false;true;true;true;2025-10-15;2;1;false;0;true;54;0.6876;1
elena.sartori@example.org;false;false;false;false;false;true;true;false;;0;0;false;0;false;;;0
antonio.caruso@example.org;false;false;false;true;false;false;false;false;;0;0;false;0;false;;;0
roberta.rossi@example.org;false;false;false;true;false;false;false;false;;0;0;false;0;false;;;0
michele.cardone@example.org;false;false;false;false;false;true;true;false;;0;0;false;0;false;;;0
giacomo.barbieri@example.org;false;false;false;false;false;true;false;false;;0;0;false;0;false;;;0
giacomo.cirillo@example.org;false;false;false;true;false;false;false;true;2025-10-16;6;3;true;0;false;;;0
marco.serra@example.org;false;false;false;true;false;false;false;false;;0;0;false;0;false;;;0
vincenzo.lorenzi@example.org;false;false;false;true;false;true;true;false;;0;0;false;0;false;;;0
giacomo.farina@example.org;false;false;false;true;false;true;false;false;;0;0;false;0;false;;;0
martina.cirillo@example.org;false;false;false;true;false;false;false;false;;0;0;false;0;false;;;0
sofia.cerri@example.org;false;false;false;false;false;true;false;false;;0;0;false;0;false;;;0
giuseppe.testa@example.org;false;false;false;true;false;false;false;false;;0;0;false;0;false;;;0
luigi.toscano@example.org;false;false;false;true;false;false;false;false;;0;0;false;0;false;;;0
ludovica.santoro@example.org;false;false;false;true;false;false;false;false;;0;0;false;0;false;;;0
davide.riva@example.org;false;false;false;false;false;true;false;false;;0;0;false;0;false;;;0
lorenzo.iacobelli@example.org;false;false;false;true;false;false;false;true;2025-10-16;2;1;false;0;false;;;0
roberta.toscano@example.org;false;false;false;true;false;false;false;false;;0;0;false;0;false;;;0
lucia.caputo@example.org;false;false;false;true;false;false;false;false;;0;0;false;0;false;;;0
giovanni.carbone@example.org;false;false;false;true;false;false;false;true;2025-10-16;2;2;false;0;true;51;0.7093;2
vittorio.farina@example.org;false;false;false;true;false;true;true;false;;0;0;false;0;false;;;0
vittorio.cardone@example.org;false;false;false;false;false;true;false;false;;0;0;false;0;false;;;0
simone.castelli@example.org;false;false;false;false;false;true;true;false;;0;0;false;0;false;;;0
luigi.sala@example.org;false;false;false;false;false;true;true;false;;0;0;false;0;false;;;0
michele.balestra@example.org;false;false;false;true;false;false;false;false;;0;0;false;0;false;;;0
federica.ferretti@example.org;false;false;false;true;false;false;false;false;;0;0;false;0;false;;;0
martina.milani@example.org;false;false;false;false;false;true;false;true;2025-10-18;5;2;true;0;false;;;0
marco.giuliani@example.org;false;false;false;true;false;false;false;false;;0;0;false;0;false;;;0
roberta.marini@example.org;false;false;false;true;false;false;false;false;;0;0;false;0;false;;;0
davide.ferrari@example.org;false;false;false;false;false;true;true;true;2025-10-15;1;0;false;0;false;;;0
ludovica.denicola@example.org;false;false;false;true;false;true;true;false;;0;0;false;0;false;;;0
ludovica.galli@example.org;false;false;false;false;false;true;false;false;;0;0;false;0;false;;;0
luigi.damico@example.org;false;false;false;false;false;true;false;false;;0;0;false;0;false;;;0
matteo.bianchi@example.org;false;false;false;false;false;true;true;false;;0;0;false;0;false;;;0
massimo.marchetti@example.org;false;false;false;false;false;true;true;false;;0;0;false;0;false;;;0
giorgia.neri@example.org;false;false;false;false;false;true;true;true;2025-10-15;2;1;false;0;false;;;0
tommaso.franco@example.org;false;false;false;false;false;true;true;false;;0;0;false;0;false;;;0
giulio.agostini@example.org;false;false;false;true;false;false;false;false;;0;0;false;0;false;;;0
jacopo.zanetti@example.org;false;false;false;true;false;false;false;false;;0;0;false;0;false;;;0
sabrina.cavallo@example.org;false;false;false;true;true;true;false;false;;0;0;false;0;false;;;0
alessandro.denicola@example.org;false;false;false;true;false;false;false;false;;0;0;false;0;false;;;0
martina.fiore@example.org;false;false;false;true;false;true;true;false;;0;0;false;0;false;;;0
teresa.serra@example.org;false;false;false;true;true;true;true;false;;0;0;false;0;false;;;0
giulio.pisani@example.org;false;false;false;true;false;true;true;false;;0;0;false;0;false;;;0
andrea.ferretti@example.org;false;false;false;true;false;false;false;false;;0;0;false;0;false;;;0
susanna.fiore@example.org;false;false;false;false;false;true;false;true;2025-10-15;6;2;true;1;false;;;0
riccardo.mariani@example.org;false;false;false;true;false;false;false;false;;0;0;false;0;false;;;0
beatrice.testa@example.org;false;false;false;true;false;false;false;false;;0;0;false;0;false;;;0
sofia.nardi@example.org;false;false;false;true;true;true;true;false;;0;0;false;0;false;;;0
davide.palmieri@example.org;false;false;false;false;false;true;false;false;;0;0;false;0;false;;;0
mauro.serra@example.org;false;false;false;false;false;true;true;false;;0;0;false;0;false;;;0
valentina.carbone@example.org;false;false;false;true;false;true;false;false;;0;0;false;0;false;;;0
viola.santoro@example.org;false;false;false;true;false;true;true;false;;0;0;false;0;false;;;0
mariangela.lombardi@example.org;false;false;false;false;false;true;true;false;;0;0;false;0;false;;;0
marta.fiore@example.org;false;false;false;true;false;false;false;false;;0;0;false;0;false;;;0
giuseppe.pagano@example.org;false;false;false;false;false;true;true;false;;0;0;false;0;false;;;0
anna.marini@example.org;false;false;false;false;false;true;true;true;2025-10-17;3;1;false;0;true;48;0.6866;2
giorgio.longo@example.org;false;false;false;true;false;true;true;true;2025-10-15;3;0;false;0;false;;;0
daniele.salerno@example.org;false;false;false;true;false;true;true;false;;0;0;false;0;false;;;0
giovanna.costa@example.org;false;false;false;true;false;false;false;false;;0;0;false;0;false;;;0
barbara.grassi@example.org;false;false;false;false;false;true;true;false;;0;0;false;0;false;;;0
nicola.ruggiero@example.org;false;false;false;false;false;true;true;false;;0;0;false;0;false;;;0
giacomo.morelli@example.org;false;false;false;false;false;true;false;false;;0;0;false;0;false;;;0
elisa.marchetti@example.org;false;false;false;false;false;true;true;false;;0;0;false;0;false;;;0
daniele.sartori@example.org;false;false;false;false;false;true;true;false;;0;0;false;0;false;;;0
vincenzo.silvestri@example.org;false;false;false;true;false;false;false;false;;0;0;false;0;false;;;0
roberto.cerri@example.org;false;false;false;true;false;false;false;false;;0;0;false;0;false;;;0
martina.corsi@example.org;false;false;false;true;false;false;false;false;;0;0;false;0;false;;;0
giuseppe.moretti@example.org;false;false;false;true;false;false;false;false;;0;0;false;0;false;;;0
sara.negri@example.org;false;false;false;false;false;true;true;false;;0;0;false;0;false;;;0
elisa.vitale@example.org;false;false;false;true;false;false;false;true;2025-10-16;3;0;false;0;false;;;0
vittorio.russo@example.org;false;false;false;false;false;true;true;false;;0;0;false;0;false;;;0
giulio.ferrari@example.org;false;false;false;true;false;true;true;false;;0;0;false;0;false;;;0
roberta.iacobelli@example.org;false;false;false;true;false;false;false;false;;0;0;false;0;false;;;0
davide.galli@example.org;false;false;false;false;false;true;true;false;;0;0;false;0;false;;;0
laura.amato@example.org;false;false;false;true;false;true;true;false;;0;0;false;0;false;;;0
ilaria.bellini@example.org;false;false;false;false;false;true;true;false;;0;0;false;0;false;;;0
sara.galli@example.org;false;false;false;false;false;true;true;false;;0;0;false;0;false;;;0
giovanni.rizzo@example.org;false;false;false;true;false;true;false;false;;0;0;false;0;false;;;0
carlo.giuliani@example.org;false;false;false;true;true;true;true;true;2025-10-16;4;1;true;3;false;;;0
valeria.franco@example.org;false;false;false;true;false;false;false;false;;0;0;false;0;false;;;0
alessandro.bacci@example.org;false;false;false;true;false;false;false;false;;0;0;false;0;false;;;0
irene.lorenzi@example.org;false;false;false;true;false;false;false;false;;0;0;false;0;false;;;0
andrea.martini@example.org;false;false;false;true;false;false;false;false;;0;0;false;0;false;;;0
emanuele.montanari@example.org;false;false;false;true;false;false;false;false;;0;0;false;0;false;;;0
teresa.balestra@example.org;false;false;false;true;false;true;true;false;;0;0;false;0;false;;;0
chiara.bruni@example.org;false;false;false;true;true;true;false;true;2025-10-15;4;0;false;0;true;40;0.7946;2
anna.fabbri@example.org;false;false;false;true;false;false;false;false;;0;0;false;0;false;;;0
ilaria.sartori@example.org;false;false;false;false;false;true;false;false;;0;0;false;0;false;;;0
simone.nardi@example.org;false;false;false;true;false;true;true;true;2025-10-15;6;1;true;0;false;;;0
ilaria.corsi@example.org;false;false;false;true;false;false;false;false;;0;0;false;0;false;;;0
stefano.mazza@example.org;false;false;false;true;false;true;true;false;;0;0;false;0;false;;;0
elisa.martelli@example.org;false;false;false;true;false;false;false;false;;0;0;false;0;false;;;0
giorgio.ricci@example.org;false;false;false;false;false;true;true;false;;0;0;false;0;false;;;0
beatrice.colombo@example.org;false;false;false;false;false;true;false;true;2025-10-15;5;0;false;0;false;;;0
maria.damico@example.org;false;false;false;true;false;false;false;false;;0;0;false;0;false;;;0
mauro.sartori@example.org;false;false;false;true;false;false;false;false;;0;0;false;0;false;;;0
martina.melchiorre@example.org;false;false;false;false;false;true;true;false;;0;0;false;0;false;;;0
nicola.morelli@example.org;false;false;false;true;false;false;false;false;;0;0;false;0;false;;;0
paolo.negri@example.org;false;false;false;false;false;true;true;false;;0;0;false;0;false;;;0
pietro.greco@example.org;false;false;false;true;false;false;false;false;;0;0;false;0;false;;;0
francesco.ferrara@example.org;false;false;false;true;false;false;false;false;;0;0;false;0;false;;;0
susanna.rossi@example.org;false;false;false;false;false;true;true;false;;0;0;false;0;false;;;0
barbara.bacci@example.org;false;false;false;false;false;true;true;false;;0;0;false;0;false;;;0
teresa.orlando@example.org;false;false;false;true;false;true;true;false;;0;0;false;0;false;;;0
mauro.neri@example.org;false;false;false;true;false;false;false;false;;0;0;false;0;false;;;0
davide.melchiorre@example.org;false;false;false;false;false;true;true;false;;0;0;false;0;false;;;0
maria.piras@example.org;false;false;false;true;false;false;false;false;;0;0;false;0;false;;;0
irene.giuliani@example.org;false;false;false;false;false;true;false;false;;0;0;false;0;false;;;0
irene.borghi@example.org;false;false;false;true;false;false;false;false;;0;0;false;0;false;;;0
michela.pesce@example.org;false;false;false;true;false;false;false;false;;0;0;false;0;false;;;0
laura.zanini@example.org;false;false;false;false;false;true;true;false;;0;0;false;0;false;;;0
roberto.santoro@example.org;false;false;false;true;false;true;true;false;;0;0;false;0;false;;;0
cristina.damico@example.org;false;false;false;true;false;true;true;false;;0;0;false;0;false;;;0
massimo.borghi@example.org;false;false;false;true;false;true;false;false;;0;0;false;0;true;59;0.7589;0
giulio.mariani@example.org;false;false;false;false;false;true;true;false;;0;0;false;0;false;;;0
mariangela.longo@example.org;false;false;false;true;false;false;false;false;;0;0;false;0;false;;;0
carlo.innocenti@example.org;false;false;false;false;false;true;true;false;;0;0;false;0;false;;;0
ludovica.fiore@example.org;false;false;false;false;false;true;true;false;;0;0;false;0;false;;;0
massimo.corsi@example.org;false;false;false;false;false;true;true;false;;0;0;false;0;false;;;0
laura.bernardi@example.org;false;false;false;true;false;false;false;false;;0;0;false;0;false;;;0
giulia.martini@example.org;false;false;false;false;false;true;true;false;;0;0;false;0;false;;;0
daniele.landi@example.org;false;false;false;false;false;true;true;true;2025-10-16;4;0;true;2;false;;;0
lorenzo.sorrentino@example.org;false;false;false;false;false;true;true;false;;0;0;false;0;false;;;0
riccardo.toscano@example.org;false;false;false;true;true;true;true;false;;0;0;false;0;false;;;0
beatrice.zanetti@example.org;false;false;false;true;false;false;false;false;;0;0;false;0;false;;;0
francesca.serra@example.org;false;false;false;true;false;false;false;false;;0;0;false;0;false;;;0
antonio.fontana@example.org;false;false;false;true;false;false;false;false;;0;0;false;0;false;;;0
pietro.silvestri@example.org;false;false;false;true;false;true;true;false;;0;0;false;0;false;;;0
carlo.franco@example.org;false;false;false;true;false;false;false;false;;0;0;false;0;false;;;0
ilaria.sanna@example.org;false;false;false;true;false;true;true;false;;0;0;false;0;false;;;0
giorgio.giordano@example.org;false;false;false;true;false;false;false;true;2025-10-15;7;0;true;1;true;57;0.5536;2
sara.ricci@example.org;false;false;false;true;false;true;true;false;;0;0;false;0;false;;;0
andrea.caruso@example.org;false;false;false;true;false;false;false;false;;0;0;false;0;false;;;0
paolo.fumagalli@example.org;false;false;false;true;false;false;false;false;;0;0;false;0;false;;;0
vittorio.benedetti@example.org;false;false;false;true;false;true;true;false;;0;0;false;0;false;;;0
michele.negri@example.org;false;false;false;true;false;false;false;false;;0;0;false;0;false;;;0
nicola.pisani@example.org;false;false;false;true;false;false;false;false;;0;0;false;0;false;;;0
caterina.ferrara@example.org;false;false;false;true;false;false;false;false;;0;0;false;0;false;;;0
valentina.bacci@example.org;false;false;false;true;false;false;false;false;;0;0;false;0;false;;;0
giulia.caputo@example.org;false;false;false;true;false;false;false;false;;0;0;false;0;false;;;0
rosanna.bruno@example.org;false;false;false;true;true;true;true;false;;0;0;false;0;false;;;0
roberto.borghi@example.org;false;false;false;true;false;false;false;false;;0;0;false;0;false;;;0
marta.romano@example.org;false;false;false;true;false;false;false;false;;0;0;false;0;false;;;0
daniela.bianchi@example.org;false;false;false;false;false;true;false;false;;0;0;false;0;false;;;0
emanuele.lorenzi@example.org;false;false;false;true;false;true;true;false;;0;0;false;0;false;;;0
angela.santoro@example.org;false;false;false;true;false;false;false;false;;0;0;false;0;false;;;0
gianluca.benedetti@example.org;false;false;false;true;false;false;false;false;;0;0;false;0;false;;;0
stefano.greco@example.org;false;false;false;false;false;true;true;false;;0;0;false;0;false;;;0
sabrina.longo@example.org;false;false;false;true;false;false;false;false;;0;0;false;0;false;;;0
andrea.volpe@example.org;false;false;false;false;false;true;true;false;;0;0;false;0;false;;;0
sabrina.benedetti@example.org;false;false;false;true;true;true;true;false;;0;0;false;0;false;;;0
roberto.perini@example.org;false;false;false;false;false;true;true;false;;0;0;false;0;false;;;0
maria.costa@example.org;false;false;false;false;false;true;false;false;;0;0;false;0;false;;;0
martina.grassi@example.org;false;false;false;true;false;false;false;false;;0;0;false;0;false;;;0
rosanna.fabbri@example.org;false;false;false;false;false;true;false;false;;0;0;false;0;false;;;0
giulio.pesce@example.org;false;false;false;true;false;false;false;false;;0;0;false;0;false;;;0
valeria.ferretti@example.org;false;false;false;true;false;false;false;false;;0;0;false;0;false;;;0
mauro.bianco@example.org;false;false;false;true;false;true;false;false;;0;0;false;0;false;;;0
monica.bacci@example.org;false;false;false;true;false;false;false;false;;0;0;false;0;false;;;0
marco.romano@example.org;false;false;false;true;false;false;false;false;;0;0;false;0;false;;;0
sabrina.iacobelli@example.org;false;false;false;true;false;false;false;false;;0;0;false;0;false;;;0
claudio.caputo@example.org;false;false;false;true;false;true;true;false;;0;0;false;0;false;;;0
barbara.messina@example.org;false;false;false;true;false;false;false;false;;0;0;false;0;false;;;0
martina.balestra@example.org;false;false;false;false;false;true;true;false;;0;0;false;0;false;;;0
federico.ferrari@example.org;false;false;false;true;false;true;true;true;2025-10-16;3;0;false;0;false;;;0
lorenzo.bassi@example.org;false;false;false;true;false;true;false;false;;0;0;false;0;false;;;0
sofia.innocenti@example.org;false;false;false;true;false;false;false;false;;0;0;false;0;false;;;0
michela.vitale@example.org;false;false;false;false;false;true;true;false;;0;0;false;0;false;;;0
daniela.borghi@example.org;false;false;false;true;false;false;false;false;;0;0;false;0;false;;;0
federica.esposito@example.org;false;false;false;true;false;false;false;false;;0;0;false;0;false;;;0
roberto.sala@example.org;false;false;false;false;false;true;true;false;;0;0;false;0;false;;;0
michele.nardi@example.org;false;false;false;true;false;false;false;true;2025-10-16;4;2;true;4;false;;;0
barbara.russo@example.org;false;false;false;true;false;false;false;false;;0;0;false;0;false;;;0
giorgio.deluca@example.org;false;false;false;true;false;true;true;false;;0;0;false;0;false;;;0
monica.castelli@example.org;false;false;false;false;false;true;true;false;;0;0;false;0;false;;;0
mariangela.melchiorre@example.org;false;false;false;true;false;false;false;false;;0;0;false;0;false;;;0
claudio.innocenti@example.org;false;false;false;true;true;true;true;false;;0;0;false;0;false;;;0
viola.pellegrini@example.org;false;false;false;false;false;true;true;false;;0;0;false;0;false;;;0
luigi.bernardi@example.org;false;false;false;false;false;true;true;false;;0;0;false;0;false;;;0
matteo.cristofaro@example.org;false;false;false;false;false;true;true;false;;0;0;false;0;false;;;0
caterina.greco@example.org;false;false;false;false;false;true;true;false;;0;0;false;0;false;;;0
francesca.testa@example.org;false;false;false;true;false;false;false;false;;0;0;false;0;false;;;0
silvia.landi@example.org;false;false;false;false;false;true;true;false;;0;0;false;0;false;;;0
gianluca.fabbri@example.org;false;false;false;true;false;false;false;false;;0;0;false;0;false;;;0
margherita.sala@example.org;false;false;false;false;false;true;true;false;;0;0;false;0;false;;;0
maria.toscano@example.org;false;false;false;true;false;true;true;false;;0;0;false;0;false;;;0
marta.vitale@example.org;false;false;false;true;false;true;true;false;;0;0;false;0;false;;;0
tommaso.benedetti@example.org;false;false;false;false;false;true;true;false;;0;0;false;0;false;;;0
sabrina.corsi@example.org;false;false;false;false;false;true;true;false;;0;0;false;0;false;;;0
ludovica.serra@example.org;false;false;false;true;false;false;false;false;;0;0;false;0;false;;;0
claudia.denicola@example.org;false;false;false;true;false;false;false;false;;0;0;false;0;false;;;0
giorgio.costa@example.org;false;false;false;true;false;false;false;false;;0;0;false;0;false;;;0
nicola.bruni@example.org;false;false;false;true;false;true;false;false;;0;0;false;0;false;;;0
giorgio.riva@example.org;false;false;false;false;false;true;true;false;;0;0;false;0;false;;;0
marco.barbieri@example.org;false;false;false;true;false;false;false;false;;0;0;false;0;false;;;0
elisa.nardi@example.org;false;false;false;true;true;true;true;false;;0;0;false;0;false;;;0
barbara.cirillo@example.org;false;false;false;true;false;true;false;false;;0;0;false;0;false;;;0
margherita.longo@example.org;false;false;false;true;false;true;true;false;;0;0;false;0;false;;;0
manuela.sanna@example.org;false;false;false;false;false;true;true;false;;0;0;false;0;false;;;0
luigi.denicola@example.org;false;false;false;true;false;false;false;false;;0;0;false;0;false;;;0
margherita.cristofaro@example.org;false;false;false;true;false;false;false;false;;0;0;false;0;false;;;0
riccardo.testa@example.org;false;false;false;true;false;true;true;false;;0;0;false;0;false;;;0
daniele.romano@example.org;false;false;false;true;false;false;false;false;;0;0;false;0;false;;;0
marta.rizzo@example.org;false;false;false;true;false;false;false;false;;0;0;false;0;false;;;0
raffaella.giordano@example.org;false;false;false;true;false;true;false;false;;0;0;false;0;false;;;0
paolo.franco@example.org;false;false;false;false;false;true;true;false;;0;0;false;0;false;;;0
stefano.pesce@example.org;false;false;false;true;true;true;false;false;;0;0;false;0;false;;;0
susanna.salerno@example.org;false;false;false;true;false;false;false;false;;0;0;false;0;false;;;0
giulia.giuliani@example.org;false;false;false;true;false;false;false;false;;0;0;false;0;false;;;0
stefano.barbieri@example.org;false;false;false;false;false;true;true;false;;0;0;false;0;false;;;0
roberto.mazza@example.org;false;false;false;true;false;false;false;false;;0;0;false;0;false;;;0
chiara.leone@example.org;false;false;false;true;false;false;false;false;;0;0;false;0;false;;;0
serena.guerra@example.org;false;false;false;true;false;true;true;false;;0;0;false;0;false;;;0
valentina.fontana@example.org;false;false;false;false;false;true;true;false;;0;0;false;0;false;;;0
alessandro.leone@example.org;false;false;false;true;false;false;false;true;2025-10-15;4;0;false;0;false;;;0
emanuele.perini@example.org;false;false;false;false;false;true;false;false;;0;0;false;0;false;;;0
francesca.farina@example.org;false;false;false;false;false;true;true;false;;0;0;false;0;false;;;0
nicola.lorenzi@example.org;false;false;false;false;false;true;true;false;;0;0;false;0;false;;;0
marco.ferretti@example.org;false;false;false;true;false;false;false;false;;0;0;false;0;false;;;0
chiara.sala@example.org;false;false;false;true;true;true;true;true;2025-10-15;2;1;false;0;false;;;0
manuela.franco@example.org;false;false;false;true;true;true;true;false;;0;0;false;0;false;;;0
federico.landi@example.org;false;false;false;true;false;false;false;true;2025-10-15;1;1;false;0;false;;;0
luigi.negri@example.org;false;false;false;true;false;true;true;false;;0;0;false;0;false;;;0
ludovica.marchetti@example.org;false;false;false;false;false;true;true;false;;0;0;false;0;false;;;0
elena.sorrentino@example.org;false;false;false;true;false;true;true;true;2025-10-15;4;4;false;0;false;;;0
viola.esposito@example.org;false;false;false;true;false;false;false;false;;0;0;false;0;false;;;0
ludovica.barbieri@example.org;false;false;false;true;false;true;false;false;;0;0;false;0;false;;;0
vincenzo.desantis@example.org;false;false;false;true;false;false;false;false;;0;0;false;0;false;;;0
angela.abbate@example.org;false;false;false;false;false;true;true;false;;0;0;false;0;false;;;0
giuseppe.romano@example.org;false;false;false;true;false;false;false;false;;0;0;false;0;false;;;0
federica.negri@example.org;false;false;false;true;false;false;false;false;;0;0;false;0;false;;;0
antonio.franco@example.org;false;false;false;false;false;true;true;false;;0;0;false;0;false;;;0
nicola.gallo@example.org;false;false;false;false;false;true;true;false;;0;0;false;0;false;;;0
lorenzo.bacci@example.org;false;false;false;false;false;true;true;false;;0;0;false;0;false;;;0
margherita.denicola@example.org;false;false;false;false;false;true;true;false;;0;0;false;0;false;;;0
gabriele.bassi@example.org;false;false;false;false;false;true;true;false;;0;0;false;0;false;;;0
angela.lorenzi@example.org;false;false;false;false;false;true;false;false;;0;0;false;0;false;;;0
claudio.riva@example.org;false;false;false;true;false;false;false;false;;0;0;false;0;false;;;0
maria.montanari@example.org;false;false;false;true;false;false;false;false;;0;0;false;0;false;;;0
lorenzo.morelli@example.org;false;false;false;false;false;true;true;false;;0;0;false;0;false;;;0
maria.caruso@example.org;false;false;false;false;false;true;true;false;;0;0;false;0;false;;;0
giorgio.galli@example.org;false;false;false;true;true;true;false;false;;0;0;false;0;true;59;0.6394;1
stefano.desantis@example.org;false;false;false;true;false;false;false;false;;0;0;false;0;false;;;0
massimo.cirillo@example.org;false;false;false;false;false;true;true;false;;0;0;false;0;false;;;0
claudio.bernardi@example.org;false;false;false;false;false;true;false;false;;0;0;false;0;false;;;0
massimo.mariani@example.org;false;false;false;false;false;true;true;false;;0;0;false;0;false;;;0
alessandro.piras@example.org;false;false;false;true;false;false;false;false;;0;0;false;0;false;;;0
barbara.galli@example.org;false;false;false;false;false;true;true;false;;0;0;false;0;false;;;0
marta.leone@example.org;false;false;false;true;true;true;false;false;;0;0;false;0;false;;;0
ilaria.cerri@example.org;false;false;false;true;false;false;false;false;;0;0;false;0;false;;;0
simone.galli@example.org;false;false;false;true;false;false;false;false;;0;0;false;0;false;;;0
giovanni.bruno@example.org;false;false;false;false;false;true;false;false;;0;0;false;0;false;;;0
ilaria.vitale@example.org;false;false;false;true;false;false;false;false;;0;0;false;0;false;;;0
daniele.cardone@example.org;false;false;false;true;true;true;true;false;;0;0;false;0;true;59;0.6740;1
sofia.piras@example.org;false;false;false;true;false;false;false;false;;0;0;false;0;false;;;0
stefano.melchiorre@example.org;false;false;false;true;false;false;false;false;;0;0;false;0;false;;;0
teresa.bellini@example.org;false;false;false;true;false;false;false;false;;0;0;false;0;false;;;0
vittorio.sala@example.org;false;false;false;false;false;true;false;false;;0;0;false;0;false;;;0
michela.caruso@example.org;false;false;false;false;false;true;true;false;;0;0;false;0;false;;;0
giulio.pagano@example.org;false;false;false;false;false;true;true;true;2025-10-15;5;2;true;1;true;49;0.6892;1
riccardo.greco@example.org;false;false;false;false;false;true;false;true;2025-10-15;6;1;true;1;true;52;0.7774;0
valentina.ricci@example.org;false;false;false;true;false;true;false;false;;0;0;false;0;false;;;0
luca.palmieri@example.org;false;false;false;false;false;true;true;false;;0;0;false;0;false;;;0
giorgia.esposito@example.org;false;false;false;false;false;true;false;false;;0;0;false;0;true;45;0.5836;1
luigi.corsi@example.org;false;false;false;true;true;true;true;false;;0;0;false;0;false;;;0
jacopo.pellegrini@example.org;false;false;false;true;false;true;true;false;;0;0;false;0;false;;;0
rosanna.montanari@example.org;false;false;false;true;false;false;false;false;;0;0;false;0;false;;;0
sara.esposito@example.org;false;false;false;true;false;false;false;false;;0;0;false;0;false;;;0
ludovica.cristofaro@example.org;false;false;false;true;false;false;false;false;;0;0;false;0;false;;;0
francesca.lorenzi@example.org;false;false;false;true;false;false;false;false;;0;0;false;0;false;;;0
giulia.deluca@example.org;false;false;false;false;false;true;true;false;;0;0;false;0;false;;;0
caterina.parisi@example.org;false;false;false;true;false;false;false;false;;0;0;false;0;false;;;0
margherita.franco@example.org;false;false;false;true;false;false;false;false;;0;0;false;0;false;;;0
daniela.deluca@example.org;false;false;false;true;false;false;false;false;;0;0;false;0;false;;;0
alessandro.messina@example.org;false;false;false;false;false;true;true;false;;0;0;false;0;false;;;0
claudio.fumagalli@example.org;false;false;false;true;true;true;true;false;;0;0;false;0;false;;;0
antonio.antonelli@example.org;false;false;false;true;false;false;false;false;;0;0;false;0;true;49;0.7263;2
maria.guerra@example.org;false;false;false;false;false;true;true;false;;0;0;false;0;false;;;0
samuele.leone@example.org;false;false;false;true;true;true;true;false;;0;0;false;0;false;;;0
enrico.corsi@example.org;false;false;false;true;false;false;false;false;;0;0;false;0;false;;;0
luigi.palmieri@example.org;false;false;false;false;false;true;false;false;;0;0;false;0;false;;;0
giulio.sala@example.org;false;false;false;true;false;false;false;false;;0;0;false;0;false;;;0
viola.perini@example.org;false;false;false;true;false;false;false;false;;0;0;false;0;false;;;0
riccardo.mazza@example.org;false;false;false;true;false;true;true;false;;0;0;false;0;false;;;0
emanuele.volpe@example.org;false;false;false;false;false;true;true;false;;0;0;false;0;false;;;0
carlo.caruso@example.org;false;false;false;true;false;false;false;false;;0;0;false;0;false;;;0
mariangela.cardone@example.org;false;false;false;false;false;true;false;false;;0;0;false;0;false;;;0
valeria.agostini@example.org;false;false;false;false;false;true;true;false;;0;0;false;0;false;;;0
angela.moretti@example.org;false;false;false;true;false;false;false;false;;0;0;false;0;false;;;0
antonio.sala@example.org;false;false;false;true;false;false;false;false;;0;0;false;0;false;;;0
valeria.conte@example.org;false;false;false;false;false;true;false;false;;0;0;false;0;false;;;0
elena.cerri@example.org;false;false;false;false;false;true;true;false;;0;0;false;0;false;;;0
angela.rossi@example.org;false;false;false;false;false;true;false;false;;0;0;false;0;false;;;0
antonio.messina@example.org;false;false;false;true;false;false;false;false;;0;0;false;0;false;;;0
maria.fabbri@example.org;false;false;false;true;false;false;false;false;;0;0;false;0;false;;;0
anna.donati@example.org;false;false;false;true;false;false;false;false;;0;0;false;0;false;;;0
ludovica.bellini@example.org;false;false;false;true;false;false;false;false;;0;0;false;0;false;;;0
giacomo.deluca@example.org;false;false;false;false;false;true;true;false;;0;0;false;0;false;;;0
caterina.corsi@example.org;false;false;false;true;false;false;false;false;;0;0;false;0;false;;;0
roberto.cardone@example.org;false;false;false;true;false;false;false;false;;0;0;false;0;false;;;0
sofia.rossetti@example.org;false;false;false;true;false;false;false;false;;0;0;false;0;false;;;0
silvia.innocenti@example.org;false;false;false;false;false;true;true;false;;0;0;false;0;false;;;0
susanna.bacci@example.org;false;false;false;false;false;true;true;false;;0;0;false;0;false;;;0
giovanna.rizzo@example.org;false;false;false;true;false;false;false;false;;0;0;false;0;false;;;0
martina.bacci@example.org;false;false;false;true;false;false;false;false;;0;0;false;0;false;;;0
giorgia.corsi@example.org;false;false;false;true;false;false;false;false;;0;0;false;0;false;;;0
irene.rossi@example.org;false;false;false;false;false;true;true;false;;0;0;false;0;false;;;0
lorenzo.cristofaro@example.org;false;false;false;true;false;true;false;false;;0;0;false;0;false;;;0
jacopo.antonelli@example.org;false;false;false;false;false;true;true;false;;0;0;false;0;false;;;0
mauro.santoro@example.org;false;false;false;true;false;false;false;false;;0;0;false;0;false;;;0
filippo.valente@example.org;false;false;false;true;false;false;false;false;;0;0;false;0;false;;;0
lorenzo.palmieri@example.org;false;false;false;true;false;false;false;false;;0;0;false;0;false;;;0
laura.montanari@example.org;false;false;false;true;false;false;false;false;;0;0;false;0;false;;;0
roberto.fontana@example.org;false;false;false;true;false;false;false;false;;0;0;false;0;false;;;0
michele.leone@example.org;false;false;false;false;false;true;true;false;;0;0;false;0;false;;;0
claudia.neri@example.org;false;false;false;false;false;true;true;true;2025-10-15;2;1;false;0;false;;;0
irene.galli@example.org;false;false;false;true;false;false;false;false;;0;0;false;0;false;;;0
paolo.abbate@example.org;false;false;false;true;false;false;false;false;;0;0;false;0;false;;;0
stefano.leone@example.org;false;false;false;true;false;false;false;false;;0;0;false;0;false;;;0
giovanni.giordano@example.org;false;false;false;false;false;true;true;false;;0;0;false;0;false;;;0
martina.marini@example.org;false;false;false;true;false;false;false;false;;0;0;false;0;false;;;0
anna.barbieri@example.org;false;false;false;true;false;false;false;false;;0;0;false;0;false;;;0
alessandro.palmieri@example.org;false;false;false;true;false;true;true;false;;0;0;false;0;false;;;0
giovanni.bassi@example.org;false;false;false;true;false;false;false;true;2025-10-15;6;1;true;1;false;;;0
giacomo.donati@example.org;false;false;false;true;false;false;false;false;;0;0;false;0;false;;;0
margherita.milani@example.org;false;false;false;false;false;true;true;false;;0;0;false;0;false;;;0
elisa.damico@example.org;false;false;false;true;false;true;true;false;;0;0;false;0;false;;;0
jacopo.denicola@example.org;false;false;false;true;true;true;true;false;;0;0;false;0;false;;;0
gianluca.rossi@example.org;false;false;false;true;false;true;true;false;;0;0;false;0;false;;;0
ilaria.longo@example.org;false;false;false;true;false;true;true;false;;0;0;false;0;true;59;0.7051;2
federica.riva@example.org;false;false;false;true;false;false;false;false;;0;0;false;0;false;;;0
silvia.negri@example.org;false;false;false;true;false;false;false;false;;0;0;false;0;false;;;0
ludovica.carbone@example.org;false;false;false;false;false;true;true;false;;0;0;false;0;false;;;0
michela.bruni@example.org;false;false;false;true;false;false;false;false;;0;0;false;0;false;;;0
gabriele.ricci@example.org;false;false;false;true;false;false;false;false;;0;0;false;0;false;;;0
ludovica.landi@example.org;false;false;false;true;false;false;false;false;;0;0;false;0;false;;;0
vittorio.pagano@example.org;false;false;false;true;false;false;false;false;;0;0;false;0;false;;;0
francesco.romano@example.org;false;false;false;true;false;false;false;false;;0;0;false;0;false;;;0
michele.montanari@example.org;false;false;false;true;false;false;false;false;;0;0;false;0;false;;;0
matteo.abbate@example.org;false;false;false;true;false;false;false;false;;0;0;false;0;true;49;0.6681;0
giorgia.ferrari@example.org;false;false;false;true;false;false;false;false;;0;0;false;0;false;;;0
ludovica.sartori@example.org;false;false;false;true;true;true;false;false;;0;0;false;0;false;;;0
anna.bacci@example.org;false;false;false;true;false;false;false;false;;0;0;false;0;false;;;0
beatrice.benedetti@example.org;false;false;false;true;false;false;false;false;;0;0;false;0;false;;;0
gabriele.amato@example.org;false;false;false;false;false;true;true;false;;0;0;false;0;false;;;0
margherita.grassi@example.org;false;false;false;true;false;true;false;false;;0;0;false;0;false;;;0
valeria.negri@example.org;false;false;false;false;false;true;true;false;;0;0;false;0;false;;;0
daniele.desantis@example.org;false;false;false;true;false;false;false;false;;0;0;false;0;false;;;0
caterina.giordano@example.org;false;false;false;false;false;true;true;false;;0;0;false;0;false;;;0
emanuele.morelli@example.org;false;false;false;true;false;false;false;false;;0;0;false;0;false;;;0
samuele.cristofaro@example.org;false;false;false;true;false;false;false;false;;0;0;false;0;false;;;0
paola.sorrentino@example.org;false;false;false;true;false;false;false;false;;0;0;false;0;false;;;0
giulia.antonelli@example.org;false;false;false;false;false;true;true;false;;0;0;false;0;false;;;0
lorenzo.rizzo@example.org;false;false;false;true;false;false;false;false;;0;0;false;0;false;;;0
francesca.ruggiero@example.org;false;false;false;true;false;false;false;false;;0;0;false;0;false;;;0
sabrina.bianchi@example.org;false;false;false;true;false;false;false;false;;0;0;false;0;false;;;0
valentina.donati@example.org;false;false;false;false;false;true;false;false;;0;0;false;0;false;;;0
valentina.landi@example.org;false;false;false;true;false;false;false;false;;0;0;false;0;false;;;0
teresa.fumagalli@example.org;false;false;false;true;false;false;false;false;;0;0;false;0;false;;;0
serena.esposito@example.org;false;false;false;true;false;false;false;false;;0;0;false;0;false;;;0
angela.bruni@example.org;false;false;false;false;false;true;false;false;;0;0;false;0;false;;;0
giovanna.bernardi@example.org;false;false;false;false;false;true;true;false;;0;0;false;0;false;;;0
massimo.franco@example.org;false;false;false;true;false;true;true;false;;0;0;false;0;false;;;0
federico.rizzo@example.org;false;false;false;false;false;true;true;false;;0;0;false;0;false;;;0
margherita.montanari@example.org;false;false;false;true;false;true;false;false;;0;0;false;0;false;;;0
enrico.cirillo@example.org;false;false;false;true;false;false;false;false;;0;0;false;0;false;;;0
davide.corsi@example.org;false;false;false;true;false;false;false;false;;0;0;false;0;true;59;0.6521;2
mariangela.riva@example.org;false;false;false;true;false;false;false;false;;0;0;false;0;false;;;0
matteo.balestra@example.org;false;false;false;false;false;true;false;false;;0;0;false;0;false;;;0
raffaella.costa@example.org;false;false;false;true;false;false;false;true;2025-10-16;2;0;false;0;false;;;0
michela.cirillo@example.org;false;false;false;true;false;false;false;false;;0;0;false;0;false;;;0
roberta.fabbri@example.org;false;false;false;true;false;false;false;false;;0;0;false;0;false;;;0
teresa.volpe@example.org;false;false;false;true;false;false;false;false;;0;0;false;0;false;;;0
valentina.marchetti@example.org;false;false;false;true;false;false;false;false;;0;0;false;0;false;;;0
irene.morelli@example.org;false;false;false;true;false;false;false;false;;0;0;false;0;false;;;0
simone.antonelli@example.org;false;false;false;true;false;false;false;false;;0;0;false;0;false;;;0
angela.pesce@example.org;false;false;false;true;false;true;true;false;;0;0;false;0;false;;;0
gabriele.cattaneo@example.org;false;false;false;true;false;true;true;false;;0;0;false;0;false;;;0
giacomo.cattaneo@example.org;false;false;false;true;false;true;true;false;;0;0;false;0;false;;;0
raffaella.castelli@example.org;false;false;false;true;true;true;true;false;;0;0;false;0;false;;;0
elisa.rossi@example.org;false;false;false;true;false;false;false;false;;0;0;false;0;false;;;0
angela.colombo@example.org;false;false;false;true;false;true;true;false;;0;0;false;0;false;;;0
beatrice.castelli@example.org;false;false;false;false;false;true;true;false;;0;0;false;0;false;;;0
nicola.cerri@example.org;false;false;false;true;false;false;false;false;;0;0;false;0;false;;;0
giorgia.serra@example.org;false;false;false;false;false;true;true;false;;0;0;false;0;false;;;0
elena.pisani@example.org;false;false;false;false;false;true;true;false;;0;0;false;0;false;;;0
elisa.bassi@example.org;false;false;false;true;false;false;false;false;;0;0;false;0;false;;;0
sara.fiore@example.org;false;false;false;true;true;true;false;false;;0;0;false;0;false;;;0
ilaria.romano@example.org;false;false;false;false;false;true;true;false;;0;0;false;0;false;;;0
riccardo.castelli@example.org;false;false;false;false;false;true;false;true;2025-10-15;3;0;false;0;false;;;0
federica.ricci@example.org;false;false;false;true;false;false;false;false;;0;0;false;0;false;;;0
laura.gentile@example.org;false;false;false;false;false;true;true;false;;0;0;false;0;false;;;0
angela.gatti@example.org;false;false;false;true;false;true;true;false;;0;0;false;0;true;57;0.6236;2
daniela.iacobelli@example.org;false;false;false;false;false;true;true;false;;0;0;false;0;false;;;0
valeria.lombardi@example.org;false;false;false;true;false;true;true;false;;0;0;false;0;false;;;0
serena.colombo@example.org;false;false;false;true;false;false;false;false;;0;0;false;0;false;;;0
roberta.denicola@example.org;false;false;false;true;false;false;false;true;2025-10-16;3;2;false;0;false;;;0
marco.montanari@example.org;false;false;false;false;false;true;false;true;2025-10-15;2;1;false;0;false;;;0
filippo.bonetti@example.org;false;false;false;false;false;true;true;false;;0;0;false;0;false;;;0
rosanna.lombardi@example.org;false;false;false;true;false;false;false;false;;0;0;false;0;false;;;0
claudio.franco@example.org;false;false;false;true;false;false;false;false;;0;0;false;0;false;;;0
paola.caputo@example.org;false;false;false;false;false;true;true;false;;0;0;false;0;false;;;0
valentina.cattaneo@example.org;false;false;false;false;false;true;true;false;;0;0;false;0;false;;;0
marta.zanetti@example.org;false;false;false;true;false;false;false;false;;0;0;false;0;false;;;0
giulio.bruni@example.org;false;false;false;false;false;true;true;false;;0;0;false;0;false;;;0
daniela.mancini@example.org;false;false;false;false;false;true;true;false;;0;0;false;0;true;42;0.6221;2
federico.guerra@example.org;false;false;false;false;false;true;true;true;2025-10-15;5;0;false;0;false;;;0
margherita.caruso@example.org;false;false;false;false;false;true;true;false;;0;0;false;0;false;;;0
jacopo.grassi@example.org;false;false;false;true;false;false;false;false;;0;0;false;0;false;;;0
chiara.gentile@example.org;false;false;false;true;false;false;false;false;;0;0;false;0;false;;;0
lorenzo.romano@example.org;false;false;false;true;true;true;true;false;;0;0;false;0;false;;;0
cristina.ruggiero@example.org;false;false;false;false;false;true;true;false;;0;0;false;0;false;;;0
serena.pagano@example.org;false;false;false;false;false;true;true;false;;0;0;false;0;false;;;0
francesca.negri@example.org;false;false;false;true;false;false;false;false;;0;0;false;0;false;;;0
raffaella.fiore@example.org;false;false;false;true;false;true;true;false;;0;0;false;0;false;;;0
roberto.gallo@example.org;false;false;false;false;false;true;true;false;;0;0;false;0;false;;;0
vincenzo.pagano@example.org;false;false;false;false;false;true;true;false;;0;0;false;0;false;;;0
federico.russo@example.org;false;false;false;true;false;false;false;true;2025-10-17;2;2;false;0;false;;;0
chiara.galli@example.org;false;false;false;true;false;true;true;false;;0;0;false;0;false;;;0
cristina.antonelli@example.org;false;false;false;true;false;true;false;false;;0;0;false;0;false;;;0
lorenzo.moretti@example.org;false;false;false;false;false;true;true;false;;0;0;false;0;false;;;0
paola.costa@example.org;false;false;false;true;false;false;false;false;;0;0;false;0;false;;;0
raffaella.denicola@example.org;false;false;false;false;false;true;true;false;;0;0;false;0;false;;;0
sara.gatti@example.org;false;false;false;true;false;true;false;false;;0;0;false;0;false;;;0
sara.giuliani@example.org;false;false;false;true;false;true;true;false;;0;0;false;0;false;;;0
beatrice.mariani@example.org;false;false;false;true;false;false;false;false;;0;0;false;0;false;;;0
mariangela.balestra@example.org;false;false;false;true;false;true;true;false;;0;0;false;0;false;;;0
filippo.abbate@example.org;false;false;false;false;false;true;true;false;;0;0;false;0;false;;;0
daniele.donati@example.org;false;false;false;true;false;false;false;false;;0;0;false;0;false;;;0
luca.serra@example.org;false;false;false;false;false;true;true;false;;0;0;false;0;false;;;0
margherita.rizzo@example.org;false;false;false;true;false;true;true;false;;0;0;false;0;false;;;0
ilaria.pisani@example.org;false;false;false;true;false;false;false;false;;0;0;false;0;false;;;0
michela.marini@example.org;false;false;false;true;false;true;false;false;;0;0;false;0;false;;;0
serena.mariani@example.org;false;false;false;true;false;false;false;false;;0;0;false;0;false;;;0
daniele.bellini@example.org;false;false;false;true;false;true;false;false;;0;0;false;0;false;;;0
massimo.pagano@example.org;false;false;false;true;false;false;false;false;;0;0;false;0;false;;;0
elisa.farina@example.org;false;false;false;true;false;false;false;false;;0;0;false;0;false;;;0
teresa.ferretti@example.org;false;false;false;false;false;true;true;false;;0;0;false;0;false;;;0
tommaso.manfredi@example.org;false;false;false;false;false;false;false;true;2025-10-15;3;0;false;0;false;;;0
matteo.martelli@example.org;false;false;false;false;false;false;false;true;2025-10-15;3;0;false;0;false;;;0
ludovica.agostini@example.org;false;false;false;false;false;false;false;true;2025-10-16;3;1;false;0;false;;;0
maria.romano@example.org;false;false;false;false;false;false;false;true;2025-10-16;4;2;true;2;false;;;0
marta.perini@example.org;false;false;false;false;false;false;false;true;2025-10-16;7;2;true;2;true;45;0.5928;2
gianluca.abbate@example.org;false;false;false;false;false;false;false;true;2025-10-16;5;0;true;1;false;;;0
beatrice.bruni@example.org;false;false;false;false;false;false;false;true;2025-10-17;5;1;true;0;false;;;0
marta.rossi@example.org;false;false;false;false;false;false;false;true;2025-10-16;2;2;false;0;false;;;0
paola.barbieri@example.org;false;false;false;false;false;false;false;true;2025-10-16;3;1;false;0;false;;;0
emanuele.corsi@example.org;false;false;false;false;false;false;false;true;2025-10-15;4;0;false;0;false;;;0
matteo.colombo@example.org;false;false;false;false;false;false;false;true;2025-10-16;4;0;true;4;true;59;0.7096;2
mariangela.moretti@example.org;false;false;false;false;false;false;false;true;2025-10-15;5;1;false;0;false;;;0
simone.deluca@example.org;false;false;false;false;false;false;false;true;2025-10-15;4;1;false;0;true;55;0.5043;1
massimo.cavallo@example.org;false;false;false;false;false;false;false;true;2025-10-16;6;1;true;3;false;;;0
margherita.ferrari@example.org;false;false;false;false;false;false;false;true;2025-10-15;5;2;true;0;false;;;0
filippo.ruggiero@example.org;false;false;false;false;false;false;false;true;2025-10-17;3;0;false;0;true;55;0.5909;1
giovanna.giuliani@example.org;false;false;false;false;false;false;false;true;2025-10-16;4;0;true;7;true;32;0.6213;2
alessandro.bruno@example.org;false;false;false;false;false;false;false;true;2025-10-16;4;1;true;0;true;59;0.6300;0
carlo.santoro@example.org;false;false;false;false;false;false;false;true;2025-10-16;4;1;true;6;false;;;0
lucia.riva@example.org;false;false;false;false;false;false;false;true;2025-10-16;1;1;false;0;false;;;0
massimo.esposito@example.org;false;false;false;false;false;false;false;true;2025-10-16;2;0;false;0;true;46;0.5998;2
monica.nardi@example.org;false;false;false;false;false;false;false;true;2025-10-15;3;3;false;0;false;;;0
mauro.ariemma@example.org;false;false;false;false;false;false;false;true;2025-10-15;3;1;false;0;true;37;0.5371;1
carlo.corsi@example.org;false;false;false;false;false;false;false;true;2025-10-16;3;1;false;0;false;;;0
raffaella.cerri@example.org;false;false;false;false;false;false;false;true;2025-10-16;4;0;true;0;false;;;0
federica.sorrentino@example.org;false;false;false;false;false;false;false;true;2025-10-16;3;2;false;0;true;48;0.6288;2
emanuele.bacci@example.org;false;false;false;false;false;false;false;true;2025-10-17;5;2;true;6;true;54;0.6007;0
laura.valente@example.org;false;false;false;false;false;false;false;true;2025-10-17;2;1;false;0;false;;;0
giorgio.bernardi@example.org;false;false;false;false;false;false;false;true;2025-10-15;4;0;false;0;true;37;0.7373;2
luca.neri@example.org;false;false;false;false;false;false;false;true;2025-10-15;3;0;false;0;true;47;0.6716;2
lucia.sala@example.org;false;false;false;false;false;false;false;true;2025-10-15;3;1;false;0;false;;;0
giacomo.grassi@example.org;false;false;false;false;false;false;false;true;2025-10-15;4;1;false;0;false;;;0
margherita.cerri@example.org;false;false;false;false;false;false;false;true;2025-10-17;3;2;false;0;false;;;0
paola.salerno@example.org;false;false;false;false;false;false;false;true;2025-10-15;6;0;true;0;false;;;0
marco.cerri@example.org;false;false;false;false;false;false;false;true;2025-10-16;2;2;false;0;true;39;0.7347;1
sofia.ferrara@example.org;false;false;false;false;false;false;false;true;2025-10-17;2;0;false;0;false;;;0
susanna.landi@example.org;false;false;false;false;false;false;false;true;2025-10-16;4;2;false;0;false;;;0
anna.russo@example.org;false;false;false;false;false;false;false;true;2025-10-16;2;0;false;0;false;;;0
massimo.longo@example.org;false;false;false;false;false;false;false;true;2025-10-16;4;0;true;1;true;45;0.6981;1
michele.mazza@example.org;false;false;false;false;false;false;false;true;2025-10-16;5;0;true;4;false;;;0
valentina.gallo@example.org;false;false;false;false;false;false;false;true;2025-10-16;5;0;true;0;true;59;0.7287;1
giuseppe.caruso@example.org;false;false;false;false;false;false;false;true;2025-10-16;2;2;false;0;false;;;0
margherita.ferretti@example.org;false;false;false;false;false;false;false;true;2025-10-15;3;2;false;0;true;58;0.6087;1
giorgio.vitale@example.org;false;false;false;false;false;false;false;true;2025-10-15;3;0;false;0;true;44;0.6437;1
roberta.amato@example.org;false;false;false;false;false;false;false;true;2025-10-16;6;2;true;2;true;48;0.8089;2
paolo.ferretti@example.org;false;false;false;false;false;false;false;true;2025-10-17;4;1;true;2;false;;;0
alessandro.cattaneo@example.org;false;false;false;false;false;false;false;true;2025-10-15;3;0;false;0;false;;;0
lucia.cerri@example.org;false;false;false;false;false;false;false;true;2025-10-15;2;2;false;0;false;;;0
carlo.denicola@example.org;false;false;false;false;false;false;false;true;2025-10-16;6;1;true;2;false;;;0
emanuele.mariani@example.org;false;false;false;false;false;false;false;true;2025-10-16;3;0;false;0;false;;;0
giacomo.serra@example.org;false;false;false;false;false;false;false;true;2025-10-15;3;0;false;0;false;;;0
francesca.sala@example.org;false;false;false;false;false;false;false;true;2025-10-15;4;2;false;0;false;;;0
jacopo.cardone@example.org;false;false;false;false;false;false;false;true;2025-10-18;1;1;false;0;false;;;0
mauro.ferrara@example.org;false;false;false;false;false;false;false;true;2025-10-16;5;0;true;2;false;;;0
jacopo.poli@example.org;false;false;false;false;false;false;false;true;2025-10-16;1;1;false;0;false;;;0
paola.desantis@example.org;false;false;false;false;false;false;false;true;2025-10-15;2;2;false;0;false;;;0
luca.bernardi@example.org;false;false;false;false;false;false;false;true;2025-10-16;4;2;true;1;false;;;0
giovanni.iacobelli@example.org;false;false;false;false;false;false;false;true;2025-10-16;4;0;true;3;false;;;0
giovanna.romano@example.org;false;false;false;false;false;false;false;false;;0;0;false;0;true;52;0.7046;1
andrea.bacci@example.org;false;false;false;false;false;false;false;false;;0;0;false;0;true;48;0.6368;0
lucia.lombardi@example.org;false;false;false;false;false;false;false;false;;0;0;false;0;true;49;0.7401;0
enrico.innocenti@example.org;false;false;false;false;false;false;false;false;;0;0;false;0;true;59;0.6909;1
marco.giordano@example.org;false;false;false;false;false;false;false;false;;0;0;false;0;true;53;0.7155;1
michela.serra@example.org;false;false;false;false;false;false;false;false;;0;0;false;0;true;59;0.6008;1
giorgio.volpe@example.org;false;false;false;false;false;false;false;false;;0;0;false;0;true;59;0.7364;2
giorgia.palmieri@example.org;false;false;false;false;false;false;false;false;;0;0;false;0;true;47;0.7684;0
stefano.borghi@example.org;false;false;false;false;false;false;false;false;;0;0;false;0;true;59;0.6939;1
francesco.russo@example.org;false;false;false;false;false;false;false;false;;0;0;false;0;true;46;0.7359;2
luca.valente@example.org;false;false;false;false;false;false;false;false;;0;0;false;0;true;59;0.7838;0
raffaella.esposito@example.org;false;false;false;false;false;false;false;false;;0;0;false;0;true;52;0.6757;2
maria.caputo@example.org;false;false;false;false;false;false;false;false;;0;0;false;0;true;59;0.6891;2
gianluca.negri@example.org;false;false;false;false;false;false;false;false;;0;0;false;0;true;55;0.6567;1
marta.lombardi@example.org;false;false;false;false;false;false;false;false;;0;0;false;0;true;43;0.5768;2
giulio.corsi@example.org;false;false;false;false;false;false;false;false;;0;0;false;0;true;46;0.6875;2
jacopo.monaco@example.org;false;false;false;false;false;false;false;false;;0;0;false;0;true;48;0.6177;2
serena.longo@example.org;false;false;false;false;false;false;false;false;;0;0;false;0;true;55;0.6896;1
