ID;Nome e cognome;Email (chiave);Tipologia stakeholder;Regione;Canale di ingaggio;In database DEM
1;Claudio Landi;claudio.landi@example.org;HCP - Endocrinologo;Toscana;Database DEM;true
2;Luigi Mazza;luigi.mazza@example.org;HCP - Infermiere / Educatore;Lombardia;Database DEM;true
3;Sara Piras;sara.piras@example.org;Studio medico / Ambulatorio;Piemonte;Database DEM;true
4;Margherita Pesce;margherita.pesce@example.org;HCP - Diabetologo;Emilia-Romagna;Database DEM;true
5;Paola Sartori;paola.sartori@example.org;HCP - Infermiere / Educatore;Lombardia;Database DEM;true
6;Nicola Amato;nicola.amato@example.org;HCP - Diabetologo;Marche;Database DEM;true
7;Matteo Caruso;matteo.caruso@example.org;Studio medico / Ambulatorio;Lombardia;Database DEM;true
8;Cristina Marchetti;cristina.marchetti@example.org;HCP - Infermiere / Educatore;Puglia;Database DEM;true
9;Alessandro Poli;alessandro.poli@example.org;Altro / Industry;Lombardia;Database DEM;true
10;Daniela Carbone;daniela.carbone@example.org;Studio medico / Ambulatorio;Lombardia;Database DEM;true
11;Viola Gallo;viola.gallo@example.org;HCP - Medico di medicina generale;Veneto;Database DEM;true
12;Giacomo Parisi;giacomo.parisi@example.org;Studio medico / Ambulatorio;Sardegna;Database DEM;true
13;Serena Marini;serena.marini@example.org;HCP - Diabetologo;Veneto;Database DEM;true
14;Luigi Martelli;luigi.martelli@example.org;HCP - Endocrinologo;Friuli-Venezia Giulia;Database DEM;true
15;Luigi Desantis;luigi.desantis@example.org;HCP - Medico di medicina generale;Lombardia;Database DEM;true
16;Giovanna Donati;giovanna.donati@example.org;HCP - Diabetologo;Lazio;Database DEM;true
17;Giovanna Serra;giovanna.serra@example.org;HCP - Infermiere / Educatore;Liguria;Database DEM;true
18;Giulia Moretti;giulia.moretti@example.org;HCP - Diabetologo;Friuli-Venezia Giulia;Database DEM;true
19;Gabriele Bernardi;gabriele.bernardi@example.org;Farmacia ospedaliera;Campania;Database DEM;true
20;Nicola Carbone;nicola.carbone@example.org;Altro / Industry;Emilia-Romagna;Database DEM;true
21;Giuseppe Cirillo;giuseppe.cirillo@example.org;HCP - Endocrinologo;Emilia-Romagna;Database DEM;true
22;Caterina Grassi;caterina.grassi@example.org;HCP - Infermiere / Educatore;Piemonte;Database DEM;true
23;Alessandro Caruso;alessandro.caruso@example.org;HCP - Diabetologo;Emilia-Romagna;Database DEM;true
24;Serena Cristofaro;serena.cristofaro@example.org;HCP - Diabetologo;Lazio;Database DEM;true
25;Barbara Antonelli;barbara.antonelli@example.org;HCP - Endocrinologo;Liguria;Database DEM;true
26;Massimo Bonetti;massimo.bonetti@example.org;HCP - Diabetologo;Lombardia;Database DEM;true
27;Vittorio Bianchi;vittorio.bianchi@example.org;Studio medico / Ambulatorio;Sicilia;Database DEM;true
28;Enrico Rossi;enrico.rossi@example.org;Studio medico / Ambulatorio;Emilia-Romagna;Database DEM;true
29;Angela Toscano;angela.toscano@example.org;HCP - Diabetologo;Lombardia;Database DEM;true
30;Angela Morelli;angela.morelli@example.org;HCP - Infermiere / Educatore;Campania;Database DEM;true
31;Sara Cirillo;sara.cirillo@example.org;Studio medico / Ambulatorio;Puglia;Database DEM;true
32;Samuele Cerri;samuele.cerri@example.org;Altro / Industry;Campania;Database DEM;true
33;Elisa Monaco;elisa.monaco@example.org;HCP - Medico di medicina generale;Piemonte;Database DEM;true
34;Martina Longo;martina.longo@example.org;Farmacia ospedaliera;Lombardia;Database DEM;true
35;Roberta Parisi;roberta.parisi@example.org;Studio medico / Ambulatorio;Veneto;Database DEM;true
36;Riccardo Santoro;riccardo.santoro@example.org;HCP - Medico di medicina generale;Lazio;Database DEM;true
37;Giulia Milani;giulia.milani@example.org;HCP - Medico di medicina generale;Piemonte;Database DEM;true
38;Tommaso Fiore;tommaso.fiore@example.org;HCP - Endocrinologo;Campania;Database DEM;true
39;Samuele Corsi;samuele.corsi@example.org;HCP - Medico di medicina generale;Campania;Database DEM;true
40;Lucia Poli;lucia.poli@example.org;HCP - Diabetologo;Lombardia;Database DEM;true
41;Angela Valente;angela.valente@example.org;Studio medico / Ambulatorio;Lombardia;Database DEM;true
42;Mariangela Bruno;mariangela.bruno@example.org;HCP - Diabetologo;Emilia-Romagna;Database DEM;true
43;Giorgia Donati;giorgia.donati@example.org;HCP - Infermiere / Educatore;Abruzzo;Database DEM;true
44;Giorgia Benedetti;giorgia.benedetti@example.org;Farmacia ospedaliera;Lombardia;Database DEM;true
45;Claudio Damico;claudio.damico@example.org;HCP - Endocrinologo;Sicilia;Database DEM;true
46;Beatrice Landi;beatrice.landi@example.org;HCP - Endocrinologo;Sicilia;Database DEM;true
47;Giulio Guerra;giulio.guerra@example.org;HCP - Diabetologo;Campania;Database DEM;true
48;Giorgio Franco;giorgio.franco@example.org;HCP - Diabetologo;Lazio;Database DEM;true
49;Luigi Monaco;luigi.monaco@example.org;HCP - Diabetologo;Piemonte;Database DEM;true
50;Anna Giuliani;anna.giuliani@example.org;HCP - Diabetologo;Puglia;Database DEM;true
51;Viola Caruso;viola.caruso@example.org;HCP - Endocrinologo;Emilia-Romagna;Database DEM;true
52;Ilaria Ruggiero;ilaria.ruggiero@example.org;HCP - Infermiere / Educatore;Campania;Database DEM;true
53;Serena Sartori;serena.sartori@example.org;HCP - Diabetologo;Sicilia;Database DEM;true
54;Susanna Testa;susanna.testa@example.org;HCP - Infermiere / Educatore;Toscana;Database DEM;true
55;Margherita Barbieri;margherita.barbieri@example.org;Studio medico / Ambulatorio;Veneto;Database DEM;true
56;Matteo Palmieri;matteo.palmieri@example.org;HCP - Infermiere / Educatore;Lombardia;Database DEM;true
57;Paolo Monaco;paolo.monaco@example.org;HCP - Diabetologo;Campania;Database DEM;true
58;Marco Farina;marco.farina@example.org;HCP - Diabetologo;Sardegna;Database DEM;true
59;Stefano Caputo;stefano.caputo@example.org;HCP - Diabetologo;Veneto;Database DEM;true
60;Daniele Gentile;daniele.gentile@example.org;HCP - Diabetologo;Lombardia;Database DEM;true
61;Pietro Pagano;pietro.pagano@example.org;Studio medico / Ambulatorio;Lombardia;Database DEM;true
62;Lucia Giuliani;lucia.giuliani@example.org;Altro / Industry;Friuli-Venezia Giulia;Database DEM;true
63;Daniele Farina;daniele.farina@example.org;HCP - Infermiere / Educatore;Campania;Database DEM;true
64;Martina Toscano;martina.toscano@example.org;HCP - Diabetologo;Toscana;Database DEM;true
65;Roberto Grassi;roberto.grassi@example.org;HCP - Diabetologo;Abruzzo;Database DEM;true
66;Valentina Melchiorre;valentina.melchiorre@example.org;HCP - Endocrinologo;Lazio;Database DEM;true
67;Francesco Melchiorre;francesco.melchiorre@example.org;HCP - Diabetologo;Abruzzo;Database DEM;true
68;Manuela Costa;manuela.costa@example.org;HCP - Endocrinologo;Friuli-Venezia Giulia;Database DEM;true
69;Silvia Lorenzi;silvia.lorenzi@example.org;HCP - Endocrinologo;Marche;Database DEM;true
70;Antonio Castelli;antonio.castelli@example.org;HCP - Medico di medicina generale;Campania;Database DEM;true
71;Michela Esposito;michela.esposito@example.org;HCP - Diabetologo;Campania;Database DEM;true
72;Nicola Deluca;nicola.deluca@example.org;Direzione sanitaria;Lazio;Database DEM;true
73;Riccardo Pellegrini;riccardo.pellegrini@example.org;HCP - Medico di medicina generale;Campania;Database DEM;true
74;Samuele Nardi;samuele.nardi@example.org;HCP - Diabetologo;Lombardia;Database DEM;true
75;Vincenzo Galli;vincenzo.galli@example.org;HCP - Diabetologo;Lombardia;Database DEM;true
76;Gabriele Rizzo;gabriele.rizzo@example.org;HCP - Endocrinologo;Sicilia;Database DEM;true
77;Francesco Sala;francesco.sala@example.org;HCP - Medico di medicina generale;Calabria;Database DEM;true
78;Gianluca Moretti;gianluca.moretti@example.org;HCP - Diabetologo;Liguria;Database DEM;true
79;Valentina Giuliani;valentina.giuliani@example.org;HCP - Endocrinologo;Toscana;Database DEM;true
80;Giorgio Testa;giorgio.testa@example.org;HCP - Infermiere / Educatore;Liguria;Database DEM;true
81;Alessandro Bassi;alessandro.bassi@example.org;Direzione sanitaria;Liguria;Database DEM;true
82;Serena Giordano;serena.giordano@example.org;Farmacia ospedaliera;Toscana;Database DEM;true
83;Riccardo Innocenti;riccardo.innocenti@example.org;HCP - Medico di medicina generale;Puglia;Database DEM;true
84;Angela Giuliani;angela.giuliani@example.org;HCP - Diabetologo;Lombardia;Database DEM;true
85;Lorenzo Denicola;lorenzo.denicola@example.org;HCP - Diabetologo;Lazio;Database DEM;true
86;Filippo Ferretti;filippo.ferretti@example.org;HCP - Medico di medicina generale;Puglia;Database DEM;true
87;Valeria Bruno;valeria.bruno@example.org;Studio medico / Ambulatorio;Lazio;Database DEM;true
88;Andrea Carbone;andrea.carbone@example.org;HCP - Diabetologo;Lazio;Database DEM;true
89;Massimo Bernardi;massimo.bernardi@example.org;Altro / Industry;Puglia;Database DEM;true
90;Federica Amato;federica.amato@example.org;HCP - Diabetologo;Emilia-Romagna;Database DEM;true
91;Roberta Manfredi;roberta.manfredi@example.org;HCP - Medico di medicina generale;Lazio;Database DEM;true
92;Claudia Santoro;claudia.santoro@example.org;HCP - Endocrinologo;Veneto;Database DEM;true
93;Roberto Ricci;roberto.ricci@example.org;HCP - Diabetologo;Lombardia;Database DEM;true
94;Tommaso Ricci;tommaso.ricci@example.org;Studio medico / Ambulatorio;Veneto;Database DEM;true
95;Serena Desantis;serena.desantis@example.org;HCP - Diabetologo;Marche;Database DEM;true
96;Laura Denicola;laura.denicola@example.org;HCP - Endocrinologo;Piemonte;Database DEM;true
97;Marco Franco;marco.franco@example.org;Studio medico / Ambulatorio;Lombardia;Database DEM;true
98;Cristina Vitale;cristina.vitale@example.org;Studio medico / Ambulatorio;Lazio;Database DEM;true
99;Matteo Bellini;matteo.bellini@example.org;HCP - Diabetologo;Lombardia;Database DEM;true
100;Marta Amato;marta.amato@example.org;HCP - Endocrinologo;Sicilia;Database DEM;true
101;Raffaella Gallo;raffaella.gallo@example.org;HCP - Diabetologo;Lombardia;Database DEM;true
102;Claudia Gatti;claudia.gatti@example.org;HCP - Diabetologo;Abruzzo;Database DEM;true
103;Serena Carbone;serena.carbone@example.org;Direzione sanitaria;Lombardia;Database DEM;true
104;Pietro Cirillo;pietro.cirillo@example.org;HCP - Endocrinologo;Puglia;Database DEM;true
105;Jacopo Leone;jacopo.leone@example.org;HCP - Infermiere / Educatore;Piemonte;Database DEM;true
106;Pietro Conte;pietro.conte@example.org;HCP - Diabetologo;Friuli-Venezia Giulia;Database DEM;true
107;Riccardo Longo;riccardo.longo@example.org;HCP - Diabetologo;Puglia;Database DEM;true
108;Elena Bernardi;elena.bernardi@example.org;HCP - Medico di medicina generale;Friuli-Venezia Giulia;Database DEM;true
109;Silvia Deluca;silvia.deluca@example.org;HCP - Infermiere / Educatore;Toscana;Database DEM;true
110;Enrico Greco;enrico.greco@example.org;HCP - Endocrinologo;Lombardia;Database DEM;true
111;Caterina Franco;caterina.franco@example.org;HCP - Infermiere / Educatore;Sardegna;Database DEM;true
112;Michela Barbieri;michela.barbieri@example.org;HCP - Medico di medicina generale;Emilia-Romagna;Database DEM;true
113;Irene Ferretti;irene.ferretti@example.org;HCP - Endocrinologo;Campania;Database DEM;true
114;Andrea Franco;andrea.franco@example.org;Studio medico / Ambulatorio;Lombardia;Database DEM;true
115;Irene Neri;irene.neri@example.org;HCP - Medico di medicina generale;Campania;Database DEM;true
116;Antonio Manfredi;antonio.manfredi@example.org;HCP - Infermiere / Educatore;Liguria;Database DEM;true
117;Luca Ricci;luca.ricci@example.org;HCP - Diabetologo;Lazio;Database DEM;true
118;Paola Esposito;paola.esposito@example.org;HCP - Medico di medicina generale;Liguria;Database DEM;true
119;Jacopo Colombo;jacopo.colombo@example.org;HCP - Diabetologo;Piemonte;Database DEM;true
120;Rosanna Parisi;rosanna.parisi@example.org;HCP - Diabetologo;Puglia;Database DEM;true
121;Paolo Bianco;paolo.bianco@example.org;HCP - Diabetologo;Lazio;Database DEM;true
122;Samuele Conte;samuele.conte@example.org;HCP - Diabetologo;Lazio;Database DEM;true
123;Sofia Franco;sofia.franco@example.org;HCP - Diabetologo;Lazio;Database DEM;true
124;Vittorio Bonetti;vittorio.bonetti@example.org;HCP - Medico di medicina generale;Lazio;Database DEM;true
125;Serena Lombardi;serena.lombardi@example.org;HCP - Diabetologo;Lombardia;Database DEM;true
126;Mauro Farina;mauro.farina@example.org;Studio medico / Ambulatorio;Veneto;Database DEM;true
127;Massimo Innocenti;massimo.innocenti@example.org;HCP - Medico di medicina generale;Sicilia;Database DEM;true
128;Jacopo Ruggiero;jacopo.ruggiero@example.org;HCP - Medico di medicina generale;Lazio;Database DEM;true
129;Giovanni Esposito;giovanni.esposito@example.org;HCP - Infermiere / Educatore;Sicilia;Database DEM;true
130;Marco Ricci;marco.ricci@example.org;HCP - Endocrinologo;Veneto;Database DEM;true
131;Giorgio Esposito;giorgio.esposito@example.org;HCP - Diabetologo;Lombardia;Database DEM;true
132;Filippo Galli;filippo.galli@example.org;Studio medico / Ambulatorio;Campania;Database DEM;true
133;Manuela Cattaneo;manuela.cattaneo@example.org;HCP - Endocrinologo;Campania;Database DEM;true
134;Sofia Zanetti;sofia.zanetti@example.org;HCP - Medico di medicina generale;Emilia-Romagna;Database DEM;true
135;Luigi Giordano;luigi.giordano@example.org;HCP - Endocrinologo;Campania;Database DEM;true
136;Margherita Mancini;margherita.mancini@example.org;Farmacia ospedaliera;Sardegna;Database DEM;true
137;Alessandro Rossi;alessandro.rossi@example.org;Direzione sanitaria;Abruzzo;Database DEM;true
138;Giovanni Fabbri;giovanni.fabbri@example.org;HCP - Infermiere / Educatore;Lombardia;Database DEM;true
139;Giuseppe Costa;giuseppe.costa@example.org;HCP - Medico di medicina generale;Friuli-Venezia Giulia;Database DEM;true
140;Filippo Fiore;filippo.fiore@example.org;HCP - Diabetologo;Toscana;Database DEM;true
141;Giorgia Moretti;giorgia.moretti@example.org;HCP - Diabetologo;Friuli-Venezia Giulia;Database DEM;true
142;Ludovica Conte;ludovica.conte@example.org;Studio medico / Ambulatorio;Veneto;Database DEM;true
143;Claudio Sala;claudio.sala@example.org;HCP - Diabetologo;Puglia;Database DEM;true
144;Ilaria Gatti;ilaria.gatti@example.org;Direzione sanitaria;Emilia-Romagna;Database DEM;true
145;Teresa Valente;teresa.valente@example.org;Farmacia ospedaliera;Puglia;Database DEM;true
146;Anna Riva;anna.riva@example.org;HCP - Diabetologo;Toscana;Database DEM;true
147;Francesca Giordano;francesca.giordano@example.org;HCP - Diabetologo;Lombardia;Database DEM;true
148;Paola Zanetti;paola.zanetti@example.org;HCP - Diabetologo;Lazio;Database DEM;true
149;Vincenzo Pesce;vincenzo.pesce@example.org;HCP - Medico di medicina generale;Lombardia;Database DEM;true
150;Claudia Ariemma;claudia.ariemma@example.org;Studio medico / Ambulatorio;Lazio;Database DEM;true
151;Silvia Lombardi;silvia.lombardi@example.org;HCP - Diabetologo;Sicilia;Database DEM;true
152;Ludovica Lombardi;ludovica.lombardi@example.org;Farmacia ospedaliera;Piemonte;Database DEM;true
153;Roberto Bruni;roberto.bruni@example.org;Farmacia ospedaliera;Marche;Database DEM;true
154;Pietro Rizzo;pietro.rizzo@example.org;HCP - Diabetologo;Veneto;Database DEM;true
155;Viola Sartori;viola.sartori@example.org;HCP - Diabetologo;Sicilia;Database DEM;true
156;Ludovica Cardone;ludovica.cardone@example.org;Studio medico / Ambulatorio;Emilia-Romagna;Database DEM;true
157;Manuela Ricci;manuela.ricci@example.org;HCP - Diabetologo;Toscana;Database DEM;true
158;Anna Bianchi;anna.bianchi@example.org;HCP - Diabetologo;Veneto;Database DEM;true
159;Elisa Ariemma;elisa.ariemma@example.org;HCP - Endocrinologo;Calabria;Database DEM;true
160;Giulio Bernardi;giulio.bernardi@example.org;HCP - Infermiere / Educatore;Emilia-Romagna;Database DEM;true
161;Massimo Neri;massimo.neri@example.org;HCP - Endocrinologo;Lombardia;Database DEM;true
162;Stefano Fiore;stefano.fiore@example.org;HCP - Infermiere / Educatore;Emilia-Romagna;Database DEM;true
163;Luca Fumagalli;luca.fumagalli@example.org;HCP - Endocrinologo;Lazio;Database DEM;true
164;Manuela Parisi;manuela.parisi@example.org;HCP - Diabetologo;Veneto;Database DEM;true
165;Michele Gentile;michele.gentile@example.org;HCP - Medico di medicina generale;Lazio;Database DEM;true
166;Marta Messina;marta.messina@example.org;HCP - Medico di medicina generale;Liguria;Database DEM;true
167;Sabrina Lombardi;sabrina.lombardi@example.org;HCP - Medico di medicina generale;Veneto;Database DEM;true
168;Claudia Esposito;claudia.esposito@example.org;HCP - Diabetologo;Lazio;Database DEM;true
169;Valentina Agostini;valentina.agostini@example.org;Studio medico / Ambulatorio;Sicilia;Database DEM;true
170;Ludovica Ferrari;ludovica.ferrari@example.org;HCP - Endocrinologo;Lombardia;Database DEM;true
171;Giulio Zanini;giulio.zanini@example.org;HCP - Diabetologo;Lombardia;Database DEM;true
172;Elisa Serra;elisa.serra@example.org;HCP - Medico di medicina generale;Emilia-Romagna;Database DEM;true
173;Massimo Antonelli;massimo.antonelli@example.org;HCP - Diabetologo;Veneto;Database DEM;true
174;Nicola Santoro;nicola.santoro@example.org;HCP - Endocrinologo;Piemonte;Database DEM;true
175;Susanna Carbone;susanna.carbone@example.org;HCP - Infermiere / Educatore;Lombardia;Database DEM;true
176;Matteo Marchetti;matteo.marchetti@example.org;Direzione sanitaria;Lazio;Database DEM;true
177;Rosanna Cardone;rosanna.cardone@example.org;Studio medico / Ambulatorio;Lombardia;Database DEM;true
178;Giovanna Zanini;giovanna.zanini@example.org;HCP - Medico di medicina generale;Puglia;Database DEM;true
179;Caterina Fabbri;caterina.fabbri@example.org;HCP - Infermiere / Educatore;Emilia-Romagna;Database DEM;true
180;Massimo Salerno;massimo.salerno@example.org;Altro / Industry;Puglia;Database DEM;true
181;Lucia Guerra;lucia.guerra@example.org;HCP - Diabetologo;Campania;Database DEM;true
182;Paola Gatti;paola.gatti@example.org;Studio medico / Ambulatorio;Calabria;Database DEM;true
183;Marco Galli;marco.galli@example.org;HCP - Diabetologo;Lazio;Database DEM;true
184;Chiara Franco;chiara.franco@example.org;Direzione sanitaria;Sicilia;Database DEM;true
185;Stefano Donati;stefano.donati@example.org;Studio medico / Ambulatorio;Puglia;Database DEM;true
186;Marco Sorrentino;marco.sorrentino@example.org;HCP - Diabetologo;Veneto;Database DEM;true
187;Paola Cerri;paola.cerri@example.org;HCP - Infermiere / Educatore;Veneto;Database DEM;true
188;Emanuele Deluca;emanuele.deluca@example.org;HCP - Endocrinologo;Friuli-Venezia Giulia;Database DEM;true
189;Giorgio Fontana;giorgio.fontana@example.org;HCP - Endocrinologo;Lazio;Database DEM;true
190;Angela Bellini;angela.bellini@example.org;HCP - Diabetologo;Veneto;Database DEM;true
191;Antonio Esposito;antonio.esposito@example.org;Farmacia ospedaliera;Lazio;Database DEM;true
192;Emanuele Rossi;emanuele.rossi@example.org;HCP - Endocrinologo;Veneto;Database DEM;true
193;Daniela Negri;daniela.negri@example.org;HCP - Medico di medicina generale;Lazio;Database DEM;true
194;Marco Orlando;marco.orlando@example.org;Studio medico / Ambulatorio;Piemonte;Database DEM;true
195;Margherita Cardone;margherita.cardone@example.org;HCP - Medico di medicina generale;Campania;Database DEM;true
196;Giuseppe Bernardi;giuseppe.bernardi@example.org;HCP - Diabetologo;Emilia-Romagna;Database DEM;true
197;Laura Guerra;laura.guerra@example.org;HCP - Diabetologo;Emilia-Romagna;Database DEM;true
198;Cristina Denicola;cristina.denicola@example.org;HCP - Infermiere / Educatore;Lazio;Database DEM;true
199;Vincenzo Bacci;vincenzo.bacci@example.org;Altro / Industry;Lazio;Database DEM;true
200;Michela Sartori;michela.sartori@example.org;HCP - Endocrinologo;Liguria;Database DEM;true
201;Giorgia Costa;giorgia.costa@example.org;HCP - Medico di medicina generale;Liguria;Database DEM;true
202;Daniele Serra;daniele.serra@example.org;HCP - Diabetologo;Toscana;Database DEM;true
203;Sabrina Orlando;sabrina.orlando@example.org;HCP - Medico di medicina generale;Friuli-Venezia Giulia;Database DEM;true
204;Claudia Bruno;claudia.bruno@example.org;HCP - Diabetologo;Emilia-Romagna;Database DEM;true
205;Serena Russo;serena.russo@example.org;HCP - Endocrinologo;Campania;Database DEM;true
206;Teresa Denicola;teresa.denicola@example.org;HCP - Medico di medicina generale;Liguria;Database DEM;true
207;Ilaria Barbieri;ilaria.barbieri@example.org;Studio medico / Ambulatorio;Lazio;Database DEM;true
208;Massimo Ruggiero;massimo.ruggiero@example.org;HCP - Diabetologo;Emilia-Romagna;Database DEM;true
209;Anna Mancini;anna.mancini@example.org;HCP - Endocrinologo;Campania;Database DEM;true
210;Giorgio Carbone;giorgio.carbone@example.org;HCP - Medico di medicina generale;Campania;Database DEM;true
211;Caterina Fontana;caterina.fontana@example.org;Studio medico / Ambulatorio;Marche;Database DEM;true
212;Elena Cattaneo;elena.cattaneo@example.org;HCP - Endocrinologo;Lombardia;Database DEM;true
213;Cristina Zanini;cristina.zanini@example.org;HCP - Endocrinologo;Lombardia;Database DEM;true
214;Paolo Deluca;paolo.deluca@example.org;HCP - Diabetologo;Sicilia;Database DEM;true
215;Andrea Monaco;andrea.monaco@example.org;Studio medico / Ambulatorio;Liguria;Database DEM;true
216;Giorgio Bacci;giorgio.bacci@example.org;Altro / Industry;Toscana;Database DEM;true
217;Maria Mazza;maria.mazza@example.org;HCP - Diabetologo;Emilia-Romagna;Database DEM;true
218;Carlo Pesce;carlo.pesce@example.org;HCP - Diabetologo;Lazio;Database DEM;true
219;Angela Cirillo;angela.cirillo@example.org;HCP - Infermiere / Educatore;Lazio;Database DEM;true
220;Raffaella Melchiorre;raffaella.melchiorre@example.org;HCP - Infermiere / Educatore;Umbria;Database DEM;true
221;Paola Innocenti;paola.innocenti@example.org;Studio medico / Ambulatorio;Sardegna;Database DEM;true
222;Giacomo Ferrari;giacomo.ferrari@example.org;HCP - Endocrinologo;Lombardia;Database DEM;true
223;Mauro Benedetti;mauro.benedetti@example.org;Altro / Industry;Veneto;Database DEM;true
224;Simone Barbieri;simone.barbieri@example.org;HCP - Diabetologo;Veneto;Database DEM;true
225;Marco Denicola;marco.denicola@example.org;HCP - Diabetologo;Emilia-Romagna;Database DEM;true
226;Margherita Sanna;margherita.sanna@example.org;HCP - Endocrinologo;Lombardia;Database DEM;true
227;Mauro Silvestri;mauro.silvestri@example.org;Studio medico / Ambulatorio;Lombardia;Database DEM;true
228;Martina Ferretti;martina.ferretti@example.org;HCP - Infermiere / Educatore;Lombardia;Database DEM;true
229;Irene Greco;irene.greco@example.org;HCP - Endocrinologo;Lombardia;Database DEM;true
230;Michela Sala;michela.sala@example.org;HCP - Medico di medicina generale;Abruzzo;Database DEM;true
231;Giulia Parisi;giulia.parisi@example.org;HCP - Infermiere / Educatore;Puglia;Database DEM;true
232;Francesco Ricci;francesco.ricci@example.org;Altro / Industry;Lazio;Database DEM;true
233;Michele Perini;michele.perini@example.org;HCP - Medico di medicina generale;Liguria;Database DEM;true
234;Lorenzo Sala;lorenzo.sala@example.org;HCP - Infermiere / Educatore;Piemonte;Database DEM;true
235;Monica Cristofaro;monica.cristofaro@example.org;HCP - Diabetologo;Veneto;Database DEM;true
236;Manuela Fiore;manuela.fiore@example.org;HCP - Endocrinologo;Lombardia;Database DEM;true
237;Paolo Desantis;paolo.desantis@example.org;Farmacia ospedaliera;Lombardia;Database DEM;true
238;Valentina Piras;valentina.piras@example.org;Studio medico / Ambulatorio;Emilia-Romagna;Database DEM;true
239;Angela Pellegrini;angela.pellegrini@example.org;Farmacia ospedaliera;Friuli-Venezia Giulia;Database DEM;true
240;Lorenzo Neri;lorenzo.neri@example.org;HCP - Infermiere / Educatore;Lombardia;Database DEM;true
241;Federico Cirillo;federico.cirillo@example.org;HCP - Diabetologo;Lombardia;Database DEM;true
242;Paola Riva;paola.riva@example.org;HCP - Infermiere / Educatore;Liguria;Database DEM;true
243;Sara Salerno;sara.salerno@example.org;HCP - Medico di medicina generale;Lombardia;Database DEM;true
244;Cristina Borghi;cristina.borghi@example.org;HCP - Diabetologo;Campania;Database DEM;true
245;Federico Leone;federico.leone@example.org;HCP - Infermiere / Educatore;Sicilia;Database DEM;true
246;Mariangela Antonelli;mariangela.antonelli@example.org;HCP - Diabetologo;Campania;Database DEM;true
247;Claudia Carbone;claudia.carbone@example.org;HCP - Infermiere / Educatore;Umbria;Database DEM;true
248;Marco Valente;marco.valente@example.org;HCP - Diabetologo;Lombardia;Database DEM;true
249;Simone Bellini;simone.bellini@example.org;HCP - Medico di medicina generale;Emilia-Romagna;Database DEM;true
250;Manuela Desantis;manuela.desantis@example.org;Studio medico / Ambulatorio;Abruzzo;Database DEM;true
251;Anna Romano;anna.romano@example.org;Altro / Industry;Toscana;Database DEM;true
252;Francesco Borghi;francesco.borghi@example.org;HCP - Endocrinologo;Sicilia;Database DEM;true
253;Silvia Fumagalli;silvia.fumagalli@example.org;HCP - Infermiere / Educatore;Sardegna;Database DEM;true
254;Caterina Abbate;caterina.abbate@example.org;Direzione sanitaria;Toscana;Database DEM;true
255;Susanna Ricci;susanna.ricci@example.org;HCP - Diabetologo;Lombardia;Database DEM;true
256;Laura Ruggiero;laura.ruggiero@example.org;HCP - Diabetologo;Campania;Database DEM;true
257;Antonio Mazza;antonio.mazza@example.org;HCP - Diabetologo;Veneto;Database DEM;true
258;Stefano Sala;stefano.sala@example.org;HCP - Medico di medicina generale;Abruzzo;Database DEM;true
259;Mauro Grassi;mauro.grassi@example.org;HCP - Infermiere / Educatore;Puglia;Database DEM;true
260;Chiara Lorenzi;chiara.lorenzi@example.org;HCP - Diabetologo;Lombardia;Database DEM;true
261;Luigi Mancini;luigi.mancini@example.org;HCP - Medico di medicina generale;Sicilia;Database DEM;true
262;Elisa Sanna;elisa.sanna@example.org;HCP - Diabetologo;Piemonte;Database DEM;true
263;Daniela Pesce;daniela.pesce@example.org;HCP - Endocrinologo;Lombardia;Database DEM;true
264;Giorgio Gentile;giorgio.gentile@example.org;Studio medico / Ambulatorio;Toscana;Database DEM;true
265;Raffaella Vitale;raffaella.vitale@example.org;Studio medico / Ambulatorio;Marche;Database DEM;true
266;Mariangela Bacci;mariangela.bacci@example.org;HCP - Diabetologo;Sardegna;Database DEM;true
267;Simone Mancini;simone.mancini@example.org;HCP - Endocrinologo;Veneto;Database DEM;true
268;Lorenzo Ferrari;lorenzo.ferrari@example.org;HCP - Diabetologo;Lombardia;Database DEM;true
269;Manuela Gatti;manuela.gatti@example.org;HCP - Diabetologo;Piemonte;Database DEM;true
270;Mauro Palmieri;mauro.palmieri@example.org;HCP - Medico di medicina generale;Marche;Database DEM;true
271;Gianluca Balestra;gianluca.balestra@example.org;HCP - Infermiere / Educatore;Lazio;Database DEM;true
272;Giuseppe Innocenti;giuseppe.innocenti@example.org;Studio medico / Ambulatorio;Veneto;Database DEM;true
273;Mariangela Messina;mariangela.messina@example.org;HCP - Diabetologo;Calabria;Database DEM;true
274;Gianluca Zanetti;gianluca.zanetti@example.org;Studio medico / Ambulatorio;Campania;Database DEM;true
275;Jacopo Bianco;jacopo.bianco@example.org;HCP - Infermiere / Educatore;Campania;Database DEM;true
276;Viola Mazza;viola.mazza@example.org;Studio medico / Ambulatorio;Marche;Database DEM;true
277;Viola Grassi;viola.grassi@example.org;Studio medico / Ambulatorio;Lombardia;Database DEM;true
278;Valentina Grassi;valentina.grassi@example.org;Farmacia ospedaliera;Emilia-Romagna;Database DEM;true
279;Viola Orlando;viola.orlando@example.org;HCP - Infermiere / Educatore;Piemonte;Database DEM;true
280;Sofia Bruno;sofia.bruno@example.org;HCP - Endocrinologo;Veneto;Database DEM;true
281;Giovanna Vitale;giovanna.vitale@example.org;Altro / Industry;Emilia-Romagna;Database DEM;true
282;Teresa Cerri;teresa.cerri@example.org;HCP - Infermiere / Educatore;Lazio;Database DEM;true
283;Teresa Deluca;teresa.deluca@example.org;HCP - Diabetologo;Lombardia;Database DEM;true
284;Paola Testa;paola.testa@example.org;Farmacia ospedaliera;Lombardia;Database DEM;true
285;Giovanna Carbone;giovanna.carbone@example.org;Studio medico / Ambulatorio;Piemonte;Database DEM;true
286;Matteo Iacobelli;matteo.iacobelli@example.org;HCP - Diabetologo;Veneto;Database DEM;true
287;Monica Fontana;monica.fontana@example.org;Studio medico / Ambulatorio;Piemonte;Database DEM;true
288;Nicola Marini;nicola.marini@example.org;HCP - Endocrinologo;Lombardia;Database DEM;true
289;Sofia Damico;sofia.damico@example.org;HCP - Diabetologo;Lombardia;Database DEM;true
290;Roberto Bassi;roberto.bassi@example.org;Altro / Industry;Lombardia;Database DEM;true
291;Viola Benedetti;viola.benedetti@example.org;HCP - Diabetologo;Lazio;Database DEM;true
292;Raffaella Sanna;raffaella.sanna@example.org;HCP - Medico di medicina generale;Lazio;Database DEM;true
293;Andrea Bianco;andrea.bianco@example.org;HCP - Diabetologo;Lazio;Database DEM;true
294;Federica Ruggiero;federica.ruggiero@example.org;HCP - Diabetologo;Puglia;Database DEM;true
295;Rosanna Sanna;rosanna.sanna@example.org;HCP - Infermiere / Educatore;Lombardia;Database DEM;true
296;Sara Mancini;sara.mancini@example.org;Altro / Industry;Piemonte;Database DEM;true
297;Caterina Martini;caterina.martini@example.org;HCP - Diabetologo;Lombardia;Database DEM;true
298;Roberto Messina;roberto.messina@example.org;HCP - Medico di medicina generale;Lombardia;Database DEM;true
299;Daniela Cerri;daniela.cerri@example.org;HCP - Diabetologo;Sicilia;Database DEM;true
300;Gianluca Caruso;gianluca.caruso@example.org;HCP - Endocrinologo;Lombardia;Database DEM;true
301;Ilaria Castelli;ilaria.castelli@example.org;HCP - Medico di medicina generale;Piemonte;Database DEM;true
302;Paolo Zanini;paolo.zanini@example.org;Farmacia ospedaliera;Sicilia;Database DEM;true
303;Antonio Valente;antonio.valente@example.org;HCP - Infermiere / Educatore;Veneto;Database DEM;true
304;Roberta Ferretti;roberta.ferretti@example.org;Farmacia ospedaliera;Puglia;Database DEM;true
305;Giovanni Cristofaro;giovanni.cristofaro@example.org;Studio medico / Ambulatorio;Liguria;Database DEM;true
306;Paola Perini;paola.perini@example.org;HCP - Infermiere / Educatore;Puglia;Database DEM;true
307;Ludovica Monaco;ludovica.monaco@example.org;Farmacia ospedaliera;Liguria;Database DEM;true
308;Giacomo Volpe;giacomo.volpe@example.org;HCP - Diabetologo;Campania;Database DEM;true
309;Serena Perini;serena.perini@example.org;HCP - Endocrinologo;Lombardia;Database DEM;true
310;Emanuele Innocenti;emanuele.innocenti@example.org;HCP - Endocrinologo;Lombardia;Database DEM;true
311;Andrea Guerra;andrea.guerra@example.org;HCP - Endocrinologo;Marche;Database DEM;true
312;Beatrice Bacci;beatrice.bacci@example.org;HCP - Medico di medicina generale;Campania;Database DEM;true
313;Giacomo Giuliani;giacomo.giuliani@example.org;HCP - Diabetologo;Lombardia;Database DEM;true
314;Michela Ferrari;michela.ferrari@example.org;HCP - Diabetologo;Lazio;Database DEM;true
315;Luigi Balestra;luigi.balestra@example.org;HCP - Medico di medicina generale;Calabria;Database DEM;true
316;Manuela Bellini;manuela.bellini@example.org;HCP - Diabetologo;Lombardia;Database DEM;true
317;Marta Franco;marta.franco@example.org;HCP - Infermiere / Educatore;Piemonte;Database DEM;true
318;Giovanna Bacci;giovanna.bacci@example.org;HCP - Diabetologo;Campania;Database DEM;true
319;Angela Iacobelli;angela.iacobelli@example.org;Direzione sanitaria;Sicilia;Database DEM;true
320;Giulia Rossetti;giulia.rossetti@example.org;Farmacia ospedaliera;Toscana;Database DEM;true
321;Gianluca Pesce;gianluca.pesce@example.org;HCP - Infermiere / Educatore;Lombardia;Database DEM;true
322;Davide Serra;davide.serra@example.org;Studio medico / Ambulatorio;Puglia;Database DEM;true
323;Riccardo Zanetti;riccardo.zanetti@example.org;Studio medico / Ambulatorio;Lombardia;Database DEM;true
324;Valentina Greco;valentina.greco@example.org;HCP - Diabetologo;Puglia;Database DEM;true
325;Maria Cerri;maria.cerri@example.org;HCP - Endocrinologo;Campania;Database DEM;true
326;Francesco Mazza;francesco.mazza@example.org;HCP - Endocrinologo;Lombardia;Database DEM;true
327;Martina Santoro;martina.santoro@example.org;Studio medico / Ambulatorio;Lazio;Database DEM;true
328;Vittorio Negri;vittorio.negri@example.org;HCP - Medico di medicina generale;Sicilia;Database DEM;true
329;Antonio Bianchi;antonio.bianchi@example.org;Altro / Industry;Calabria;Database DEM;true
330;Gianluca Rossetti;gianluca.rossetti@example.org;Altro / Industry;Veneto;Database DEM;true
331;Laura Caputo;laura.caputo@example.org;Direzione sanitaria;Lazio;Database DEM;true
332;Enrico Volpe;enrico.volpe@example.org;HCP - Diabetologo;Sicilia;Database DEM;true
333;Luca Moretti;luca.moretti@example.org;Studio medico / Ambulatorio;Toscana;Database DEM;true
334;Gianluca Fontana;gianluca.fontana@example.org;HCP - Diabetologo;Sicilia;Database DEM;true
335;Alessandro Melchiorre;alessandro.melchiorre@example.org;HCP - Diabetologo;Piemonte;Database DEM;true
336;Marco Perini;marco.perini@example.org;Farmacia ospedaliera;Lazio;Database DEM;true
337;Claudio Romano;claudio.romano@example.org;HCP - Medico di medicina generale;Lazio;Database DEM;true
338;Elena Esposito;elena.esposito@example.org;HCP - Medico di medicina generale;Veneto;Database DEM;true
339;Maria Fumagalli;maria.fumagalli@example.org;Farmacia ospedaliera;Veneto;Database DEM;true
340;Samuele Mariani;samuele.mariani@example.org;HCP - Diabetologo;Marche;Database DEM;true
341;Sofia Cavallo;sofia.cavallo@example.org;HCP - Medico di medicina generale;Abruzzo;Database DEM;true
342;Chiara Bassi;chiara.bassi@example.org;HCP - Diabetologo;Lombardia;Database DEM;true
343;Giorgia Bianchi;giorgia.bianchi@example.org;HCP - Diabetologo;Campania;Database DEM;true
344;Antonio Vitale;antonio.vitale@example.org;HCP - Endocrinologo;Emilia-Romagna;Database DEM;true
345;Vittorio Romano;vittorio.romano@example.org;HCP - Infermiere / Educatore;Lazio;Database DEM;true
346;Martina Cerri;martina.cerri@example.org;HCP - Infermiere / Educatore;Toscana;Database DEM;true
347;Michele Damico;michele.damico@example.org;HCP - Infermiere / Educatore;Lombardia;Database DEM;true
348;Emanuele Pesce;emanuele.pesce@example.org;HCP - Infermiere / Educatore;Friuli-Venezia Giulia;Database DEM;true
349;Roberta Balestra;roberta.balestra@example.org;Studio medico / Ambulatorio;Toscana;Database DEM;true
350;Irene Bassi;irene.bassi@example.org;HCP - Endocrinologo;Emilia-Romagna;Database DEM;true
351;Sofia Ruggiero;sofia.ruggiero@example.org;HCP - Diabetologo;Lombardia;Database DEM;true
352;Giovanna Gatti;giovanna.gatti@example.org;HCP - Diabetologo;Umbria;Database DEM;true
353;Davide Pesce;davide.pesce@example.org;HCP - Infermiere / Educatore;Lazio;Database DEM;true
354;Serena Caruso;serena.caruso@example.org;HCP - Endocrinologo;Toscana;Database DEM;true
355;Federica Abbate;federica.abbate@example.org;Farmacia ospedaliera;Sicilia;Database DEM;true
356;Teresa Bruni;teresa.bruni@example.org;HCP - Endocrinologo;Veneto;Database DEM;true
357;Sofia Sorrentino;sofia.sorrentino@example.org;HCP - Diabetologo;Marche;Database DEM;true
358;Daniele Longo;daniele.longo@example.org;Studio medico / Ambulatorio;Abruzzo;Database DEM;true
359;Mauro Fumagalli;mauro.fumagalli@example.org;HCP - Diabetologo;Veneto;Database DEM;true
360;Teresa Poli;teresa.poli@example.org;HCP - Endocrinologo;Lazio;Database DEM;true
361;Mariangela Lorenzi;mariangela.lorenzi@example.org;HCP - Diabetologo;Liguria;Database DEM;true
362;Margherita Ferrara;margherita.ferrara@example.org;HCP - Diabetologo;Piemonte;Database DEM;true
363;Susanna Cavallo;susanna.cavallo@example.org;HCP - Diabetologo;Lombardia;Database DEM;true
364;Valentina Silvestri;valentina.silvestri@example.org;Altro / Industry;Lombardia;Database DEM;true
365;Michele Caruso;michele.caruso@example.org;HCP - Infermiere / Educatore;Emilia-Romagna;Database DEM;true
366;Giorgia Manfredi;giorgia.manfredi@example.org;HCP - Infermiere / Educatore;Sicilia;Database DEM;true
367;Enrico Pesce;enrico.pesce@example.org;HCP - Diabetologo;Lazio;Database DEM;true
368;Silvia Poli;silvia.poli@example.org;HCP - Endocrinologo;Piemonte;Database DEM;true
369;Lucia Sanna;lucia.sanna@example.org;HCP - Diabetologo;Lombardia;Database DEM;true
370;Davide Antonelli;davide.antonelli@example.org;Studio medico / Ambulatorio;Piemonte;Database DEM;true
371;Ilaria Conte;ilaria.conte@example.org;HCP - Diabetologo;Lombardia;Database DEM;true
372;Samuele Cattaneo;samuele.cattaneo@example.org;Studio medico / Ambulatorio;Puglia;Database DEM;true
373;Michele Gallo;michele.gallo@example.org;HCP - Medico di medicina generale;Lombardia;Database DEM;true
374;Mariangela Montanari;mariangela.montanari@example.org;HCP - Diabetologo;Sicilia;Database DEM;true
375;Giovanni Ferretti;giovanni.ferretti@example.org;HCP - Endocrinologo;Veneto;Database DEM;true
376;Davide Fontana;davide.fontana@example.org;Studio medico / Ambulatorio;Emilia-Romagna;Database DEM;true
377;Stefano Farina;stefano.farina@example.org;HCP - Diabetologo;Calabria;Database DEM;true
378;Manuela Mancini;manuela.mancini@example.org;HCP - Medico di medicina generale;Campania;Database DEM;true
379;Stefano Rossetti;stefano.rossetti@example.org;Farmacia ospedaliera;Puglia;Database DEM;true
380;Luca Testa;luca.testa@example.org;Direzione sanitaria;Sicilia;Database DEM;true
381;Giulia Bruni;giulia.bruni@example.org;Direzione sanitaria;Sicilia;Database DEM;true
382;Mariangela Santoro;mariangela.santoro@example.org;HCP - Diabetologo;Veneto;Database DEM;true
383;Michele Poli;michele.poli@example.org;HCP - Infermiere / Educatore;Lazio;Database DEM;true
384;Matteo Poli;matteo.poli@example.org;Direzione sanitaria;Lombardia;Database DEM;true
385;Francesco Bassi;francesco.bassi@example.org;HCP - Infermiere / Educatore;Piemonte;Database DEM;true
386;Paola Cavallo;paola.cavallo@example.org;Studio medico / Ambulatorio;Friuli-Venezia Giulia;Database DEM;true
387;Lorenzo Pagano;lorenzo.pagano@example.org;Direzione sanitaria;Lombardia;Database DEM;true
388;Sabrina Parisi;sabrina.parisi@example.org;HCP - Diabetologo;Toscana;Database DEM;true
389;Davide Sorrentino;davide.sorrentino@example.org;HCP - Infermiere / Educatore;Piemonte;Database DEM;true
390;Ilaria Russo;ilaria.russo@example.org;HCP - Medico di medicina generale;Lombardia;Database DEM;true
391;Rosanna Cattaneo;rosanna.cattaneo@example.org;HCP - Medico di medicina generale;Emilia-Romagna;Database DEM;true
392;Gianluca Giordano;gianluca.giordano@example.org;HCP - Diabetologo;Lombardia;Database DEM;true
393;Riccardo Parisi;riccardo.parisi@example.org;Direzione sanitaria;Campania;Database DEM;true
394;Irene Fumagalli;irene.fumagalli@example.org;HCP - Diabetologo;Puglia;Database DEM;true
395;Giulia Mazza;giulia.mazza@example.org;HCP - Infermiere / Educatore;Calabria;Database DEM;true
396;Francesco Giordano;francesco.giordano@example.org;HCP - Diabetologo;Lombardia;Database DEM;true
397;Nicola Testa;nicola.testa@example.org;HCP - Diabetologo;Umbria;Database DEM;true
398;Raffaella Marini;raffaella.marini@example.org;Farmacia ospedaliera;Sicilia;Database DEM;true
399;Enrico Caputo;enrico.caputo@example.org;Direzione sanitaria;Sicilia;Database DEM;true
400;Anna Ferrara;anna.ferrara@example.org;HCP - Endocrinologo;Lombardia;Database DEM;true
401;Jacopo Greco;jacopo.greco@example.org;Farmacia ospedaliera;Marche;Database DEM;true
402;Manuela Giordano;manuela.giordano@example.org;HCP - Endocrinologo;Puglia;Database DEM;true
403;Emanuele Ariemma;emanuele.ariemma@example.org;Direzione sanitaria;Marche;Database DEM;true
404;Giulio Zanetti;giulio.zanetti@example.org;Farmacia ospedaliera;Emilia-Romagna;Database DEM;true
405;Michela Donati;michela.donati@example.org;Farmacia ospedaliera;Piemonte;Database DEM;true
406;Giulio Bianchi;giulio.bianchi@example.org;HCP - Diabetologo;Friuli-Venezia Giulia;Database DEM;true
407;Tommaso Borghi;tommaso.borghi@example.org;HCP - Diabetologo;Lombardia;Database DEM;true
408;Laura Palmieri;laura.palmieri@example.org;HCP - Diabetologo;Abruzzo;Database DEM;true
409;Stefano Giordano;stefano.giordano@example.org;Direzione sanitaria;Lombardia;Database DEM;true
410;Silvia Cirillo;silvia.cirillo@example.org;HCP - Infermiere / Educatore;Umbria;Database DEM;true
411;Giulia Negri;giulia.negri@example.org;Farmacia ospedaliera;Campania;Database DEM;true
412;Anna Gentile;anna.gentile@example.org;HCP - Medico di medicina generale;Toscana;Database DEM;true
413;Paola Bruni;paola.bruni@example.org;HCP - Endocrinologo;Lombardia;Database DEM;true
414;Giuseppe Donati;giuseppe.donati@example.org;HCP - Endocrinologo;Toscana;Database DEM;true
415;Nicola Sala;nicola.sala@example.org;Direzione sanitaria;Puglia;Database DEM;true
416;Cristina Orlando;cristina.orlando@example.org;HCP - Medico di medicina generale;Puglia;Database DEM;true
417;Emanuele Negri;emanuele.negri@example.org;HCP - Diabetologo;Veneto;Database DEM;true
418;Francesco Grassi;francesco.grassi@example.org;Farmacia ospedaliera;Sicilia;Database DEM;true
419;Elisa Rossetti;elisa.rossetti@example.org;Altro / Industry;Lombardia;Database DEM;true
420;Sara Damico;sara.damico@example.org;HCP - Medico di medicina generale;Lombardia;Database DEM;true
421;Roberta Cardone;roberta.cardone@example.org;Studio medico / Ambulatorio;Veneto;Database DEM;true
422;Angela Russo;angela.russo@example.org;Farmacia ospedaliera;Lombardia;Database DEM;true
423;Chiara Bruno;chiara.bruno@example.org;Studio medico / Ambulatorio;Sicilia;Database DEM;true
424;Jacopo Parisi;jacopo.parisi@example.org;HCP - Diabetologo;Lombardia;Database DEM;true
425;Antonio Russo;antonio.russo@example.org;HCP - Medico di medicina generale;Lombardia;Database DEM;true
426;Caterina Bianco;caterina.bianco@example.org;HCP - Medico di medicina generale;Lombardia;Database DEM;true
427;Mauro Giuliani;mauro.giuliani@example.org;HCP - Endocrinologo;Marche;Database DEM;true
428;Beatrice Pisani;beatrice.pisani@example.org;HCP - Infermiere / Educatore;Emilia-Romagna;Database DEM;true
429;Samuele Fumagalli;samuele.fumagalli@example.org;Direzione sanitaria;Lazio;Database DEM;true
430;Cristina Riva;cristina.riva@example.org;HCP - Diabetologo;Sardegna;Database DEM;true
431;Vittorio Ricci;vittorio.ricci@example.org;HCP - Diabetologo;Lazio;Database DEM;true
432;Lorenzo Montanari;lorenzo.montanari@example.org;HCP - Medico di medicina generale;Veneto;Database DEM;true
433;Claudia Guerra;claudia.guerra@example.org;HCP - Diabetologo;Liguria;Database DEM;true
434;Francesca Volpe;francesca.volpe@example.org;HCP - Endocrinologo;Liguria;Database DEM;true
435;Francesco Amato;francesco.amato@example.org;HCP - Endocrinologo;Liguria;Database DEM;true
436;Sabrina Rossi;sabrina.rossi@example.org;HCP - Endocrinologo;Puglia;Database DEM;true
437;Manuela Ferretti;manuela.ferretti@example.org;Farmacia ospedaliera;Piemonte;Database DEM;true
438;Giovanni Russo;giovanni.russo@example.org;HCP - Medico di medicina generale;Lazio;Database DEM;true
439;Claudia Damico;claudia.damico@example.org;HCP - Diabetologo;Lombardia;Database DEM;true
440;Alessandro Castelli;alessandro.castelli@example.org;HCP - Diabetologo;Campania;Database DEM;true
441;Federica Cardone;federica.cardone@example.org;HCP - Infermiere / Educatore;Sicilia;Database DEM;true
442;Beatrice Perini;beatrice.perini@example.org;Farmacia ospedaliera;Marche;Database DEM;true
443;Marco Borghi;marco.borghi@example.org;Studio medico / Ambulatorio;Sicilia;Database DEM;true
444;Anna Martelli;anna.martelli@example.org;HCP - Medico di medicina generale;Sardegna;Database DEM;true
445;Valentina Ferrara;valentina.ferrara@example.org;HCP - Endocrinologo;Veneto;Database DEM;true
446;Giacomo Mariani;giacomo.mariani@example.org;HCP - Medico di medicina generale;Veneto;Database DEM;true
447;Rosanna Ferrari;rosanna.ferrari@example.org;HCP - Diabetologo;Veneto;Database DEM;true
448;Mariangela Toscano;mariangela.toscano@example.org;HCP - Medico di medicina generale;Campania;Database DEM;true
449;Michela Borghi;michela.borghi@example.org;HCP - Diabetologo;Emilia-Romagna;Database DEM;true
450;Mariangela Castelli;mariangela.castelli@example.org;Direzione sanitaria;Sicilia;Database DEM;true
451;Ludovica Esposito;ludovica.esposito@example.org;HCP - Infermiere / Educatore;Lombardia;Database DEM;true
452;Francesco Bernardi;francesco.bernardi@example.org;HCP - Infermiere / Educatore;Liguria;Database DEM;true
453;Riccardo Ruggiero;riccardo.ruggiero@example.org;HCP - Endocrinologo;Emilia-Romagna;Database DEM;true
454;Simone Landi;simone.landi@example.org;HCP - Endocrinologo;Lazio;Database DEM;true
455;Daniele Santoro;daniele.santoro@example.org;HCP - Medico di medicina generale;Toscana;Database DEM;true
456;Valentina Guerra;valentina.guerra@example.org;HCP - Endocrinologo;Sicilia;Database DEM;true
457;Sabrina Denicola;sabrina.denicola@example.org;HCP - Medico di medicina generale;Abruzzo;Database DEM;true
458;Mariangela Volpe;mariangela.volpe@example.org;HCP - Infermiere / Educatore;Sardegna;Database DEM;true
459;Marco Morelli;marco.morelli@example.org;HCP - Medico di medicina generale;Lombardia;Database DEM;true
460;Paolo Caruso;paolo.caruso@example.org;HCP - Diabetologo;Lazio;Database DEM;true
461;Valentina Denicola;valentina.denicola@example.org;HCP - Infermiere / Educatore;Campania;Database DEM;true
462;Davide Longo;davide.longo@example.org;HCP - Diabetologo;Piemonte;Database DEM;true
463;Enrico Testa;enrico.testa@example.org;HCP - Diabetologo;Veneto;Database DEM;true
464;Margherita Russo;margherita.russo@example.org;Direzione sanitaria;Lombardia;Database DEM;true
465;Antonio Pagano;antonio.pagano@example.org;HCP - Infermiere / Educatore;Lombardia;Database DEM;true
466;Sofia Giuliani;sofia.giuliani@example.org;HCP - Endocrinologo;Lombardia;Database DEM;true
467;Matteo Toscano;matteo.toscano@example.org;HCP - Diabetologo;Piemonte;Database DEM;true
468;Elena Marini;elena.marini@example.org;HCP - Diabetologo;Lombardia;Database DEM;true
469;Sara Messina;sara.messina@example.org;Studio medico / Ambulatorio;Piemonte;Database DEM;true
470;Beatrice Giordano;beatrice.giordano@example.org;HCP - Diabetologo;Sicilia;Database DEM;true
471;Marta Manfredi;marta.manfredi@example.org;Direzione sanitaria;Calabria;Database DEM;true
472;Manuela Valente;manuela.valente@example.org;HCP - Diabetologo;Toscana;Database DEM;true
473;Giorgio Zanini;giorgio.zanini@example.org;HCP - Endocrinologo;Lombardia;Database DEM;true
474;Enrico Carbone;enrico.carbone@example.org;HCP - Diabetologo;Puglia;Database DEM;true
475;Tommaso Donati;tommaso.donati@example.org;HCP - Medico di medicina generale;Sardegna;Database DEM;true
476;Paolo Castelli;paolo.castelli@example.org;Studio medico / Ambulatorio;Toscana;Database DEM;true
477;Vittorio Mancini;vittorio.mancini@example.org;Altro / Industry;Veneto;Database DEM;true
478;Vincenzo Bonetti;vincenzo.bonetti@example.org;Studio medico / Ambulatorio;Veneto;Database DEM;true
479;Massimo Serra;massimo.serra@example.org;HCP - Medico di medicina generale;Lazio;Database DEM;true
480;Valeria Greco;valeria.greco@example.org;Altro / Industry;Puglia;Database DEM;true
481;Riccardo Damico;riccardo.damico@example.org;HCP - Diabetologo;Sardegna;Database DEM;true
482;Jacopo Russo;jacopo.russo@example.org;HCP - Medico di medicina generale;Toscana;Database DEM;true
483;Claudia Pagano;claudia.pagano@example.org;Direzione sanitaria;Marche;Database DEM;true
484;Michela Rizzo;michela.rizzo@example.org;HCP - Infermiere / Educatore;Emilia-Romagna;Database DEM;true
485;Giorgio Ferrari;giorgio.ferrari@example.org;HCP - Medico di medicina generale;Lombardia;Database DEM;true
486;Roberto Cattaneo;roberto.cattaneo@example.org;HCP - Endocrinologo;Veneto;Database DEM;true
487;Ilaria Cristofaro;ilaria.cristofaro@example.org;HCP - Diabetologo;Piemonte;Database DEM;true
488;Filippo Barbieri;filippo.barbieri@example.org;Direzione sanitaria;Puglia;Database DEM;true
489;Michela Bruno;michela.bruno@example.org;HCP - Diabetologo;Emilia-Romagna;Database DEM;true
490;Margherita Nardi;margherita.nardi@example.org;Direzione sanitaria;Lombardia;Database DEM;true
491;Nicola Romano;nicola.romano@example.org;HCP - Endocrinologo;Campania;Database DEM;true
492;Vincenzo Ferrara;vincenzo.ferrara@example.org;Studio medico / Ambulatorio;Sicilia;Database DEM;true
493;Massimo Deluca;massimo.deluca@example.org;HCP - Endocrinologo;Piemonte;Database DEM;true
494;Giovanna Ricci;giovanna.ricci@example.org;HCP - Medico di medicina generale;Emilia-Romagna;Database DEM;true
495;Gianluca Mariani;gianluca.mariani@example.org;Farmacia ospedaliera;Lombardia;Database DEM;true
496;Paolo Bellini;paolo.bellini@example.org;HCP - Endocrinologo;Lazio;Database DEM;true
497;Irene Mariani;irene.mariani@example.org;HCP - Diabetologo;Puglia;Database DEM;true
498;Maria Neri;maria.neri@example.org;Direzione sanitaria;Campania;Database DEM;true
499;Roberto Milani;roberto.milani@example.org;HCP - Diabetologo;Campania;Database DEM;true
500;Pietro Iacobelli;pietro.iacobelli@example.org;Altro / Industry;Lombardia;Database DEM;true
501;Valeria Denicola;valeria.denicola@example.org;HCP - Infermiere / Educatore;Liguria;Database DEM;true
502;Monica Perini;monica.perini@example.org;Direzione sanitaria;Lazio;Database DEM;true
503;Monica Montanari;monica.montanari@example.org;HCP - Diabetologo;Emilia-Romagna;Database DEM;true
504;Rosanna Corsi;rosanna.corsi@example.org;Studio medico / Ambulatorio;Lazio;Database DEM;true
505;Paola Zanini;paola.zanini@example.org;Altro / Industry;Lombardia;Database DEM;true
506;Antonio Riva;antonio.riva@example.org;HCP - Diabetologo;Lombardia;Database DEM;true
507;Jacopo Testa;jacopo.testa@example.org;HCP - Infermiere / Educatore;Lazio;Database DEM;true
508;Giulia Romano;giulia.romano@example.org;Altro / Industry;Campania;Database DEM;true
509;Federica Romano;federica.romano@example.org;HCP - Medico di medicina generale;Marche;Database DEM;true
510;Sofia Marini;sofia.marini@example.org;Studio medico / Ambulatorio;Puglia;Database DEM;true
511;Roberto Franco;roberto.franco@example.org;HCP - Diabetologo;Lazio;Database DEM;true
512;Elena Martini;elena.martini@example.org;Direzione sanitaria;Lazio;Database DEM;true
513;Margherita Balestra;margherita.balestra@example.org;HCP - Medico di medicina generale;Marche;Database DEM;true
514;Paolo Vitale;paolo.vitale@example.org;Studio medico / Ambulatorio;Toscana;Database DEM;true
515;Valentina Zanetti;valentina.zanetti@example.org;HCP - Medico di medicina generale;Toscana;Database DEM;true
516;Emanuele Monaco;emanuele.monaco@example.org;HCP - Infermiere / Educatore;Lombardia;Database DEM;true
517;Giovanna Piras;giovanna.piras@example.org;HCP - Diabetologo;Lazio;Database DEM;true
518;Laura Benedetti;laura.benedetti@example.org;HCP - Medico di medicina generale;Abruzzo;Database DEM;true
519;Monica Valente;monica.valente@example.org;HCP - Infermiere / Educatore;Lombardia;Database DEM;true
520;Elena Castelli;elena.castelli@example.org;HCP - Diabetologo;Abruzzo;Database DEM;true
521;Francesco Leone;francesco.leone@example.org;Farmacia ospedaliera;Piemonte;Database DEM;true
522;Giuseppe Landi;giuseppe.landi@example.org;HCP - Medico di medicina generale;Lazio;Database DEM;true
523;Emanuele Denicola;emanuele.denicola@example.org;HCP - Medico di medicina generale;Sicilia;Database DEM;true
524;Stefano Conte;stefano.conte@example.org;HCP - Diabetologo;Piemonte;Database DEM;true
525;Lorenzo Nardi;lorenzo.nardi@example.org;Farmacia ospedaliera;Toscana;Database DEM;true
526;Michela Conte;michela.conte@example.org;Studio medico / Ambulatorio;Lombardia;Database DEM;true
527;Jacopo Bassi;jacopo.bassi@example.org;HCP - Infermiere / Educatore;Lazio;Database DEM;true
528;Cristina Zanetti;cristina.zanetti@example.org;HCP - Diabetologo;Lazio;Database DEM;true
529;Valentina Monaco;valentina.monaco@example.org;HCP - Endocrinologo;Puglia;Database DEM;true
530;Giorgio Pellegrini;giorgio.pellegrini@example.org;HCP - Diabetologo;Lazio;Database DEM;true
531;Gianluca Ariemma;gianluca.ariemma@example.org;Studio medico / Ambulatorio;Piemonte;Database DEM;true
532;Carlo Lorenzi;carlo.lorenzi@example.org;Farmacia ospedaliera;Piemonte;Database DEM;true
533;Giorgio Lorenzi;giorgio.lorenzi@example.org;HCP - Medico di medicina generale;Abruzzo;Database DEM;true
534;Mauro Messina;mauro.messina@example.org;HCP - Diabetologo;Veneto;Database DEM;true
535;Enrico Bianco;enrico.bianco@example.org;HCP - Diabetologo;Campania;Database DEM;true
536;Tommaso Bellini;tommaso.bellini@example.org;HCP - Diabetologo;Veneto;Database DEM;true
537;Giuseppe Franco;giuseppe.franco@example.org;HCP - Diabetologo;Emilia-Romagna;Database DEM;true
538;Silvia Testa;silvia.testa@example.org;HCP - Diabetologo;Lombardia;Database DEM;true
539;Valentina Zanini;valentina.zanini@example.org;Farmacia ospedaliera;Lombardia;Database DEM;true
540;Mauro Agostini;mauro.agostini@example.org;HCP - Diabetologo;Sicilia;Database DEM;true
541;Paolo Orlando;paolo.orlando@example.org;HCP - Diabetologo;Marche;Database DEM;true
542;Marta Milani;marta.milani@example.org;HCP - Infermiere / Educatore;Lazio;Database DEM;true
543;Federica Farina;federica.farina@example.org;HCP - Infermiere / Educatore;Lombardia;Database DEM;true
544;Emanuele Sorrentino;emanuele.sorrentino@example.org;HCP - Endocrinologo;Lazio;Database DEM;true
545;Claudia Iacobelli;claudia.iacobelli@example.org;HCP - Endocrinologo;Abruzzo;Database DEM;true
546;Lorenzo Caputo;lorenzo.caputo@example.org;Studio medico / Ambulatorio;Piemonte;Database DEM;true
547;Enrico Castelli;enrico.castelli@example.org;HCP - Medico di medicina generale;Toscana;Database DEM;true
548;Paola Volpe;paola.volpe@example.org;HCP - Infermiere / Educatore;Liguria;Database DEM;true
549;Manuela Nardi;manuela.nardi@example.org;HCP - Medico di medicina generale;Marche;Database DEM;true
550;Roberta Bonetti;roberta.bonetti@example.org;HCP - Diabetologo;Emilia-Romagna;Database DEM;true
551;Elena Fabbri;elena.fabbri@example.org;HCP - Diabetologo;Veneto;Database DEM;true
552;Gianluca Ricci;gianluca.ricci@example.org;Direzione sanitaria;Veneto;Database DEM;true
553;Samuele Milani;samuele.milani@example.org;HCP - Infermiere / Educatore;Liguria;Database DEM;true
554;Giulia Morelli;giulia.morelli@example.org;Altro / Industry;Lazio;Database DEM;true
555;Beatrice Toscano;beatrice.toscano@example.org;HCP - Endocrinologo;Lazio;Database DEM;true
556;Jacopo Romano;jacopo.romano@example.org;Farmacia ospedaliera;Emilia-Romagna;Database DEM;true
557;Viola Guerra;viola.guerra@example.org;HCP - Endocrinologo;Marche;Database DEM;true
558;Teresa Marini;teresa.marini@example.org;HCP - Diabetologo;Lombardia;Database DEM;true
559;Barbara Fumagalli;barbara.fumagalli@example.org;HCP - Diabetologo;Campania;Database DEM;true
560;Massimo Bianchi;massimo.bianchi@example.org;Studio medico / Ambulatorio;Lombardia;Database DEM;true
561;Luca Cardone;luca.cardone@example.org;HCP - Diabetologo;Piemonte;Database DEM;true
562;Alessandro Mariani;alessandro.mariani@example.org;HCP - Diabetologo;Liguria;Database DEM;true
563;Vincenzo Rossi;vincenzo.rossi@example.org;HCP - Diabetologo;Lombardia;Database DEM;true
564;Monica Neri;monica.neri@example.org;HCP - Diabetologo;Emilia-Romagna;Database DEM;true
565;Roberta Testa;roberta.testa@example.org;HCP - Infermiere / Educatore;Lombardia;Database DEM;true
566;Chiara Orlando;chiara.orlando@example.org;Direzione sanitaria;Lombardia;Database DEM;true
567;Manuela Ruggiero;manuela.ruggiero@example.org;HCP - Diabetologo;Toscana;Database DEM;true
568;Lorenzo Toscano;lorenzo.toscano@example.org;HCP - Endocrinologo;Campania;Database DEM;true
569;Filippo Deluca;filippo.deluca@example.org;Studio medico / Ambulatorio;Piemonte;Database DEM;true
570;Manuela Marchetti;manuela.marchetti@example.org;Altro / Industry;Liguria;Database DEM;true
571;Giovanna Barbieri;giovanna.barbieri@example.org;HCP - Diabetologo;Lazio;Database DEM;true
572;Elena Romano;elena.romano@example.org;HCP - Medico di medicina generale;Marche;Database DEM;true
573;Giulia Ruggiero;giulia.ruggiero@example.org;HCP - Diabetologo;Lombardia;Database DEM;true
574;Claudio Gentile;claudio.gentile@example.org;HCP - Diabetologo;Lombardia;Database DEM;true
575;Chiara Antonelli;chiara.antonelli@example.org;HCP - Medico di medicina generale;Campania;Database DEM;true
576;Federica Cattaneo;federica.cattaneo@example.org;Altro / Industry;Lazio;Database DEM;true
577;Giacomo Agostini;giacomo.agostini@example.org;HCP - Endocrinologo;Lombardia;Database DEM;true
578;Sofia Toscano;sofia.toscano@example.org;HCP - Medico di medicina generale;Lazio;Database DEM;true
579;Mariangela Neri;mariangela.neri@example.org;HCP - Diabetologo;Campania;Database DEM;true
580;Raffaella Bernardi;raffaella.bernardi@example.org;HCP - Diabetologo;Sicilia;Database DEM;true
581;Paolo Mazza;paolo.mazza@example.org;HCP - Endocrinologo;Lombardia;Database DEM;true
582;Giovanna Salerno;giovanna.salerno@example.org;HCP - Infermiere / Educatore;Piemonte;Database DEM;true
583;Silvia Vitale;silvia.vitale@example.org;HCP - Endocrinologo;Veneto;Database DEM;true
584;Marco Esposito;marco.esposito@example.org;HCP - Infermiere / Educatore;Veneto;Database DEM;true
585;Michela Salerno;michela.salerno@example.org;HCP - Medico di medicina generale;Sicilia;Database DEM;true
586;Roberto Ferrari;roberto.ferrari@example.org;HCP - Endocrinologo;Campania;Database DEM;true
587;Claudia Cerri;claudia.cerri@example.org;Altro / Industry;Liguria;Database DEM;true
588;Cristina Messina;cristina.messina@example.org;HCP - Endocrinologo;Friuli-Venezia Giulia;Database DEM;true
589;Vittorio Cattaneo;vittorio.cattaneo@example.org;HCP - Medico di medicina generale;Piemonte;Database DEM;true
590;Cristina Pisani;cristina.pisani@example.org;Studio medico / Ambulatorio;Lombardia;Database DEM;true
591;Federico Antonelli;federico.antonelli@example.org;HCP - Diabetologo;Marche;Database DEM;true
592;Sabrina Mancini;sabrina.mancini@example.org;HCP - Diabetologo;Liguria;Database DEM;true
593;Paolo Cardone;paolo.cardone@example.org;Farmacia ospedaliera;Marche;Database DEM;true
594;Ludovica Fumagalli;ludovica.fumagalli@example.org;HCP - Diabetologo;Lombardia;Database DEM;true
595;Marta Piras;marta.piras@example.org;HCP - Medico di medicina generale;Piemonte;Database DEM;true
596;Ilaria Poli;ilaria.poli@example.org;HCP - Medico di medicina generale;Veneto;Database DEM;true
597;Jacopo Moretti;jacopo.moretti@example.org;HCP - Infermiere / Educatore;Lazio;Database DEM;true
598;Emanuele Rossetti;emanuele.rossetti@example.org;HCP - Diabetologo;Campania;Database DEM;true
599;Emanuele Bianco;emanuele.bianco@example.org;HCP - Diabetologo;Lombardia;Database DEM;true
600;Claudia Ruggiero;claudia.ruggiero@example.org;HCP - Infermiere / Educatore;Abruzzo;Database DEM;true
601;Lucia Bacci;lucia.bacci@example.org;HCP - Diabetologo;Lazio;Database DEM;true
602;Federico Colombo;federico.colombo@example.org;HCP - Diabetologo;Toscana;Database DEM;true
603;Davide Greco;davide.greco@example.org;HCP - Diabetologo;Piemonte;Database DEM;true
604;Francesca Ferrara;francesca.ferrara@example.org;HCP - Medico di medicina generale;Lombardia;Database DEM;true
605;Francesco Cristofaro;francesco.cristofaro@example.org;HCP - Endocrinologo;Toscana;Database DEM;true
606;Giuseppe Longo;giuseppe.longo@example.org;HCP - Infermiere / Educatore;Lazio;Database DEM;true
607;Massimo Barbieri;massimo.barbieri@example.org;HCP - Diabetologo;Piemonte;Database DEM;true
608;Alessandro Lombardi;alessandro.lombardi@example.org;Farmacia ospedaliera;Campania;Database DEM;true
609;Lorenzo Conte;lorenzo.conte@example.org;Studio medico / Ambulatorio;Veneto;Database DEM;true
610;Sara Desantis;sara.desantis@example.org;HCP - Medico di medicina generale;Liguria;Database DEM;true
611;Lucia Parisi;lucia.parisi@example.org;HCP - Infermiere / Educatore;Emilia-Romagna;Database DEM;true
612;Alessandro Cerri;alessandro.cerri@example.org;Altro / Industry;Lazio;Database DEM;true
613;Angela Grassi;angela.grassi@example.org;HCP - Infermiere / Educatore;Veneto;Database DEM;true
614;Giulio Rossi;giulio.rossi@example.org;Studio medico / Ambulatorio;Lazio;Database DEM;true
615;Luca Bacci;luca.bacci@example.org;HCP - Diabetologo;Emilia-Romagna;Database DEM;true
616;Barbara Pisani;barbara.pisani@example.org;HCP - Diabetologo;Veneto;Database DEM;true
617;Angela Mazza;angela.mazza@example.org;Altro / Industry;Campania;Database DEM;true
618;Chiara Monaco;chiara.monaco@example.org;HCP - Endocrinologo;Emilia-Romagna;Database DEM;true
619;Mariangela Zanini;mariangela.zanini@example.org;Studio medico / Ambulatorio;Emilia-Romagna;Database DEM;true
620;Carlo Orlando;carlo.orlando@example.org;HCP - Diabetologo;Abruzzo;Database DEM;true
621;Anna Bassi;anna.bassi@example.org;Farmacia ospedaliera;Emilia-Romagna;Database DEM;true
622;Daniela Poli;daniela.poli@example.org;Studio medico / Ambulatorio;Piemonte;Database DEM;true
623;Stefano Montanari;stefano.montanari@example.org;HCP - Diabetologo;Campania;Database DEM;true
624;Jacopo Riva;jacopo.riva@example.org;HCP - Endocrinologo;Campania;Database DEM;true
625;Giacomo Landi;giacomo.landi@example.org;HCP - Medico di medicina generale;Lazio;Database DEM;true
626;Susanna Benedetti;susanna.benedetti@example.org;Farmacia ospedaliera;Lombardia;Database DEM;true
627;Giulio Ricci;giulio.ricci@example.org;Studio medico / Ambulatorio;Lazio;Database DEM;true
628;Roberta Milani;roberta.milani@example.org;Farmacia ospedaliera;Lombardia;Database DEM;true
629;Giorgio Melchiorre;giorgio.melchiorre@example.org;HCP - Diabetologo;Campania;Database DEM;true
630;Tommaso Riva;tommaso.riva@example.org;HCP - Diabetologo;Sicilia;Database DEM;true
631;Mariangela Iacobelli;mariangela.iacobelli@example.org;HCP - Infermiere / Educatore;Toscana;Database DEM;true
632;Caterina Moretti;caterina.moretti@example.org;Altro / Industry;Marche;Database DEM;true
633;Giovanni Abbate;giovanni.abbate@example.org;HCP - Diabetologo;Emilia-Romagna;Database DEM;true
634;Roberto Valente;roberto.valente@example.org;Studio medico / Ambulatorio;Umbria;Database DEM;true
635;Paola Messina;paola.messina@example.org;HCP - Endocrinologo;Lombardia;Database DEM;true
636;Federica Guerra;federica.guerra@example.org;HCP - Diabetologo;Lazio;Database DEM;true
637;Mariangela Monaco;mariangela.monaco@example.org;HCP - Medico di medicina generale;Toscana;Database DEM;true
638;Pietro Pellegrini;pietro.pellegrini@example.org;HCP - Diabetologo;Puglia;Database DEM;true
639;Viola Franco;viola.franco@example.org;HCP - Diabetologo;Lazio;Database DEM;true
640;Roberto Cavallo;roberto.cavallo@example.org;Farmacia ospedaliera;Calabria;Database DEM;true
641;Rosanna Landi;rosanna.landi@example.org;HCP - Endocrinologo;Sicilia;Database DEM;true
642;Angela Poli;angela.poli@example.org;HCP - Infermiere / Educatore;Lombardia;Database DEM;true
643;Tommaso Zanini;tommaso.zanini@example.org;HCP - Medico di medicina generale;Campania;Database DEM;true
644;Angela Milani;angela.milani@example.org;Studio medico / Ambulatorio;Veneto;Database DEM;true
645;Tommaso Giuliani;tommaso.giuliani@example.org;HCP - Diabetologo;Lombardia;Database DEM;true
646;Alessandro Galli;alessandro.galli@example.org;Altro / Industry;Piemonte;Database DEM;true
647;Giulio Pellegrini;giulio.pellegrini@example.org;HCP - Infermiere / Educatore;Toscana;Database DEM;true
648;Giulio Cardone;giulio.cardone@example.org;HCP - Endocrinologo;Sicilia;Database DEM;true
649;Tommaso Esposito;tommaso.esposito@example.org;HCP - Diabetologo;Umbria;Database DEM;true
650;Samuele Serra;samuele.serra@example.org;HCP - Diabetologo;Toscana;Database DEM;true
651;Roberto Vitale;roberto.vitale@example.org;HCP - Endocrinologo;Veneto;Database DEM;true
652;Francesco Valente;francesco.valente@example.org;HCP - Infermiere / Educatore;Piemonte;Database DEM;true
653;Claudia Grassi;claudia.grassi@example.org;Altro / Industry;Marche;Database DEM;true
654;Francesca Morelli;francesca.morelli@example.org;HCP - Medico di medicina generale;Veneto;Database DEM;true
655;Matteo Ferrara;matteo.ferrara@example.org;Farmacia ospedaliera;Lombardia;Database DEM;true
656;Giorgio Caruso;giorgio.caruso@example.org;HCP - Diabetologo;Abruzzo;Database DEM;true
657;Gabriele Parisi;gabriele.parisi@example.org;Studio medico / Ambulatorio;Veneto;Database DEM;true
658;Luca Zanetti;luca.zanetti@example.org;HCP - Diabetologo;Piemonte;Database DEM;true
659;Martina Iacobelli;martina.iacobelli@example.org;HCP - Infermiere / Educatore;Lombardia;Database DEM;true
660;Stefano Poli;stefano.poli@example.org;HCP - Endocrinologo;Lombardia;Database DEM;true
661;Carlo Fiore;carlo.fiore@example.org;Altro / Industry;Lombardia;Database DEM;true
662;Giorgia Martini;giorgia.martini@example.org;HCP - Diabetologo;Campania;Database DEM;true
663;Giuseppe Negri;giuseppe.negri@example.org;HCP - Diabetologo;Lazio;Database DEM;true
664;Cristina Rossetti;cristina.rossetti@example.org;HCP - Diabetologo;Puglia;Database DEM;true
665;Giovanni Ferrari;giovanni.ferrari@example.org;HCP - Endocrinologo;Toscana;Database DEM;true
666;Sara Morelli;sara.morelli@example.org;HCP - Diabetologo;Campania;Database DEM;true
667;Federico Grassi;federico.grassi@example.org;HCP - Infermiere / Educatore;Campania;Database DEM;true
668;Martina Testa;martina.testa@example.org;HCP - Diabetologo;Lazio;Database DEM;true
669;Rosanna Franco;rosanna.franco@example.org;HCP - Endocrinologo;Piemonte;Database DEM;true
670;Pietro Agostini;pietro.agostini@example.org;HCP - Endocrinologo;Puglia;Database DEM;true
671;Tommaso Bacci;tommaso.bacci@example.org;HCP - Endocrinologo;Emilia-Romagna;Database DEM;true
672;Tommaso Orlando;tommaso.orlando@example.org;HCP - Diabetologo;Lombardia;Database DEM;true
673;Antonio Toscano;antonio.toscano@example.org;HCP - Infermiere / Educatore;Veneto;Database DEM;true
674;Filippo Martelli;filippo.martelli@example.org;HCP - Diabetologo;Lombardia;Database DEM;true
675;Michela Giordano;michela.giordano@example.org;HCP - Medico di medicina generale;Abruzzo;Database DEM;true
676;Filippo Nardi;filippo.nardi@example.org;HCP - Endocrinologo;Veneto;Database DEM;true
677;Giulia Gentile;giulia.gentile@example.org;Farmacia ospedaliera;Liguria;Database DEM;true
678;Vittorio Longo;vittorio.longo@example.org;HCP - Endocrinologo;Emilia-Romagna;Database DEM;true
679;Mauro Volpe;mauro.volpe@example.org;HCP - Diabetologo;Campania;Database DEM;true
680;Claudia Palmieri;claudia.palmieri@example.org;Farmacia ospedaliera;Lazio;Database DEM;true
681;Laura Ferrara;laura.ferrara@example.org;Studio medico / Ambulatorio;Toscana;Database DEM;true
682;Lorenzo Mariani;lorenzo.mariani@example.org;HCP - Infermiere / Educatore;Lombardia;Database DEM;true
683;Mariangela Ferrara;mariangela.ferrara@example.org;HCP - Infermiere / Educatore;Lazio;Database DEM;true
684;Massimo Rizzo;massimo.rizzo@example.org;HCP - Diabetologo;Veneto;Database DEM;true
685;Sara Leone;sara.leone@example.org;HCP - Infermiere / Educatore;Emilia-Romagna;Database DEM;true
686;Francesca Carbone;francesca.carbone@example.org;HCP - Endocrinologo;Piemonte;Database DEM;true
687;Irene Balestra;irene.balestra@example.org;HCP - Diabetologo;Lombardia;Database DEM;true
688;Caterina Bernardi;caterina.bernardi@example.org;Farmacia ospedaliera;Campania;Database DEM;true
689;Ludovica Fabbri;ludovica.fabbri@example.org;HCP - Infermiere / Educatore;Calabria;Database DEM;true
690;Caterina Esposito;caterina.esposito@example.org;Studio medico / Ambulatorio;Veneto;Database DEM;true
691;Teresa Vitale;teresa.vitale@example.org;HCP - Diabetologo;Friuli-Venezia Giulia;Database DEM;true
692;Andrea Leone;andrea.leone@example.org;HCP - Diabetologo;Lombardia;Database DEM;true
693;Massimo Monaco;massimo.monaco@example.org;Farmacia ospedaliera;Emilia-Romagna;Database DEM;true
694;Susanna Santoro;susanna.santoro@example.org;HCP - Diabetologo;Campania;Database DEM;true
695;Giovanni Galli;giovanni.galli@example.org;HCP - Medico di medicina generale;Marche;Database DEM;true
696;Alessandro Benedetti;alessandro.benedetti@example.org;HCP - Infermiere / Educatore;Campania;Database DEM;true
697;Emanuele Bernardi;emanuele.bernardi@example.org;HCP - Diabetologo;Campania;Database DEM;true
698;Anna Morelli;anna.morelli@example.org;HCP - Diabetologo;Emilia-Romagna;Database DEM;true
699;Marco Corsi;marco.corsi@example.org;HCP - Diabetologo;Emilia-Romagna;Database DEM;true
700;Roberta Neri;roberta.neri@example.org;Altro / Industry;Lombardia;Database DEM;true
701;Federico Bacci;federico.bacci@example.org;HCP - Endocrinologo;Liguria;Database DEM;true
702;Anna Cristofaro;anna.cristofaro@example.org;Altro / Industry;Veneto;Database DEM;true
703;Rosanna Negri;rosanna.negri@example.org;HCP - Diabetologo;Marche;Database DEM;true
704;Marta Testa;marta.testa@example.org;Direzione sanitaria;Veneto;Database DEM;true
705;Marco Gatti;marco.gatti@example.org;HCP - Diabetologo;Veneto;Database DEM;true
706;Daniele Bonetti;daniele.bonetti@example.org;HCP - Diabetologo;Piemonte;Database DEM;true
707;Monica Bianco;monica.bianco@example.org;Studio medico / Ambulatorio;Lombardia;Database DEM;true
708;Matteo Longo;matteo.longo@example.org;HCP - Endocrinologo;Lazio;Database DEM;true
709;Martina Montanari;martina.montanari@example.org;Farmacia ospedaliera;Lombardia;Database DEM;true
710;Irene Bruno;irene.bruno@example.org;Studio medico / Ambulatorio;Veneto;Database DEM;true
711;Giuseppe Damico;giuseppe.damico@example.org;HCP - Diabetologo;Piemonte;Database DEM;true
712;Mariangela Bianchi;mariangela.bianchi@example.org;HCP - Medico di medicina generale;Veneto;Database DEM;true
713;Michele Cristofaro;michele.cristofaro@example.org;Farmacia ospedaliera;Toscana;Database DEM;true
714;Sabrina Antonelli;sabrina.antonelli@example.org;Direzione sanitaria;Veneto;Database DEM;true
715;Giovanna Poli;giovanna.poli@example.org;Direzione sanitaria;Friuli-Venezia Giulia;Database DEM;true
716;Valentina Benedetti;valentina.benedetti@example.org;HCP - Infermiere / Educatore;Lazio;Database DEM;true
717;Federica Martini;federica.martini@example.org;HCP - Endocrinologo;Campania;Database DEM;true
718;Angela Martelli;angela.martelli@example.org;HCP - Diabetologo;Lombardia;Database DEM;true
719;Gabriele Toscano;gabriele.toscano@example.org;HCP - Infermiere / Educatore;Lombardia;Database DEM;true
720;Samuele Bianchi;samuele.bianchi@example.org;HCP - Medico di medicina generale;Veneto;Database DEM;true
721;Filippo Volpe;filippo.volpe@example.org;HCP - Diabetologo;Lazio;Database DEM;true
722;Tommaso Poli;tommaso.poli@example.org;HCP - Diabetologo;Marche;Database DEM;true
723;Raffaella Franco;raffaella.franco@example.org;HCP - Infermiere / Educatore;Lombardia;Database DEM;true
724;Giovanna Bianco;giovanna.bianco@example.org;Studio medico / Ambulatorio;Puglia;Database DEM;true
725;Gabriele Pellegrini;gabriele.pellegrini@example.org;HCP - Medico di medicina generale;Campania;Database DEM;true
726;Valentina Antonelli;valentina.antonelli@example.org;HCP - Infermiere / Educatore;Piemonte;Database DEM;true
727;Samuele Silvestri;samuele.silvestri@example.org;HCP - Medico di medicina generale;Lazio;Database DEM;true
728;Vittorio Orlando;vittorio.orlando@example.org;Studio medico / Ambulatorio;Piemonte;Database DEM;true
729;Giulio Balestra;giulio.balestra@example.org;HCP - Diabetologo;Marche;Database DEM;true
730;Beatrice Donati;beatrice.donati@example.org;HCP - Medico di medicina generale;Piemonte;Database DEM;true
731;Matteo Mazza;matteo.mazza@example.org;Direzione sanitaria;Lazio;Database DEM;true
732;Jacopo Caruso;jacopo.caruso@example.org;HCP - Diabetologo;Marche;Database DEM;true
733;Monica Colombo;monica.colombo@example.org;Studio medico / Ambulatorio;Puglia;Database DEM;true
734;Francesca Fabbri;francesca.fabbri@example.org;HCP - Endocrinologo;Emilia-Romagna;Database DEM;true
735;Tommaso Neri;tommaso.neri@example.org;HCP - Infermiere / Educatore;Emilia-Romagna;Database DEM;true
736;Marco Ruggiero;marco.ruggiero@example.org;HCP - Endocrinologo;Lombardia;Database DEM;true
737;Valentina Rossetti;valentina.rossetti@example.org;Studio medico / Ambulatorio;Veneto;Database DEM;true
738;Valeria Cardone;valeria.cardone@example.org;HCP - Diabetologo;Lombardia;Database DEM;true
739;Marta Negri;marta.negri@example.org;Studio medico / Ambulatorio;Sicilia;Database DEM;true
740;Massimo Pisani;massimo.pisani@example.org;Altro / Industry;Lombardia;Database DEM;true
741;Riccardo Valente;riccardo.valente@example.org;Farmacia ospedaliera;Lazio;Database DEM;true
742;Sara Bellini;sara.bellini@example.org;Farmacia ospedaliera;Liguria;Database DEM;true
743;Sofia Grassi;sofia.grassi@example.org;HCP - Infermiere / Educatore;Veneto;Database DEM;true
744;Tommaso Cattaneo;tommaso.cattaneo@example.org;HCP - Medico di medicina generale;Abruzzo;Database DEM;true
745;Giorgio Bonetti;giorgio.bonetti@example.org;Farmacia ospedaliera;Campania;Database DEM;true
746;Sofia Neri;sofia.neri@example.org;HCP - Diabetologo;Puglia;Database DEM;true
747;Anna Marchetti;anna.marchetti@example.org;Direzione sanitaria;Lombardia;Database DEM;true
748;Viola Parisi;viola.parisi@example.org;HCP - Endocrinologo;Emilia-Romagna;Database DEM;true
749;Tommaso Marchetti;tommaso.marchetti@example.org;Studio medico / Ambulatorio;Lombardia;Database DEM;true
750;Giulia Manfredi;giulia.manfredi@example.org;HCP - Medico di medicina generale;Toscana;Database DEM;true
751;Margherita Martelli;margherita.martelli@example.org;Farmacia ospedaliera;Veneto;Database DEM;true
752;Mauro Zanetti;mauro.zanetti@example.org;Direzione sanitaria;Lazio;Database DEM;true
753;Maria Monaco;maria.monaco@example.org;HCP - Endocrinologo;Toscana;Database DEM;true
754;Lucia Ruggiero;lucia.ruggiero@example.org;HCP - Infermiere / Educatore;Puglia;Database DEM;true
755;Susanna Vitale;susanna.vitale@example.org;Studio medico / Ambulatorio;Calabria;Database DEM;true
756;Filippo Cattaneo;filippo.cattaneo@example.org;Altro / Industry;Campania;Database DEM;true
757;Viola Denicola;viola.denicola@example.org;Direzione sanitaria;Sardegna;Database DEM;true
758;Nicola Abbate;nicola.abbate@example.org;HCP - Infermiere / Educatore;Sardegna;Database DEM;true
759;Giacomo Rizzo;giacomo.rizzo@example.org;HCP - Infermiere / Educatore;Lombardia;Database DEM;true
760;Nicola Russo;nicola.russo@example.org;Direzione sanitaria;Campania;Database DEM;true
761;Paolo Montanari;paolo.montanari@example.org;HCP - Diabetologo;Lazio;Database DEM;true
762;Viola Giordano;viola.giordano@example.org;Direzione sanitaria;Lazio;Database DEM;true
763;Marco Salerno;marco.salerno@example.org;HCP - Diabetologo;Abruzzo;Database DEM;true
764;Giorgia Ariemma;giorgia.ariemma@example.org;HCP - Diabetologo;Campania;Database DEM;true
765;Davide Rossetti;davide.rossetti@example.org;HCP - Infermiere / Educatore;Abruzzo;Database DEM;true
766;Gabriele Cavallo;gabriele.cavallo@example.org;HCP - Endocrinologo;Sicilia;Database DEM;true
767;Claudio Greco;claudio.greco@example.org;HCP - Medico di medicina generale;Lombardia;Database DEM;true
768;Filippo Denicola;filippo.denicola@example.org;HCP - Infermiere / Educatore;Lazio;Database DEM;true
769;Andrea Melchiorre;andrea.melchiorre@example.org;HCP - Endocrinologo;Emilia-Romagna;Database DEM;true
770;Pietro Gallo;pietro.gallo@example.org;HCP - Diabetologo;Veneto;Database DEM;true
771;Alessandro Sanna;alessandro.sanna@example.org;HCP - Diabetologo;Veneto;Database DEM;true
772;Silvia Riva;silvia.riva@example.org;HCP - Infermiere / Educatore;Sicilia;Database DEM;true
773;Valentina Sala;valentina.sala@example.org;HCP - Diabetologo;Lazio;Database DEM;true
774;Andrea Pellegrini;andrea.pellegrini@example.org;HCP - Diabetologo;Toscana;Database DEM;true
775;Vittorio Martini;vittorio.martini@example.org;Altro / Industry;Veneto;Database DEM;true
776;Gianluca Denicola;gianluca.denicola@example.org;HCP - Endocrinologo;Puglia;Database DEM;true
777;Giovanni Zanetti;giovanni.zanetti@example.org;Studio medico / Ambulatorio;Emilia-Romagna;Database DEM;true
778;Vittorio Bassi;vittorio.bassi@example.org;Studio medico / Ambulatorio;Calabria;Database DEM;true
779;Susanna Toscano;susanna.toscano@example.org;HCP - Diabetologo;Lombardia;Database DEM;true
780;Carlo Costa;carlo.costa@example.org;HCP - Diabetologo;Campania;Database DEM;true
781;Francesca Valente;francesca.valente@example.org;HCP - Infermiere / Educatore;Puglia;Database DEM;true
782;Nicola Sartori;nicola.sartori@example.org;Studio medico / Ambulatorio;Emilia-Romagna;Database DEM;true
783;Maria Antonelli;maria.antonelli@example.org;Studio medico / Ambulatorio;Lombardia;Database DEM;true
784;Carlo Testa;carlo.testa@example.org;HCP - Diabetologo;Piemonte;Database DEM;true
785;Teresa Martini;teresa.martini@example.org;HCP - Medico di medicina generale;Campania;Database DEM;true
786;Valeria Melchiorre;valeria.melchiorre@example.org;HCP - Infermiere / Educatore;Marche;Database DEM;true
787;Angela Leone;angela.leone@example.org;HCP - Diabetologo;Lazio;Database DEM;true
788;Sofia Mariani;sofia.mariani@example.org;HCP - Infermiere / Educatore;Puglia;Database DEM;true
789;Caterina Benedetti;caterina.benedetti@example.org;HCP - Medico di medicina generale;Piemonte;Database DEM;true
790;Mariangela Sala;mariangela.sala@example.org;HCP - Diabetologo;Piemonte;Database DEM;true
791;Sofia Fabbri;sofia.fabbri@example.org;HCP - Medico di medicina generale;Lazio;Database DEM;true
792;Lorenzo Greco;lorenzo.greco@example.org;HCP - Diabetologo;Piemonte;Database DEM;true
793;Beatrice Bonetti;beatrice.bonetti@example.org;HCP - Infermiere / Educatore;Campania;Database DEM;true
794;Vittorio Giuliani;vittorio.giuliani@example.org;HCP - Diabetologo;Piemonte;Database DEM;true
795;Luigi Bianco;luigi.bianco@example.org;HCP - Diabetologo;Toscana;Database DEM;true
796;Valentina Bonetti;valentina.bonetti@example.org;Farmacia ospedaliera;Lazio;Database DEM;true
797;Barbara Bianco;barbara.bianco@example.org;Studio medico / Ambulatorio;Lombardia;Database DEM;true
798;Teresa Abbate;teresa.abbate@example.org;Studio medico / Ambulatorio;Lombardia;Database DEM;true
799;Jacopo Marchetti;jacopo.marchetti@example.org;HCP - Diabetologo;Lombardia;Database DEM;true
800;Claudio Volpe;claudio.volpe@example.org;Farmacia ospedaliera;Campania;Database DEM;true
801;Nicola Rossi;nicola.rossi@example.org;HCP - Endocrinologo;Lazio;Database DEM;true
802;Vincenzo Gentile;vincenzo.gentile@example.org;HCP - Diabetologo;Sicilia;Database DEM;true
803;Teresa Carbone;teresa.carbone@example.org;HCP - Diabetologo;Campania;Database DEM;true
804;Marta Gatti;marta.gatti@example.org;HCP - Infermiere / Educatore;Lombardia;Database DEM;true
805;Roberta Antonelli;roberta.antonelli@example.org;HCP - Diabetologo;Lazio;Database DEM;true
806;Valentina Lombardi;valentina.lombardi@example.org;HCP - Diabetologo;Lazio;Database DEM;true
807;Riccardo Desantis;riccardo.desantis@example.org;Direzione sanitaria;Puglia;Database DEM;true
808;Emanuele Giordano;emanuele.giordano@example.org;HCP - Medico di medicina generale;Puglia;Database DEM;true
809;Giovanni Cavallo;giovanni.cavallo@example.org;Studio medico / Ambulatorio;Sardegna;Database DEM;true
810;Pietro Ruggiero;pietro.ruggiero@example.org;Farmacia ospedaliera;Toscana;Database DEM;true
811;Barbara Melchiorre;barbara.melchiorre@example.org;HCP - Diabetologo;Sicilia;Database DEM;true
812;Susanna Lorenzi;susanna.lorenzi@example.org;Studio medico / Ambulatorio;Sicilia;Database DEM;true
813;Tommaso Antonelli;tommaso.antonelli@example.org;HCP - Diabetologo;Sardegna;Database DEM;true
814;Valentina Neri;valentina.neri@example.org;HCP - Infermiere / Educatore;Piemonte;Database DEM;true
815;Serena Pesce;serena.pesce@example.org;Studio medico / Ambulatorio;Veneto;Database DEM;true
816;Angela Sorrentino;angela.sorrentino@example.org;HCP - Diabetologo;Veneto;Database DEM;true
817;Davide Lombardi;davide.lombardi@example.org;HCP - Endocrinologo;Calabria;Database DEM;true
818;Serena Farina;serena.farina@example.org;HCP - Diabetologo;Sardegna;Database DEM;true
819;Antonio Pellegrini;antonio.pellegrini@example.org;HCP - Diabetologo;Umbria;Database DEM;true
820;Tommaso Ariemma;tommaso.ariemma@example.org;HCP - Infermiere / Educatore;Puglia;Database DEM;true
821;Federico Caruso;federico.caruso@example.org;HCP - Infermiere / Educatore;Sicilia;Database DEM;true
822;Rosanna Innocenti;rosanna.innocenti@example.org;HCP - Infermiere / Educatore;Piemonte;Database DEM;true
823;Rosanna Pellegrini;rosanna.pellegrini@example.org;HCP - Endocrinologo;Campania;Database DEM;true
824;Maria Ariemma;maria.ariemma@example.org;HCP - Infermiere / Educatore;Lazio;Database DEM;true
825;Antonio Nardi;antonio.nardi@example.org;HCP - Infermiere / Educatore;Campania;Database DEM;true
826;Anna Bernardi;anna.bernardi@example.org;Altro / Industry;Lombardia;Database DEM;true
827;Luca Bianco;luca.bianco@example.org;HCP - Infermiere / Educatore;Veneto;Database DEM;true
828;Davide Desantis;davide.desantis@example.org;HCP - Diabetologo;Umbria;Database DEM;true
829;Laura Longo;laura.longo@example.org;Farmacia ospedaliera;Toscana;Database DEM;true
830;Carlo Marini;carlo.marini@example.org;Altro / Industry;Lazio;Database DEM;true
831;Claudio Esposito;claudio.esposito@example.org;Altro / Industry;Calabria;Database DEM;true
832;Irene Carbone;irene.carbone@example.org;HCP - Medico di medicina generale;Lombardia;Database DEM;true
833;Luigi Abbate;luigi.abbate@example.org;HCP - Diabetologo;Campania;Database DEM;true
834;Francesco Damico;francesco.damico@example.org;HCP - Infermiere / Educatore;Emilia-Romagna;Database DEM;true
835;Simone Bassi;simone.bassi@example.org;Studio medico / Ambulatorio;Lazio;Database DEM;true
836;Teresa Martelli;teresa.martelli@example.org;HCP - Diabetologo;Puglia;Database DEM;true
837;Ludovica Desantis;ludovica.desantis@example.org;HCP - Diabetologo;Liguria;Database DEM;true
838;Pietro Vitale;pietro.vitale@example.org;HCP - Diabetologo;Abruzzo;Database DEM;true
839;Valeria Moretti;valeria.moretti@example.org;HCP - Infermiere / Educatore;Campania;Database DEM;true
840;Lorenzo Cardone;lorenzo.cardone@example.org;HCP - Diabetologo;Sicilia;Database DEM;true
841;Manuela Cristofaro;manuela.cristofaro@example.org;HCP - Infermiere / Educatore;Abruzzo;Database DEM;true
842;Paola Denicola;paola.denicola@example.org;HCP - Diabetologo;Lazio;Database DEM;true
843;Monica Mazza;monica.mazza@example.org;HCP - Infermiere / Educatore;Toscana;Database DEM;true
844;Riccardo Bianco;riccardo.bianco@example.org;HCP - Diabetologo;Lombardia;Database DEM;true
845;Barbara Morelli;barbara.morelli@example.org;HCP - Diabetologo;Lombardia;Database DEM;true
846;Emanuele Bonetti;emanuele.bonetti@example.org;Direzione sanitaria;Piemonte;Database DEM;true
847;Jacopo Iacobelli;jacopo.iacobelli@example.org;Farmacia ospedaliera;Veneto;Database DEM;true
848;Sabrina Morelli;sabrina.morelli@example.org;HCP - Infermiere / Educatore;Piemonte;Database DEM;true
849;Elisa Denicola;elisa.denicola@example.org;Studio medico / Ambulatorio;Emilia-Romagna;Database DEM;true
850;Luigi Carbone;luigi.carbone@example.org;HCP - Medico di medicina generale;Campania;Database DEM;true
851;Sara Ferretti;sara.ferretti@example.org;HCP - Diabetologo;Lazio;Database DEM;true
852;Claudia Mancini;claudia.mancini@example.org;Studio medico / Ambulatorio;Lazio;Database DEM;true
853;Enrico Morelli;enrico.morelli@example.org;HCP - Infermiere / Educatore;Emilia-Romagna;Database DEM;true
854;Anna Perini;anna.perini@example.org;HCP - Endocrinologo;Lazio;Database DEM;true
855;Claudio Carbone;claudio.carbone@example.org;Studio medico / Ambulatorio;Toscana;Database DEM;true
856;Matteo Landi;matteo.landi@example.org;HCP - Infermiere / Educatore;Lombardia;Database DEM;true
857;Giulio Colombo;giulio.colombo@example.org;HCP - Endocrinologo;Toscana;Database DEM;true
858;Gianluca Ferrara;gianluca.ferrara@example.org;HCP - Diabetologo;Lazio;Database DEM;true
859;Vincenzo Donati;vincenzo.donati@example.org;HCP - Diabetologo;Puglia;Database DEM;true
860;Carlo Gallo;carlo.gallo@example.org;HCP - Diabetologo;Lombardia;Database DEM;true
861;Chiara Toscano;chiara.toscano@example.org;HCP - Medico di medicina generale;Sicilia;Database DEM;true
862;Sofia Benedetti;sofia.benedetti@example.org;HCP - Diabetologo;Toscana;Database DEM;true
863;Chiara Giuliani;chiara.giuliani@example.org;HCP - Medico di medicina generale;Sicilia;Database DEM;true
864;Filippo Giuliani;filippo.giuliani@example.org;HCP - Infermiere / Educatore;Sicilia;Database DEM;true
865;Luigi Salerno;luigi.salerno@example.org;HCP - Infermiere / Educatore;Campania;Database DEM;true
866;Francesca Vitale;francesca.vitale@example.org;Direzione sanitaria;Lombardia;Database DEM;true
867;Mariangela Valente;mariangela.valente@example.org;HCP - Infermiere / Educatore;Piemonte;Database DEM;true
868;Giuseppe Benedetti;giuseppe.benedetti@example.org;HCP - Endocrinologo;Veneto;Database DEM;true
869;Simone Pisani;simone.pisani@example.org;HCP - Medico di medicina generale;Piemonte;Database DEM;true
870;Pietro Marchetti;pietro.marchetti@example.org;HCP - Diabetologo;Campania;Database DEM;true
871;Viola Balestra;viola.balestra@example.org;HCP - Medico di medicina generale;Lazio;Database DEM;true
872;Gabriele Ferrara;gabriele.ferrara@example.org;HCP - Diabetologo;Toscana;Database DEM;true
873;Giorgio Bassi;giorgio.bassi@example.org;HCP - Infermiere / Educatore;Toscana;Database DEM;true
874;Francesco Bruni;francesco.bruni@example.org;HCP - Endocrinologo;Calabria;Database DEM;true
875;Martina Franco;martina.franco@example.org;HCP - Diabetologo;Lombardia;Database DEM;true
876;Ilaria Ariemma;ilaria.ariemma@example.org;HCP - Endocrinologo;Sicilia;Database DEM;true
877;Elisa Sartori;elisa.sartori@example.org;Studio medico / Ambulatorio;Lombardia;Database DEM;true
878;Enrico Martini;enrico.martini@example.org;HCP - Endocrinologo;Lombardia;Database DEM;true
879;Claudia Martini;claudia.martini@example.org;Studio medico / Ambulatorio;Sicilia;Database DEM;true
880;Silvia Greco;silvia.greco@example.org;Studio medico / Ambulatorio;Abruzzo;Database DEM;true
881;Elena Sala;elena.sala@example.org;HCP - Infermiere / Educatore;Emilia-Romagna;Database DEM;true
882;Nicola Balestra;nicola.balestra@example.org;HCP - Infermiere / Educatore;Toscana;Database DEM;true
883;Valeria Cirillo;valeria.cirillo@example.org;HCP - Diabetologo;Emilia-Romagna;Database DEM;true
884;Paolo Silvestri;paolo.silvestri@example.org;HCP - Endocrinologo;Campania;Database DEM;true
885;Gianluca Romano;gianluca.romano@example.org;HCP - Infermiere / Educatore;Campania;Database DEM;true
886;Roberto Monaco;roberto.monaco@example.org;HCP - Infermiere / Educatore;Liguria;Database DEM;true
887;Lucia Rossetti;lucia.rossetti@example.org;Studio medico / Ambulatorio;Lazio;Database DEM;true
888;Silvia Desantis;silvia.desantis@example.org;HCP - Infermiere / Educatore;Sicilia;Database DEM;true
889;Lucia Ferretti;lucia.ferretti@example.org;Studio medico / Ambulatorio;Puglia;Database DEM;true
890;Luigi Giuliani;luigi.giuliani@example.org;HCP - Medico di medicina generale;Toscana;Database DEM;true
891;Marta Bacci;marta.bacci@example.org;HCP - Diabetologo;Lazio;Database DEM;true
892;Teresa Bianchi;teresa.bianchi@example.org;HCP - Diabetologo;Lazio;Database DEM;true
893;Anna Greco;anna.greco@example.org;HCP - Diabetologo;Lazio;Database DEM;true
894;Mariangela Greco;mariangela.greco@example.org;HCP - Diabetologo;Puglia;Database DEM;true
895;Valeria Benedetti;valeria.benedetti@example.org;HCP - Infermiere / Educatore;Lombardia;Database DEM;true
896;Lorenzo Salerno;lorenzo.salerno@example.org;HCP - Medico di medicina generale;Campania;Database DEM;true
897;Barbara Bonetti;barbara.bonetti@example.org;HCP - Infermiere / Educatore;Calabria;Database DEM;true
898;Viola Desantis;viola.desantis@example.org;HCP - Infermiere / Educatore;Piemonte;Database DEM;true
899;Pietro Serra;pietro.serra@example.org;HCP - Diabetologo;Emilia-Romagna;Database DEM;true
900;Silvia Zanini;silvia.zanini@example.org;Studio medico / Ambulatorio;Emilia-Romagna;Database DEM;true
901;Giorgio Piras;giorgio.piras@example.org;Altro / Industry;Marche;Database DEM;true
902;Pietro Amato;pietro.amato@example.org;Direzione sanitaria;Lombardia;Database DEM;true
903;Alessandro Martini;alessandro.martini@example.org;HCP - Diabetologo;Lombardia;Database DEM;true
904;Paola Abbate;paola.abbate@example.org;HCP - Infermiere / Educatore;Calabria;Database DEM;true
905;Tommaso Pagano;tommaso.pagano@example.org;HCP - Diabetologo;Campania;Database DEM;true
906;Cristina Bellini;cristina.bellini@example.org;HCP - Diabetologo;Toscana;Database DEM;true
907;Sofia Pagano;sofia.pagano@example.org;HCP - Diabetologo;Lazio;Database DEM;true
908;Federica Corsi;federica.corsi@example.org;HCP - Infermiere / Educatore;Piemonte;Database DEM;true
909;Alessandro Iacobelli;alessandro.iacobelli@example.org;Studio medico / Ambulatorio;Sicilia;Database DEM;true
910;Vincenzo Piras;vincenzo.piras@example.org;Direzione sanitaria;Toscana;Database DEM;true
911;Tommaso Ferretti;tommaso.ferretti@example.org;HCP - Medico di medicina generale;Veneto;Database DEM;true
912;Barbara Deluca;barbara.deluca@example.org;HCP - Endocrinologo;Campania;Database DEM;true
913;Simone Denicola;simone.denicola@example.org;HCP - Medico di medicina generale;Marche;Database DEM;true
914;Luca Longo;luca.longo@example.org;HCP - Medico di medicina generale;Sicilia;Database DEM;true
915;Riccardo Neri;riccardo.neri@example.org;HCP - Endocrinologo;Toscana;Database DEM;true
916;Ludovica Rossetti;ludovica.rossetti@example.org;Farmacia ospedaliera;Sicilia;Database DEM;true
917;Antonio Innocenti;antonio.innocenti@example.org;Altro / Industry;Lazio;Database DEM;true
918;Raffaella Bianco;raffaella.bianco@example.org;HCP - Medico di medicina generale;Piemonte;Database DEM;true
919;Claudio Borghi;claudio.borghi@example.org;HCP - Infermiere / Educatore;Veneto;Database DEM;true
920;Silvia Ferrari;silvia.ferrari@example.org;HCP - Medico di medicina generale;Calabria;Database DEM;true
921;Valeria Poli;valeria.poli@example.org;HCP - Infermiere / Educatore;Lombardia;Database DEM;true
922;Caterina Deluca;caterina.deluca@example.org;HCP - Infermiere / Educatore;Marche;Database DEM;true
923;Federica Rossetti;federica.rossetti@example.org;HCP - Diabetologo;Toscana;Database DEM;true
924;Valeria Ricci;valeria.ricci@example.org;HCP - Endocrinologo;Lazio;Database DEM;true
925;Mariangela Mariani;mariangela.mariani@example.org;HCP - Medico di medicina generale;Lombardia;Database DEM;true
926;Rosanna Bruni;rosanna.bruni@example.org;HCP - Infermiere / Educatore;Toscana;Database DEM;true
927;Irene Milani;irene.milani@example.org;HCP - Endocrinologo;Campania;Database DEM;true
928;Teresa Galli;teresa.galli@example.org;HCP - Diabetologo;Liguria;Database DEM;true
929;Ilaria Galli;ilaria.galli@example.org;HCP - Medico di medicina generale;Piemonte;Database DEM;true
930;Monica Ricci;monica.ricci@example.org;HCP - Diabetologo;Puglia;Database DEM;true
931;Lucia Farina;lucia.farina@example.org;HCP - Diabetologo;Sardegna;Database DEM;true
932;Elena Vitale;elena.vitale@example.org;HCP - Endocrinologo;Sardegna;Database DEM;true
933;Sabrina Galli;sabrina.galli@example.org;HCP - Endocrinologo;Lazio;Database DEM;true
934;Gabriele Manfredi;gabriele.manfredi@example.org;HCP - Medico di medicina generale;Lombardia;Database DEM;true
935;Federica Martelli;federica.martelli@example.org;Altro / Industry;Piemonte;Database DEM;true
936;Roberta Lorenzi;roberta.lorenzi@example.org;HCP - Diabetologo;Lombardia;Database DEM;true
937;Andrea Longo;andrea.longo@example.org;HCP - Endocrinologo;Lombardia;Database DEM;true
938;Monica Cardone;monica.cardone@example.org;HCP - Endocrinologo;Umbria;Database DEM;true
939;Francesca Sanna;francesca.sanna@example.org;HCP - Endocrinologo;Lombardia;Database DEM;true
940;Laura Orlando;laura.orlando@example.org;HCP - Diabetologo;Campania;Database DEM;true
941;Martina Gatti;martina.gatti@example.org;HCP - Endocrinologo;Liguria;Database DEM;true
942;Valentina Fiore;valentina.fiore@example.org;HCP - Infermiere / Educatore;Abruzzo;Database DEM;true
943;Marco Pagano;marco.pagano@example.org;HCP - Medico di medicina generale;Lazio;Database DEM;true
944;Daniele Marini;daniele.marini@example.org;HCP - Medico di medicina generale;Lazio;Database DEM;true
945;Martina Vitale;martina.vitale@example.org;Altro / Industry;Campania;Database DEM;true
946;Stefano Galli;stefano.galli@example.org;Studio medico / Ambulatorio;Lazio;Database DEM;true
947;Tommaso Caputo;tommaso.caputo@example.org;HCP - Medico di medicina generale;Liguria;Database DEM;true
948;Valeria Messina;valeria.messina@example.org;HCP - Diabetologo;Toscana;Database DEM;true
949;Barbara Conte;barbara.conte@example.org;HCP - Endocrinologo;Campania;Database DEM;true
950;Sara Volpe;sara.volpe@example.org;HCP - Diabetologo;Emilia-Romagna;Database DEM;true
951;Valentina Bianco;valentina.bianco@example.org;HCP - Diabetologo;Campania;Database DEM;true
952;Samuele Ricci;samuele.ricci@example.org;HCP - Infermiere / Educatore;Veneto;Database DEM;true
953;Caterina Orlando;caterina.orlando@example.org;HCP - Infermiere / Educatore;Liguria;Database DEM;true
954;Jacopo Negri;jacopo.negri@example.org;HCP - Diabetologo;Emilia-Romagna;Database DEM;true
955;Samuele Barbieri;samuele.barbieri@example.org;HCP - Infermiere / Educatore;Lombardia;Database DEM;true
956;Monica Grassi;monica.grassi@example.org;HCP - Medico di medicina generale;Toscana;Database DEM;true
957;Giulia Vitale;giulia.vitale@example.org;HCP - Diabetologo;Emilia-Romagna;Database DEM;true
958;Barbara Cattaneo;barbara.cattaneo@example.org;HCP - Infermiere / Educatore;Lazio;Database DEM;true
959;Giorgio Gallo;giorgio.gallo@example.org;HCP - Diabetologo;Puglia;Database DEM;true
960;Francesco Cavallo;francesco.cavallo@example.org;HCP - Medico di medicina generale;Calabria;Database DEM;true
961;Cristina Romano;cristina.romano@example.org;HCP - Infermiere / Educatore;Veneto;Database DEM;true
962;Massimo Sanna;massimo.sanna@example.org;HCP - Diabetologo;Campania;Database DEM;true
963;Teresa Zanetti;teresa.zanetti@example.org;Direzione sanitaria;Campania;Database DEM;true
964;Nicola Cirillo;nicola.cirillo@example.org;Studio medico / Ambulatorio;Emilia-Romagna;Database DEM;true
965;Paolo Rossi;paolo.rossi@example.org;HCP - Endocrinologo;Campania;Database DEM;true
966;Matteo Mancini;matteo.mancini@example.org;HCP - Endocrinologo;Lombardia;Database DEM;true
967;Michele Santoro;michele.santoro@example.org;HCP - Endocrinologo;Campania;Database DEM;true
968;Giuseppe Orlando;giuseppe.orlando@example.org;HCP - Medico di medicina generale;Sicilia;Database DEM;true
969;Marta Nardi;marta.nardi@example.org;Farmacia ospedaliera;Lombardia;Database DEM;true
970;Federica Bruno;federica.bruno@example.org;HCP - Medico di medicina generale;Veneto;Database DEM;true
971;Stefano Cavallo;stefano.cavallo@example.org;HCP - Medico di medicina generale;Veneto;Database DEM;true
972;Susanna Gallo;susanna.gallo@example.org;HCP - Endocrinologo;Lombardia;Database DEM;true
973;Roberta Melchiorre;roberta.melchiorre@example.org;HCP - Endocrinologo;Puglia;Database DEM;true
974;Chiara Guerra;chiara.guerra@example.org;HCP - Medico di medicina generale;Piemonte;Database DEM;true
975;Ilaria Zanetti;ilaria.zanetti@example.org;Studio medico / Ambulatorio;Campania;Database DEM;true
976;Tommaso Desantis;tommaso.desantis@example.org;HCP - Endocrinologo;Lombardia;Database DEM;true
977;Paola Mazza;paola.mazza@example.org;HCP - Medico di medicina generale;Puglia;Database DEM;true
978;Lucia Leone;lucia.leone@example.org;HCP - Diabetologo;Piemonte;Database DEM;true
979;Margherita Deluca;margherita.deluca@example.org;Direzione sanitaria;Lazio;Database DEM;true
980;Gianluca Silvestri;gianluca.silvestri@example.org;HCP - Medico di medicina generale;Emilia-Romagna;Database DEM;true
981;Viola Milani;viola.milani@example.org;HCP - Medico di medicina generale;Abruzzo;Database DEM;true
982;Paola Palmieri;paola.palmieri@example.org;HCP - Diabetologo;Marche;Database DEM;true
983;Valeria Fontana;valeria.fontana@example.org;HCP - Endocrinologo;Veneto;Database DEM;true
984;Barbara Cristofaro;barbara.cristofaro@example.org;HCP - Infermiere / Educatore;Sicilia;Database DEM;true
985;Enrico Antonelli;enrico.antonelli@example.org;Farmacia ospedaliera;Lombardia;Database DEM;true
986;Francesca Cavallo;francesca.cavallo@example.org;HCP - Diabetologo;Toscana;Database DEM;true
987;Valentina Poli;valentina.poli@example.org;HCP - Medico di medicina generale;Piemonte;Database DEM;true
988;Rosanna Greco;rosanna.greco@example.org;HCP - Diabetologo;Puglia;Database DEM;true
989;Gianluca Santoro;gianluca.santoro@example.org;HCP - Infermiere / Educatore;Veneto;Database DEM;true
990;Barbara Riva;barbara.riva@example.org;Farmacia ospedaliera;Veneto;Database DEM;true
991;Anna Zanetti;anna.zanetti@example.org;Studio medico / Ambulatorio;Lazio;Database DEM;true
992;Antonio Giordano;antonio.giordano@example.org;HCP - Diabetologo;Abruzzo;Database DEM;true
993;Chiara Perini;chiara.perini@example.org;Altro / Industry;Lazio;Database DEM;true
994;Antonio Denicola;antonio.denicola@example.org;HCP - Medico di medicina generale;Liguria;Database DEM;true
995;Rosanna Leone;rosanna.leone@example.org;HCP - Diabetologo;Veneto;Database DEM;true
996;Rosanna Giordano;rosanna.giordano@example.org;HCP - Medico di medicina generale;Lazio;Database DEM;true
997;Daniele Cavallo;daniele.cavallo@example.org;HCP - Infermiere / Educatore;Puglia;Database DEM;true
998;Paolo Borghi;paolo.borghi@example.org;HCP - Infermiere / Educatore;Emilia-Romagna;Database DEM;true
999;Giovanni Zanini;giovanni.zanini@example.org;HCP - Infermiere / Educatore;Piemonte;Database DEM;true
1000;Maria Perini;maria.perini@example.org;HCP - Diabetologo;Veneto;Database DEM;true
1001;Chiara Nardi;chiara.nardi@example.org;Altro / Industry;Lombardia;Database DEM;true
1002;Elena Perini;elena.perini@example.org;Altro / Industry;Lombardia;Database DEM;true
1003;Giovanni Leone;giovanni.leone@example.org;HCP - Endocrinologo;Lombardia;Database DEM;true
1004;Giulio Bassi;giulio.bassi@example.org;HCP - Medico di medicina generale;Puglia;Database DEM;true
1005;Davide Colombo;davide.colombo@example.org;HCP - Medico di medicina generale;Lombardia;Database DEM;true
1006;Claudio Parisi;claudio.parisi@example.org;Direzione sanitaria;Lombardia;Database DEM;true
1007;Marta Morelli;marta.morelli@example.org;HCP - Infermiere / Educatore;Lombardia;Database DEM;true
1008;Francesca Fumagalli;francesca.fumagalli@example.org;HCP - Diabetologo;Toscana;Database DEM;true
1009;Lorenzo Benedetti;lorenzo.benedetti@example.org;HCP - Infermiere / Educatore;Puglia;Database DEM;true
1010;Filippo Antonelli;filippo.antonelli@example.org;HCP - Diabetologo;Lazio;Database DEM;true
1011;Mauro Zanini;mauro.zanini@example.org;HCP - Medico di medicina generale;Liguria;Database DEM;true
1012;Beatrice Antonelli;beatrice.antonelli@example.org;HCP - Medico di medicina generale;Toscana;Database DEM;true
1013;Giorgio Denicola;giorgio.denicola@example.org;HCP - Infermiere / Educatore;Toscana;Database DEM;true
1014;Vincenzo Ariemma;vincenzo.ariemma@example.org;HCP - Diabetologo;Abruzzo;Database DEM;true
1015;Francesca Montanari;francesca.montanari@example.org;Altro / Industry;Friuli-Venezia Giulia;Database DEM;true
1016;Roberta Rizzo;roberta.rizzo@example.org;HCP - Diabetologo;Sicilia;Database DEM;true
1017;Elisa Lombardi;elisa.lombardi@example.org;HCP - Diabetologo;Toscana;Database DEM;true
1018;Sara Amato;sara.amato@example.org;Studio medico / Ambulatorio;Puglia;Database DEM;true
1019;Valeria Abbate;valeria.abbate@example.org;HCP - Diabetologo;Friuli-Venezia Giulia;Database DEM;true
1020;Michela Benedetti;michela.benedetti@example.org;HCP - Infermiere / Educatore;Piemonte;Database DEM;true
1021;Maria Esposito;maria.esposito@example.org;HCP - Medico di medicina generale;Sardegna;Database DEM;true
1022;Federico Bonetti;federico.bonetti@example.org;Altro / Industry;Toscana;Database DEM;true
1023;Francesca Lombardi;francesca.lombardi@example.org;HCP - Medico di medicina generale;Calabria;Database DEM;true
1024;Enrico Mariani;enrico.mariani@example.org;HCP - Diabetologo;Friuli-Venezia Giulia;Database DEM;true
1025;Francesco Fumagalli;francesco.fumagalli@example.org;Altro / Industry;Marche;Database DEM;true
1026;Daniela Cardone;daniela.cardone@example.org;Studio medico / Ambulatorio;Campania;Database DEM;true
1027;Giovanna Esposito;giovanna.esposito@example.org;Studio medico / Ambulatorio;Lombardia;Database DEM;true
1028;Raffaella Volpe;raffaella.volpe@example.org;HCP - Diabetologo;Lazio;Database DEM;true
1029;Pietro Fiore;pietro.fiore@example.org;Direzione sanitaria;Toscana;Database DEM;true
1030;Serena Silvestri;serena.silvestri@example.org;HCP - Diabetologo;Lombardia;Database DEM;true
1031;Barbara Santoro;barbara.santoro@example.org;HCP - Infermiere / Educatore;Emilia-Romagna;Database DEM;true
1032;Daniele Sorrentino;daniele.sorrentino@example.org;HCP - Medico di medicina generale;Campania;Database DEM;true
1033;Francesca Zanetti;francesca.zanetti@example.org;HCP - Diabetologo;Toscana;Database DEM;true
1034;Riccardo Sanna;riccardo.sanna@example.org;HCP - Diabetologo;Lazio;Database DEM;true
1035;Nicola Castelli;nicola.castelli@example.org;Studio medico / Ambulatorio;Toscana;Database DEM;true
1036;Valeria Castelli;valeria.castelli@example.org;Farmacia ospedaliera;Emilia-Romagna;Database DEM;true
1037;Sofia Messina;sofia.messina@example.org;HCP - Infermiere / Educatore;Lombardia;Database DEM;true
1038;Valentina Caputo;valentina.caputo@example.org;HCP - Diabetologo;Lombardia;Database DEM;true
1039;Sabrina Perini;sabrina.perini@example.org;HCP - Endocrinologo;Calabria;Database DEM;true
1040;Anna Esposito;anna.esposito@example.org;Direzione sanitaria;Campania;Database DEM;true
1041;Federica Montanari;federica.montanari@example.org;HCP - Medico di medicina generale;Campania;Database DEM;true
1042;Gianluca Piras;gianluca.piras@example.org;HCP - Infermiere / Educatore;Toscana;Database DEM;true
1043;Serena Morelli;serena.morelli@example.org;HCP - Diabetologo;Lazio;Database DEM;true
1044;Federica Bruni;federica.bruni@example.org;HCP - Infermiere / Educatore;Puglia;Database DEM;true
1045;Elena Bassi;elena.bassi@example.org;HCP - Diabetologo;Sicilia;Database DEM;true
1046;Federico Sartori;federico.sartori@example.org;Farmacia ospedaliera;Piemonte;Database DEM;true
1047;Elisa Sala;elisa.sala@example.org;Studio medico / Ambulatorio;Lazio;Database DEM;true
1048;Mauro Fiore;mauro.fiore@example.org;Studio medico / Ambulatorio;Campania;Database DEM;true
1049;Giulia Zanetti;giulia.zanetti@example.org;HCP - Diabetologo;Lombardia;Database DEM;true
1050;Gabriele Sala;gabriele.sala@example.org;Studio medico / Ambulatorio;Liguria;Database DEM;true
1051;Susanna Milani;susanna.milani@example.org;HCP - Infermiere / Educatore;Veneto;Database DEM;true
1052;Gianluca Sorrentino;gianluca.sorrentino@example.org;HCP - Diabetologo;Lombardia;Database DEM;true
1053;Francesco Deluca;francesco.deluca@example.org;HCP - Medico di medicina generale;Calabria;Database DEM;true
1054;Simone Sorrentino;simone.sorrentino@example.org;Direzione sanitaria;Piemonte;Database DEM;true
1055;Enrico Conte;enrico.conte@example.org;HCP - Endocrinologo;Emilia-Romagna;Database DEM;true
1056;Elena Ruggiero;elena.ruggiero@example.org;HCP - Medico di medicina generale;Lombardia;Database DEM;true
1057;Claudio Antonelli;claudio.antonelli@example.org;Studio medico / Ambulatorio;Abruzzo;Database DEM;true
1058;Giovanna Bruno;giovanna.bruno@example.org;Studio medico / Ambulatorio;Campania;Database DEM;true
1059;Maria Farina;maria.farina@example.org;Studio medico / Ambulatorio;Lazio;Database DEM;true
1060;Luigi Gatti;luigi.gatti@example.org;HCP - Diabetologo;Veneto;Database DEM;true
1061;Lucia Colombo;lucia.colombo@example.org;Farmacia ospedaliera;Abruzzo;Database DEM;true
1062;Irene Farina;irene.farina@example.org;HCP - Diabetologo;Toscana;Database DEM;true
1063;Irene Romano;irene.romano@example.org;HCP - Infermiere / Educatore;Puglia;Database DEM;true
1064;Federica Sala;federica.sala@example.org;Farmacia ospedaliera;Piemonte;Database DEM;true
1065;Elisa Melchiorre;elisa.melchiorre@example.org;HCP - Diabetologo;Friuli-Venezia Giulia;Database DEM;true
1066;Jacopo Pisani;jacopo.pisani@example.org;Altro / Industry;Emilia-Romagna;Database DEM;true
1067;Francesca Bruno;francesca.bruno@example.org;HCP - Endocrinologo;Emilia-Romagna;Database DEM;true
1068;Daniele Borghi;daniele.borghi@example.org;Altro / Industry;Lombardia;Database DEM;true
1069;Roberto Pellegrini;roberto.pellegrini@example.org;Farmacia ospedaliera;Campania;Database DEM;true
1070;Teresa Fiore;teresa.fiore@example.org;HCP - Infermiere / Educatore;Veneto;Database DEM;true
1071;Anna Cardone;anna.cardone@example.org;HCP - Endocrinologo;Emilia-Romagna;Database DEM;true
1072;Giorgia Sorrentino;giorgia.sorrentino@example.org;HCP - Diabetologo;Veneto;Database DEM;true
1073;Enrico Rizzo;enrico.rizzo@example.org;HCP - Endocrinologo;Lazio;Database DEM;true
1074;Gianluca Testa;gianluca.testa@example.org;Studio medico / Ambulatorio;Lazio;Database DEM;true
1075;Ludovica Marini;ludovica.marini@example.org;HCP - Diabetologo;Campania;Database DEM;true
1076;Laura Pisani;laura.pisani@example.org;HCP - Medico di medicina generale;Lombardia;Database DEM;true
1077;Lorenzo Zanini;lorenzo.zanini@example.org;HCP - Diabetologo;Veneto;Database DEM;true
1078;Martina Morelli;martina.morelli@example.org;Direzione sanitaria;Emilia-Romagna;Database DEM;true
1079;Chiara Manfredi;chiara.manfredi@example.org;HCP - Endocrinologo;Lazio;Database DEM;true
1080;Ludovica Ferretti;ludovica.ferretti@example.org;HCP - Infermiere / Educatore;Sicilia;Database DEM;true
1081;Teresa Negri;teresa.negri@example.org;HCP - Medico di medicina generale;Emilia-Romagna;Database DEM;true
1082;Serena Amato;serena.amato@example.org;HCP - Infermiere / Educatore;Calabria;Database DEM;true
1083;Viola Castelli;viola.castelli@example.org;HCP - Medico di medicina generale;Sardegna;Database DEM;true
1084;Beatrice Melchiorre;beatrice.melchiorre@example.org;Studio medico / Ambulatorio;Lazio;Database DEM;true
1085;Federico Moretti;federico.moretti@example.org;HCP - Diabetologo;Emilia-Romagna;Database DEM;true
1086;Roberta Mancini;roberta.mancini@example.org;HCP - Endocrinologo;Emilia-Romagna;Database DEM;true
1087;Anna Ricci;anna.ricci@example.org;HCP - Endocrinologo;Lombardia;Database DEM;true
1088;Giuseppe Bianchi;giuseppe.bianchi@example.org;Farmacia ospedaliera;Campania;Database DEM;true
1089;Jacopo Lombardi;jacopo.lombardi@example.org;HCP - Infermiere / Educatore;Piemonte;Database DEM;true
1090;Valentina Ferretti;valentina.ferretti@example.org;HCP - Endocrinologo;Liguria;Database DEM;true
1091;Chiara Giordano;chiara.giordano@example.org;HCP - Diabetologo;Sicilia;Database DEM;true
1092;Andrea Bonetti;andrea.bonetti@example.org;HCP - Medico di medicina generale;Lazio;Database DEM;true
1093;Luca Antonelli;luca.antonelli@example.org;Direzione sanitaria;Abruzzo;Database DEM;true
1094;Mauro Bassi;mauro.bassi@example.org;HCP - Endocrinologo;Lombardia;Database DEM;true
1095;Luca Cavallo;luca.cavallo@example.org;HCP - Diabetologo;Liguria;Database DEM;true
1096;Serena Monaco;serena.monaco@example.org;HCP - Medico di medicina generale;Puglia;Database DEM;true
1097;Giulia Silvestri;giulia.silvestri@example.org;Direzione sanitaria;Abruzzo;Database DEM;true
1098;Paolo Gallo;paolo.gallo@example.org;Studio medico / Ambulatorio;Toscana;Database DEM;true
1099;Paolo Gatti;paolo.gatti@example.org;HCP - Medico di medicina generale;Liguria;Database DEM;true
1100;Elisa Bruno;elisa.bruno@example.org;HCP - Medico di medicina generale;Campania;Database DEM;true
1101;Samuele Denicola;samuele.denicola@example.org;HCP - Diabetologo;Lombardia;Database DEM;true
1102;Elena Denicola;elena.denicola@example.org;Direzione sanitaria;Umbria;Database DEM;true
1103;Filippo Pellegrini;filippo.pellegrini@example.org;HCP - Diabetologo;Piemonte;Database DEM;true
1104;Lucia Cardone;lucia.cardone@example.org;HCP - Diabetologo;Sicilia;Database DEM;true
1105;Paolo Corsi;paolo.corsi@example.org;HCP - Medico di medicina generale;Piemonte;Database DEM;true
1106;Teresa Damico;teresa.damico@example.org;HCP - Diabetologo;Lazio;Database DEM;true
1107;Tommaso Costa;tommaso.costa@example.org;HCP - Diabetologo;Campania;Database DEM;true
1108;Giuseppe Fumagalli;giuseppe.fumagalli@example.org;Altro / Industry;Sicilia;Database DEM;true
1109;Rosanna Sala;rosanna.sala@example.org;HCP - Medico di medicina generale;Abruzzo;Database DEM;true
1110;Barbara Lorenzi;barbara.lorenzi@example.org;HCP - Infermiere / Educatore;Veneto;Database DEM;true
1111;Rosanna Caruso;rosanna.caruso@example.org;HCP - Endocrinologo;Liguria;Database DEM;true
1112;Andrea Romano;andrea.romano@example.org;HCP - Diabetologo;Liguria;Database DEM;true
1113;Federica Neri;federica.neri@example.org;HCP - Diabetologo;Lombardia;Database DEM;true
1114;Monica Mariani;monica.mariani@example.org;HCP - Diabetologo;Marche;Database DEM;true
1115;Marta Palmieri;marta.palmieri@example.org;HCP - Endocrinologo;Lombardia;Database DEM;true
1116;Filippo Mancini;filippo.mancini@example.org;HCP - Medico di medicina generale;Lombardia;Database DEM;true
1117;Jacopo Barbieri;jacopo.barbieri@example.org;HCP - Medico di medicina generale;Piemonte;Database DEM;true
1118;Simone Rizzo;simone.rizzo@example.org;HCP - Infermiere / Educatore;Lazio;Database DEM;true
1119;Carlo Ferrara;carlo.ferrara@example.org;Studio medico / Ambulatorio;Lombardia;Database DEM;true
1120;Gianluca Leone;gianluca.leone@example.org;HCP - Diabetologo;Abruzzo;Database DEM;true
1121;Gabriele Franco;gabriele.franco@example.org;HCP - Diabetologo;Campania;Database DEM;true
1122;Elena Benedetti;elena.benedetti@example.org;HCP - Diabetologo;Calabria;Database DEM;true
1123;Viola Fontana;viola.fontana@example.org;HCP - Diabetologo;Sicilia;Database DEM;true
1124;Irene Barbieri;irene.barbieri@example.org;HCP - Diabetologo;Campania;Database DEM;true
1125;Valeria Montanari;valeria.montanari@example.org;HCP - Endocrinologo;Emilia-Romagna;Database DEM;true
1126;Viola Testa;viola.testa@example.org;HCP - Diabetologo;Veneto;Database DEM;true
1127;Anna Vitale;anna.vitale@example.org;HCP - Infermiere / Educatore;Lazio;Database DEM;true
1128;Gianluca Riva;gianluca.riva@example.org;Altro / Industry;Puglia;Database DEM;true
1129;Filippo Gatti;filippo.gatti@example.org;HCP - Medico di medicina generale;Veneto;Database DEM;true
1130;Marco Balestra;marco.balestra@example.org;Farmacia ospedaliera;Emilia-Romagna;Database DEM;true
1131;Federico Montanari;federico.montanari@example.org;HCP - Diabetologo;Lombardia;Database DEM;true
1132;Ilaria Martelli;ilaria.martelli@example.org;HCP - Infermiere / Educatore;Campania;Database DEM;true
1133;Laura Balestra;laura.balestra@example.org;Studio medico / Ambulatorio;Puglia;Database DEM;true
1134;Irene Marini;irene.marini@example.org;HCP - Infermiere / Educatore;Campania;Database DEM;true
1135;Cristina Martini;cristina.martini@example.org;Studio medico / Ambulatorio;Lazio;Database DEM;true
1136;Manuela Leone;manuela.leone@example.org;HCP - Diabetologo;Puglia;Database DEM;true
1137;Anna Montanari;anna.montanari@example.org;HCP - Medico di medicina generale;Lombardia;Database DEM;true
1138;Luca Pellegrini;luca.pellegrini@example.org;HCP - Diabetologo;Emilia-Romagna;Database DEM;true
1139;Samuele Negri;samuele.negri@example.org;HCP - Endocrinologo;Veneto;Database DEM;true
1140;Sofia Gatti;sofia.gatti@example.org;HCP - Infermiere / Educatore;Lombardia;Database DEM;true
1141;Sara Parisi;sara.parisi@example.org;HCP - Medico di medicina generale;Lazio;Database DEM;true
1142;Giorgia Innocenti;giorgia.innocenti@example.org;HCP - Medico di medicina generale;Veneto;Database DEM;true
1143;Valeria Volpe;valeria.volpe@example.org;HCP - Endocrinologo;Marche;Database DEM;true
1144;Luca Vitale;luca.vitale@example.org;HCP - Medico di medicina generale;Lazio;Database DEM;true
1145;Matteo Lombardi;matteo.lombardi@example.org;HCP - Infermiere / Educatore;Campania;Database DEM;true
1146;Ludovica Sala;ludovica.sala@example.org;HCP - Medico di medicina generale;Lazio;Database DEM;true
1147;Michela Martini;michela.martini@example.org;Direzione sanitaria;Campania;Database DEM;true
1148;Beatrice Denicola;beatrice.denicola@example.org;Altro / Industry;Emilia-Romagna;Database DEM;true
1149;Ilaria Fiore;ilaria.fiore@example.org;HCP - Medico di medicina generale;Liguria;Database DEM;true
1150;Lucia Denicola;lucia.denicola@example.org;HCP - Diabetologo;Calabria;Database DEM;true
1151;Ludovica Bianco;ludovica.bianco@example.org;Studio medico / Ambulatorio;Emilia-Romagna;Database DEM;true
1152;Viola Toscano;viola.toscano@example.org;Altro / Industry;Sicilia;Database DEM;true
1153;Ludovica Caputo;ludovica.caputo@example.org;HCP - Endocrinologo;Marche;Database DEM;true
1154;Simone Giuliani;simone.giuliani@example.org;HCP - Medico di medicina generale;Emilia-Romagna;Database DEM;true
1155;Samuele Bianco;samuele.bianco@example.org;Studio medico / Ambulatorio;Toscana;Database DEM;true
1156;Jacopo Bacci;jacopo.bacci@example.org;Altro / Industry;Emilia-Romagna;Database DEM;true
1157;Giovanni Neri;giovanni.neri@example.org;HCP - Endocrinologo;Lombardia;Database DEM;true
1158;Beatrice Costa;beatrice.costa@example.org;HCP - Diabetologo;Puglia;Database DEM;true
1159;Emanuele Ferrari;emanuele.ferrari@example.org;Altro / Industry;Veneto;Database DEM;true
1160;Anna Guerra;anna.guerra@example.org;Farmacia ospedaliera;Puglia;Database DEM;true
1161;Vittorio Pesce;vittorio.pesce@example.org;HCP - Diabetologo;Campania;Database DEM;true
1162;Paola Toscano;paola.toscano@example.org;HCP - Diabetologo;Liguria;Database DEM;true
1163;Ludovica Castelli;ludovica.castelli@example.org;Farmacia ospedaliera;Campania;Database DEM;true
1164;Marco Lorenzi;marco.lorenzi@example.org;Studio medico / Ambulatorio;Lazio;Database DEM;true
1165;Beatrice Fiore;beatrice.fiore@example.org;HCP - Infermiere / Educatore;Liguria;Database DEM;true
1166;Daniele Milani;daniele.milani@example.org;HCP - Diabetologo;Veneto;Database DEM;true
1167;Marta Gentile;marta.gentile@example.org;HCP - Diabetologo;Abruzzo;Database DEM;true
1168;Cristina Santoro;cristina.santoro@example.org;HCP - Diabetologo;Marche;Database DEM;true
1169;Giorgio Pisani;giorgio.pisani@example.org;HCP - Infermiere / Educatore;Liguria;Database DEM;true
1170;Daniele Zanetti;daniele.zanetti@example.org;HCP - Infermiere / Educatore;Sicilia;Database DEM;true
1171;Elisa Benedetti;elisa.benedetti@example.org;HCP - Diabetologo;Lombardia;Database DEM;true
1172;Beatrice Salerno;beatrice.salerno@example.org;HCP - Diabetologo;Campania;Database DEM;true
1173;Jacopo Castelli;jacopo.castelli@example.org;Altro / Industry;Marche;Database DEM;true
1174;Martina Parisi;martina.parisi@example.org;HCP - Diabetologo;Campania;Database DEM;true
1175;Lucia Esposito;lucia.esposito@example.org;HCP - Endocrinologo;Lazio;Database DEM;true
1176;Claudia Galli;claudia.galli@example.org;Altro / Industry;Calabria;Database DEM;true
1177;Federica Grassi;federica.grassi@example.org;Studio medico / Ambulatorio;Puglia;Database DEM;true
1178;Luigi Fabbri;luigi.fabbri@example.org;HCP - Diabetologo;Emilia-Romagna;Database DEM;true
1179;Ludovica Damico;ludovica.damico@example.org;HCP - Infermiere / Educatore;Sicilia;Database DEM;true
1180;Margherita Pisani;margherita.pisani@example.org;HCP - Diabetologo;Emilia-Romagna;Database DEM;true
1181;Sara Moretti;sara.moretti@example.org;HCP - Endocrinologo;Sardegna;Database DEM;true
1182;Paola Melchiorre;paola.melchiorre@example.org;Studio medico / Ambulatorio;Lombardia;Database DEM;true
1183;Sabrina Mariani;sabrina.mariani@example.org;Studio medico / Ambulatorio;Piemonte;Database DEM;true
1184;Nicola Mancini;nicola.mancini@example.org;HCP - Medico di medicina generale;Lombardia;Database DEM;true
1185;Giorgio Sala;giorgio.sala@example.org;HCP - Medico di medicina generale;Puglia;Database DEM;true
1186;Valeria Orlando;valeria.orlando@example.org;HCP - Endocrinologo;Lombardia;Database DEM;true
1187;Serena Santoro;serena.santoro@example.org;HCP - Diabetologo;Sicilia;Database DEM;true
1188;Alessandro Innocenti;alessandro.innocenti@example.org;HCP - Diabetologo;Puglia;Database DEM;true
1189;Ludovica Fontana;ludovica.fontana@example.org;Studio medico / Ambulatorio;Lazio;Database DEM;true
1190;Claudia Martelli;claudia.martelli@example.org;Direzione sanitaria;Marche;Database DEM;true
1191;Giorgia Milani;giorgia.milani@example.org;HCP - Diabetologo;Emilia-Romagna;Database DEM;true
1192;Maria Conte;maria.conte@example.org;Altro / Industry;Emilia-Romagna;Database DEM;true
1193;Andrea Cavallo;andrea.cavallo@example.org;Studio medico / Ambulatorio;Lazio;Database DEM;true
1194;Gianluca Parisi;gianluca.parisi@example.org;Farmacia ospedaliera;Lazio;Database DEM;true
1195;Tommaso Negri;tommaso.negri@example.org;HCP - Diabetologo;Piemonte;Database DEM;true
1196;Matteo Conte;matteo.conte@example.org;HCP - Infermiere / Educatore;Toscana;Database DEM;true
1197;Filippo Carbone;filippo.carbone@example.org;HCP - Diabetologo;Piemonte;Database DEM;true
1198;Susanna Franco;susanna.franco@example.org;HCP - Endocrinologo;Lombardia;Database DEM;true
1199;Marta Cattaneo;marta.cattaneo@example.org;Altro / Industry;Lazio;Database DEM;true
1200;Giulio Fumagalli;giulio.fumagalli@example.org;HCP - Diabetologo;Veneto;Database DEM;true
1201;Stefano Bellini;stefano.bellini@example.org;Altro / Industry;Liguria;Database DEM;true
1202;Nicola Grassi;nicola.grassi@example.org;HCP - Infermiere / Educatore;Veneto;Database DEM;true
1203;Claudia Orlando;claudia.orlando@example.org;HCP - Infermiere / Educatore;Piemonte;Database DEM;true
1204;Michela Bonetti;michela.bonetti@example.org;HCP - Medico di medicina generale;Lazio;Database DEM;true
1205;Davide Giuliani;davide.giuliani@example.org;HCP - Diabetologo;Campania;Database DEM;true
1206;Raffaella Testa;raffaella.testa@example.org;HCP - Diabetologo;Liguria;Database DEM;true
1207;Jacopo Marini;jacopo.marini@example.org;HCP - Diabetologo;Lombardia;Database DEM;true
1208;Federico Neri;federico.neri@example.org;HCP - Medico di medicina generale;Piemonte;Database DEM;true
1209;Sabrina Melchiorre;sabrina.melchiorre@example.org;HCP - Endocrinologo;Puglia;Database DEM;true
1210;Luigi Orlando;luigi.orlando@example.org;Studio medico / Ambulatorio;Lombardia;Database DEM;true
1211;Daniela Innocenti;daniela.innocenti@example.org;HCP - Diabetologo;Friuli-Venezia Giulia;Database DEM;true
1212;Teresa Toscano;teresa.toscano@example.org;HCP - Endocrinologo;Sicilia;Database DEM;true
1213;Antonio Pesce;antonio.pesce@example.org;HCP - Medico di medicina generale;Lombardia;Database DEM;true
1214;Giulia Pagano;giulia.pagano@example.org;HCP - Diabetologo;Puglia;Database DEM;true
1215;Laura Pesce;laura.pesce@example.org;HCP - Diabetologo;Emilia-Romagna;Database DEM;true
1216;Cristina Fontana;cristina.fontana@example.org;HCP - Endocrinologo;Puglia;Database DEM;true
1217;Claudia Nardi;claudia.nardi@example.org;HCP - Diabetologo;Lombardia;Database DEM;true
1218;Matteo Silvestri;matteo.silvestri@example.org;HCP - Endocrinologo;Sardegna;Database DEM;true
1219;Laura Farina;laura.farina@example.org;HCP - Medico di medicina generale;Piemonte;Database DEM;true
1220;Mauro Desantis;mauro.desantis@example.org;HCP - Diabetologo;Lombardia;Database DEM;true
1221;Mauro Pagano;mauro.pagano@example.org;HCP - Diabetologo;Veneto;Database DEM;true
1222;Claudia Manfredi;claudia.manfredi@example.org;Altro / Industry;Puglia;Database DEM;true
1223;Martina Messina;martina.messina@example.org;HCP - Endocrinologo;Lombardia;Database DEM;true
1224;Stefano Bruno;stefano.bruno@example.org;HCP - Infermiere / Educatore;Emilia-Romagna;Database DEM;true
1225;Sabrina Bonetti;sabrina.bonetti@example.org;HCP - Diabetologo;Puglia;Database DEM;true
1226;Rosanna Castelli;rosanna.castelli@example.org;Studio medico / Ambulatorio;Emilia-Romagna;Database DEM;true
1227;Michela Santoro;michela.santoro@example.org;HCP - Diabetologo;Lazio;Database DEM;true
1228;Anna Iacobelli;anna.iacobelli@example.org;HCP - Diabetologo;Veneto;Database DEM;true
1229;Gianluca Longo;gianluca.longo@example.org;HCP - Endocrinologo;Puglia;Database DEM;true
1230;Roberta Cerri;roberta.cerri@example.org;HCP - Endocrinologo;Lazio;Database DEM;true
1231;Simone Caputo;simone.caputo@example.org;HCP - Diabetologo;Lazio;Database DEM;true
1232;Ilaria Amato;ilaria.amato@example.org;HCP - Medico di medicina generale;Veneto;Database DEM;true
1233;Sabrina Messina;sabrina.messina@example.org;HCP - Medico di medicina generale;Campania;Database DEM;true
1234;Simone Cerri;simone.cerri@example.org;HCP - Diabetologo;Emilia-Romagna;Database DEM;true
1235;Luigi Bonetti;luigi.bonetti@example.org;Direzione sanitaria;Veneto;Database DEM;true
1236;Giorgia Bellini;giorgia.bellini@example.org;Direzione sanitaria;Abruzzo;Database DEM;true
1237;Giorgia Greco;giorgia.greco@example.org;HCP - Medico di medicina generale;Lombardia;Database DEM;true
1238;Vincenzo Sorrentino;vincenzo.sorrentino@example.org;HCP - Medico di medicina generale;Lazio;Database DEM;true
1239;Vittorio Castelli;vittorio.castelli@example.org;HCP - Diabetologo;Sicilia;Database DEM;true
1240;Silvia Ricci;silvia.ricci@example.org;HCP - Medico di medicina generale;Toscana;Database DEM;true
1241;Caterina Fiore;caterina.fiore@example.org;Studio medico / Ambulatorio;Puglia;Database DEM;true
1242;Michela Ariemma;michela.ariemma@example.org;HCP - Endocrinologo;Toscana;Database DEM;true
1243;Marta Desantis;marta.desantis@example.org;HCP - Diabetologo;Veneto;Database DEM;true
1244;Caterina Agostini;caterina.agostini@example.org;Altro / Industry;Lazio;Database DEM;true
1245;Andrea Rizzo;andrea.rizzo@example.org;HCP - Medico di medicina generale;Campania;Database DEM;true
1246;Martina Bruno;martina.bruno@example.org;HCP - Infermiere / Educatore;Toscana;Database DEM;true
1247;Carlo Fontana;carlo.fontana@example.org;HCP - Medico di medicina generale;Friuli-Venezia Giulia;Database DEM;true
1248;Ilaria Sala;ilaria.sala@example.org;HCP - Diabetologo;Veneto;Database DEM;true
1249;Giorgio Iacobelli;giorgio.iacobelli@example.org;HCP - Infermiere / Educatore;Lombardia;Database DEM;true
1250;Francesca Zanini;francesca.zanini@example.org;HCP - Medico di medicina generale;Toscana;Database DEM;true
1251;Jacopo Ricci;jacopo.ricci@example.org;Direzione sanitaria;Lazio;Database DEM;true
1252;Angela Mancini;angela.mancini@example.org;HCP - Endocrinologo;Lombardia;Database DEM;true
1253;Valeria Marchetti;valeria.marchetti@example.org;HCP - Diabetologo;Abruzzo;Database DEM;true
1254;Raffaella Riva;raffaella.riva@example.org;Farmacia ospedaliera;Veneto;Database DEM;true
1255;Teresa Rossi;teresa.rossi@example.org;HCP - Diabetologo;Puglia;Database DEM;true
1256;Massimo Denicola;massimo.denicola@example.org;HCP - Diabetologo;Toscana;Database DEM;true
1257;Caterina Iacobelli;caterina.iacobelli@example.org;Direzione sanitaria;Lombardia;Database DEM;true
1258;Daniele Iacobelli;daniele.iacobelli@example.org;HCP - Endocrinologo;Lazio;Database DEM;true
1259;Giovanni Gentile;giovanni.gentile@example.org;HCP - Medico di medicina generale;Lombardia;Database DEM;true
1260;Giorgia Nardi;giorgia.nardi@example.org;HCP - Diabetologo;Abruzzo;Database DEM;true
1261;Giovanni Manfredi;giovanni.manfredi@example.org;HCP - Diabetologo;Piemonte;Database DEM;true
1262;Giovanni Fontana;giovanni.fontana@example.org;Altro / Industry;Piemonte;Database DEM;true
1263;Anna Borghi;anna.borghi@example.org;HCP - Diabetologo;Lombardia;Database DEM;true
1264;Chiara Cattaneo;chiara.cattaneo@example.org;HCP - Endocrinologo;Veneto;Database DEM;true
1265;Marta Melchiorre;marta.melchiorre@example.org;HCP - Endocrinologo;Lombardia;Database DEM;true
1266;Elisa Gallo;elisa.gallo@example.org;HCP - Medico di medicina generale;Emilia-Romagna;Database DEM;true
1267;Luigi Franco;luigi.franco@example.org;HCP - Medico di medicina generale;Calabria;Database DEM;true
1268;Carlo Mancini;carlo.mancini@example.org;HCP - Medico di medicina generale;Puglia;Database DEM;true
1269;Giovanna Martini;giovanna.martini@example.org;HCP - Endocrinologo;Calabria;Database DEM;true
1270;Raffaella Parisi;raffaella.parisi@example.org;HCP - Medico di medicina generale;Puglia;Database DEM;true
1271;Teresa Perini;teresa.perini@example.org;HCP - Diabetologo;Calabria;Database DEM;true
1272;Marta Innocenti;marta.innocenti@example.org;HCP - Endocrinologo;Lombardia;Database DEM;true
1273;Federico Bellini;federico.bellini@example.org;HCP - Diabetologo;Campania;Database DEM;true
1274;Viola Cirillo;viola.cirillo@example.org;HCP - Medico di medicina generale;Puglia;Database DEM;true
1275;Marco Greco;marco.greco@example.org;HCP - Medico di medicina generale;Lazio;Database DEM;true
1276;Martina Antonelli;martina.antonelli@example.org;HCP - Infermiere / Educatore;Lombardia;Database DEM;true
1277;Lorenzo Colombo;lorenzo.colombo@example.org;HCP - Endocrinologo;Campania;Database DEM;true
1278;Davide Vitale;davide.vitale@example.org;Studio medico / Ambulatorio;Lazio;Database DEM;true
1279;Giacomo Damico;giacomo.damico@example.org;HCP - Medico di medicina generale;Emilia-Romagna;Database DEM;true
1280;Anna Ferretti;anna.ferretti@example.org;HCP - Diabetologo;Campania;Database DEM;true
1281;Chiara Cavallo;chiara.cavallo@example.org;HCP - Medico di medicina generale;Umbria;Database DEM;true
1282;Lorenzo Fontana;lorenzo.fontana@example.org;HCP - Diabetologo;Toscana;Database DEM;true
1283;Francesca Cirillo;francesca.cirillo@example.org;Altro / Industry;Campania;Database DEM;true
1284;Roberta Russo;roberta.russo@example.org;HCP - Medico di medicina generale;Lazio;Database DEM;true
1285;Lucia Ariemma;lucia.ariemma@example.org;HCP - Medico di medicina generale;Abruzzo;Database DEM;true
1286;Lorenzo Barbieri;lorenzo.barbieri@example.org;HCP - Medico di medicina generale;Marche;Database DEM;true
1287;Giorgia Melchiorre;giorgia.melchiorre@example.org;HCP - Diabetologo;Toscana;Database DEM;true
1288;Luigi Leone;luigi.leone@example.org;Studio medico / Ambulatorio;Lombardia;Database DEM;true
1289;Rosanna Borghi;rosanna.borghi@example.org;HCP - Diabetologo;Emilia-Romagna;Database DEM;true
1290;Barbara Farina;barbara.farina@example.org;HCP - Medico di medicina generale;Puglia;Database DEM;true
1291;Giovanni Bruni;giovanni.bruni@example.org;HCP - Medico di medicina generale;Puglia;Database DEM;true
1292;Daniela Bernardi;daniela.bernardi@example.org;HCP - Infermiere / Educatore;Puglia;Database DEM;true
1293;Filippo Bruno;filippo.bruno@example.org;Studio medico / Ambulatorio;Piemonte;Database DEM;true
1294;Barbara Cardone;barbara.cardone@example.org;HCP - Medico di medicina generale;Sicilia;Database DEM;true
1295;Claudio Moretti;claudio.moretti@example.org;HCP - Infermiere / Educatore;Friuli-Venezia Giulia;Database DEM;true
1296;Vincenzo Marchetti;vincenzo.marchetti@example.org;Altro / Industry;Campania;Database DEM;true
1297;Sabrina Lorenzi;sabrina.lorenzi@example.org;HCP - Medico di medicina generale;Lombardia;Database DEM;true
1298;Jacopo Costa;jacopo.costa@example.org;HCP - Medico di medicina generale;Toscana;Database DEM;true
1299;Paola Conte;paola.conte@example.org;HCP - Infermiere / Educatore;Piemonte;Database DEM;true
1300;Michela Grassi;michela.grassi@example.org;HCP - Infermiere / Educatore;Marche;Database DEM;true
1301;Marta Costa;marta.costa@example.org;HCP - Endocrinologo;Piemonte;Database DEM;true
1302;Maria Negri;maria.negri@example.org;Farmacia ospedaliera;Abruzzo;Database DEM;true
1303;Ilaria Fumagalli;ilaria.fumagalli@example.org;HCP - Medico di medicina generale;Sicilia;Database DEM;true
1304;Valeria Bruni;valeria.bruni@example.org;HCP - Diabetologo;Lombardia;Database DEM;true
1305;Serena Benedetti;serena.benedetti@example.org;HCP - Endocrinologo;Emilia-Romagna;Database DEM;true
1306;Valeria Valente;valeria.valente@example.org;HCP - Infermiere / Educatore;Liguria;Database DEM;true
1307;Margherita Fabbri;margherita.fabbri@example.org;HCP - Endocrinologo;Emilia-Romagna;Database DEM;true
1308;Pietro Gatti;pietro.gatti@example.org;HCP - Medico di medicina generale;Toscana;Database DEM;true
1309;Gabriele Salerno;gabriele.salerno@example.org;HCP - Infermiere / Educatore;Toscana;Database DEM;true
1310;Marco Carbone;marco.carbone@example.org;HCP - Endocrinologo;Lombardia;Database DEM;true
1311;Beatrice Bianco;beatrice.bianco@example.org;HCP - Infermiere / Educatore;Lazio;Database DEM;true
1312;Ilaria Volpe;ilaria.volpe@example.org;HCP - Diabetologo;Campania;Database DEM;true
1313;Vincenzo Damico;vincenzo.damico@example.org;Farmacia ospedaliera;Campania;Database DEM;true
1314;Viola Landi;viola.landi@example.org;HCP - Endocrinologo;Piemonte;Database DEM;true
1315;Massimo Bruni;massimo.bruni@example.org;HCP - Medico di medicina generale;Campania;Database DEM;true
1316;Emanuele Sartori;emanuele.sartori@example.org;HCP - Medico di medicina generale;Campania;Database DEM;true
1317;Luca Morelli;luca.morelli@example.org;HCP - Endocrinologo;Lazio;Database DEM;true
1318;Viola Ferrari;viola.ferrari@example.org;HCP - Diabetologo;Lombardia;Database DEM;true
1319;Mauro Pesce;mauro.pesce@example.org;HCP - Infermiere / Educatore;Lombardia;Database DEM;true
1320;Barbara Marini;barbara.marini@example.org;HCP - Diabetologo;Sicilia;Database DEM;true
1321;Laura Grassi;laura.grassi@example.org;Studio medico / Ambulatorio;Campania;Database DEM;true
1322;Carlo Landi;carlo.landi@example.org;HCP - Diabetologo;Lombardia;Database DEM;true
1323;Emanuele Martini;emanuele.martini@example.org;HCP - Diabetologo;Marche;Database DEM;true
1324;Massimo Fabbri;massimo.fabbri@example.org;HCP - Medico di medicina generale;Sicilia;Database DEM;true
1325;Daniele Balestra;daniele.balestra@example.org;HCP - Infermiere / Educatore;Abruzzo;Database DEM;true
1326;Silvia Silvestri;silvia.silvestri@example.org;HCP - Infermiere / Educatore;Campania;Database DEM;true
1327;Giuseppe Lombardi;giuseppe.lombardi@example.org;Altro / Industry;Piemonte;Database DEM;true
1328;Roberto Mariani;roberto.mariani@example.org;HCP - Diabetologo;Lombardia;Database DEM;true
1329;Simone Neri;simone.neri@example.org;Studio medico / Ambulatorio;Sicilia;Database DEM;true
1330;Giovanna Fumagalli;giovanna.fumagalli@example.org;HCP - Diabetologo;Emilia-Romagna;Database DEM;true
1331;Alessandro Guerra;alessandro.guerra@example.org;HCP - Infermiere / Educatore;Emilia-Romagna;Database DEM;true
1332;Lucia Carbone;lucia.carbone@example.org;HCP - Medico di medicina generale;Sicilia;Database DEM;true
1333;Giovanni Colombo;giovanni.colombo@example.org;HCP - Endocrinologo;Campania;Database DEM;true
1334;Viola Pesce;viola.pesce@example.org;HCP - Infermiere / Educatore;Campania;Database DEM;true
1335;Beatrice Guerra;beatrice.guerra@example.org;HCP - Infermiere / Educatore;Marche;Database DEM;true
1336;Susanna Ferrara;susanna.ferrara@example.org;Studio medico / Ambulatorio;Friuli-Venezia Giulia;Database DEM;true
1337;Riccardo Ariemma;riccardo.ariemma@example.org;Studio medico / Ambulatorio;Emilia-Romagna;Database DEM;true
1338;Giacomo Pagano;giacomo.pagano@example.org;HCP - Diabetologo;Sardegna;Database DEM;true
1339;Claudia Amato;claudia.amato@example.org;HCP - Medico di medicina generale;Lombardia;Database DEM;true
1340;Luca Zanini;luca.zanini@example.org;HCP - Medico di medicina generale;Veneto;Database DEM;true
1341;Cristina Esposito;cristina.esposito@example.org;Altro / Industry;Lazio;Database DEM;true
1342;Silvia Giordano;silvia.giordano@example.org;Farmacia ospedaliera;Puglia;Database DEM;true
1343;Elena Rossi;elena.rossi@example.org;HCP - Diabetologo;Friuli-Venezia Giulia;Database DEM;true
1344;Claudio Cavallo;claudio.cavallo@example.org;HCP - Medico di medicina generale;Lazio;Database DEM;true
1345;Antonio Longo;antonio.longo@example.org;Altro / Industry;Sicilia;Database DEM;true
1346;Carlo Agostini;carlo.agostini@example.org;HCP - Infermiere / Educatore;Sicilia;Database DEM;true
1347;Caterina Manfredi;caterina.manfredi@example.org;HCP - Infermiere / Educatore;Marche;Database DEM;true
1348;Elisa Fumagalli;elisa.fumagalli@example.org;HCP - Infermiere / Educatore;Liguria;Database DEM;true
1349;Maria Benedetti;maria.benedetti@example.org;HCP - Endocrinologo;Friuli-Venezia Giulia;Database DEM;true
1350;Enrico Cattaneo;enrico.cattaneo@example.org;HCP - Diabetologo;Puglia;Database DEM;true
1351;Cristina Sala;cristina.sala@example.org;HCP - Diabetologo;Liguria;Database DEM;true
1352;Rosanna Fontana;rosanna.fontana@example.org;HCP - Diabetologo;Veneto;Database DEM;true
1353;Ludovica Gatti;ludovica.gatti@example.org;HCP - Infermiere / Educatore;Lombardia;Database DEM;true
1354;Angela Ariemma;angela.ariemma@example.org;HCP - Diabetologo;Lazio;Database DEM;true
1355;Michela Toscano;michela.toscano@example.org;Altro / Industry;Lazio;Database DEM;true
1356;Gianluca Barbieri;gianluca.barbieri@example.org;Direzione sanitaria;Toscana;Database DEM;true
1357;Jacopo Bellini;jacopo.bellini@example.org;HCP - Diabetologo;Veneto;Database DEM;true
1358;Simone Gatti;simone.gatti@example.org;Altro / Industry;Emilia-Romagna;Database DEM;true
1359;Valeria Vitale;valeria.vitale@example.org;HCP - Endocrinologo;Emilia-Romagna;Database DEM;true
1360;Ilaria Grassi;ilaria.grassi@example.org;HCP - Diabetologo;Veneto;Database DEM;true
1361;Francesca Monaco;francesca.monaco@example.org;Farmacia ospedaliera;Toscana;Database DEM;true
1362;Caterina Giuliani;caterina.giuliani@example.org;Farmacia ospedaliera;Lombardia;Database DEM;true
1363;Vittorio Rossi;vittorio.rossi@example.org;Studio medico / Ambulatorio;Liguria;Database DEM;true
1364;Daniela Orlando;daniela.orlando@example.org;HCP - Endocrinologo;Sicilia;Database DEM;true
1365;Elena Cardone;elena.cardone@example.org;Altro / Industry;Sicilia;Database DEM;true
1366;Filippo Grassi;filippo.grassi@example.org;HCP - Infermiere / Educatore;Lazio;Database DEM;true
1367;Manuela Rizzo;manuela.rizzo@example.org;HCP - Infermiere / Educatore;Veneto;Database DEM;true
1368;Margherita Sorrentino;margherita.sorrentino@example.org;HCP - Diabetologo;Lombardia;Database DEM;true
1369;Roberto Ruggiero;roberto.ruggiero@example.org;HCP - Medico di medicina generale;Veneto;Database DEM;true
1370;Ilaria Denicola;ilaria.denicola@example.org;HCP - Diabetologo;Sicilia;Database DEM;true
1371;Giovanni Moretti;giovanni.moretti@example.org;HCP - Endocrinologo;Toscana;Database DEM;true
1372;Paola Deluca;paola.deluca@example.org;HCP - Infermiere / Educatore;Lazio;Database DEM;true
1373;Samuele Vitale;samuele.vitale@example.org;HCP - Diabetologo;Toscana;Database DEM;true
1374;Matteo Santoro;matteo.santoro@example.org;HCP - Diabetologo;Sardegna;Database DEM;true
1375;Gianluca Bernardi;gianluca.bernardi@example.org;HCP - Diabetologo;Liguria;Database DEM;true
1376;Martina Ferrari;martina.ferrari@example.org;HCP - Diabetologo;Lombardia;Database DEM;true
1377;Anna Pellegrini;anna.pellegrini@example.org;HCP - Diabetologo;Toscana;Database DEM;true
1378;Roberto Caruso;roberto.caruso@example.org;HCP - Medico di medicina generale;Emilia-Romagna;Database DEM;true
1379;Barbara Volpe;barbara.volpe@example.org;HCP - Medico di medicina generale;Liguria;Database DEM;true
1380;Daniele Costa;daniele.costa@example.org;Farmacia ospedaliera;Veneto;Database DEM;true
1381;Beatrice Russo;beatrice.russo@example.org;Altro / Industry;Lombardia;Database DEM;true
1382;Anna Volpe;anna.volpe@example.org;HCP - Medico di medicina generale;Lombardia;Database DEM;true
1383;Michele Bacci;michele.bacci@example.org;Studio medico / Ambulatorio;Toscana;Database DEM;true
1384;Nicola Desantis;nicola.desantis@example.org;HCP - Diabetologo;Sicilia;Database DEM;true
1385;Raffaella Ferretti;raffaella.ferretti@example.org;HCP - Medico di medicina generale;Campania;Database DEM;true
1386;Giulio Manfredi;giulio.manfredi@example.org;HCP - Diabetologo;Veneto;Database DEM;true
1387;Paolo Ferrari;paolo.ferrari@example.org;HCP - Medico di medicina generale;Lombardia;Database DEM;true
1388;Simone Mazza;simone.mazza@example.org;Studio medico / Ambulatorio;Lombardia;Database DEM;true
1389;Angela Zanetti;angela.zanetti@example.org;HCP - Diabetologo;Liguria;Database DEM;true
1390;Sofia Desantis;sofia.desantis@example.org;Studio medico / Ambulatorio;Emilia-Romagna;Database DEM;true
1391;Roberta Martelli;roberta.martelli@example.org;Altro / Industry;Campania;Database DEM;true
1392;Sabrina Zanini;sabrina.zanini@example.org;Studio medico / Ambulatorio;Toscana;Database DEM;true
1393;Jacopo Carbone;jacopo.carbone@example.org;Farmacia ospedaliera;Veneto;Database DEM;true
1394;Daniele Vitale;daniele.vitale@example.org;Studio medico / Ambulatorio;Piemonte;Database DEM;true
1395;Sara Pesce;sara.pesce@example.org;HCP - Diabetologo;Toscana;Database DEM;true
1396;Giorgia Deluca;giorgia.deluca@example.org;HCP - Diabetologo;Veneto;Database DEM;true
1397;Federico Farina;federico.farina@example.org;Farmacia ospedaliera;Lombardia;Database DEM;true
1398;Riccardo Martini;riccardo.martini@example.org;HCP - Medico di medicina generale;Campania;Database DEM;true
1399;Caterina Riva;caterina.riva@example.org;Direzione sanitaria;Puglia;Database DEM;true
1400;Andrea Galli;andrea.galli@example.org;HCP - Endocrinologo;Calabria;Database DEM;true
1401;Luca Manfredi;luca.manfredi@example.org;HCP - Infermiere / Educatore;Lombardia;Database DEM;true
1402;Laura Mazza;laura.mazza@example.org;Studio medico / Ambulatorio;Lombardia;Database DEM;true
1403;Simone Borghi;simone.borghi@example.org;HCP - Infermiere / Educatore;Sicilia;Database DEM;true
1404;Susanna Montanari;susanna.montanari@example.org;HCP - Medico di medicina generale;Lombardia;Database DEM;true
1405;Beatrice Bassi;beatrice.bassi@example.org;HCP - Medico di medicina generale;Sardegna;Database DEM;true
1406;Ilaria Piras;ilaria.piras@example.org;HCP - Diabetologo;Campania;Database DEM;true
1407;Giovanni Parisi;giovanni.parisi@example.org;Altro / Industry;Piemonte;Database DEM;true
1408;Tommaso Messina;tommaso.messina@example.org;Studio medico / Ambulatorio;Lombardia;Database DEM;true
1409;Giorgio Pagano;giorgio.pagano@example.org;HCP - Endocrinologo;Veneto;Database DEM;true
1410;Davide Rizzo;davide.rizzo@example.org;HCP - Infermiere / Educatore;Veneto;Database DEM;true
1411;Caterina Marini;caterina.marini@example.org;HCP - Diabetologo;Puglia;Database DEM;true
1412;Daniela Corsi;daniela.corsi@example.org;HCP - Diabetologo;Emilia-Romagna;Database DEM;true
1413;Davide Amato;davide.amato@example.org;HCP - Diabetologo;Veneto;Database DEM;true
1414;Samuele Giuliani;samuele.giuliani@example.org;HCP - Medico di medicina generale;Lombardia;Database DEM;true
1415;Daniele Colombo;daniele.colombo@example.org;HCP - Diabetologo;Lombardia;Database DEM;true
1416;Anna Orlando;anna.orlando@example.org;HCP - Diabetologo;Emilia-Romagna;Database DEM;true
1417;Federica Fumagalli;federica.fumagalli@example.org;HCP - Diabetologo;Emilia-Romagna;Database DEM;true
1418;Giacomo Guerra;giacomo.guerra@example.org;HCP - Medico di medicina generale;Lombardia;Database DEM;true
1419;Giulio Barbieri;giulio.barbieri@example.org;Farmacia ospedaliera;Emilia-Romagna;Database DEM;true
1420;Giuseppe Poli;giuseppe.poli@example.org;HCP - Endocrinologo;Lombardia;Database DEM;true
1421;Riccardo Ferrari;riccardo.ferrari@example.org;HCP - Diabetologo;Veneto;Database DEM;true
1422;Angela Castelli;angela.castelli@example.org;HCP - Endocrinologo;Piemonte;Database DEM;true
1423;Sabrina Zanetti;sabrina.zanetti@example.org;Farmacia ospedaliera;Emilia-Romagna;Database DEM;true
1424;Cristina Morelli;cristina.morelli@example.org;HCP - Medico di medicina generale;Emilia-Romagna;Database DEM;true
1425;Francesca Rossetti;francesca.rossetti@example.org;HCP - Diabetologo;Lazio;Database DEM;true
1426;Giulio Antonelli;giulio.antonelli@example.org;Studio medico / Ambulatorio;Lombardia;Database DEM;true
1427;Emanuele Silvestri;emanuele.silvestri@example.org;HCP - Diabetologo;Sicilia;Database DEM;true
1428;Giorgia Silvestri;giorgia.silvestri@example.org;HCP - Medico di medicina generale;Piemonte;Database DEM;true
1429;Luigi Galli;luigi.galli@example.org;Studio medico / Ambulatorio;Puglia;Database DEM;true
1430;Tommaso Pesce;tommaso.pesce@example.org;HCP - Infermiere / Educatore;Lombardia;Database DEM;true
1431;Marco Landi;marco.landi@example.org;Altro / Industry;Lombardia;Database DEM;true
1432;Silvia Monaco;silvia.monaco@example.org;HCP - Medico di medicina generale;Piemonte;Database DEM;true
1433;Giulia Corsi;giulia.corsi@example.org;HCP - Diabetologo;Lombardia;Database DEM;true
1434;Marco Neri;marco.neri@example.org;HCP - Diabetologo;Lazio;Database DEM;true
1435;Teresa Bruno;teresa.bruno@example.org;HCP - Diabetologo;Veneto;Database DEM;true
1436;Roberta Landi;roberta.landi@example.org;Farmacia ospedaliera;Umbria;Database DEM;true
1437;Raffaella Fontana;raffaella.fontana@example.org;HCP - Medico di medicina generale;Lazio;Database DEM;true
1438;Mauro Bellini;mauro.bellini@example.org;HCP - Endocrinologo;Puglia;Database DEM;true
1439;Valeria Mariani;valeria.mariani@example.org;HCP - Diabetologo;Toscana;Database DEM;true
1440;Gabriele Antonelli;gabriele.antonelli@example.org;HCP - Infermiere / Educatore;Calabria;Database DEM;true
1441;Barbara Rossi;barbara.rossi@example.org;Farmacia ospedaliera;Campania;Database DEM;true
1442;Tommaso Sartori;tommaso.sartori@example.org;Altro / Industry;Campania;Database DEM;true
1443;Sara Benedetti;sara.benedetti@example.org;HCP - Endocrinologo;Marche;Database DEM;true
1444;Michele Rossetti;michele.rossetti@example.org;HCP - Diabetologo;Lombardia;Database DEM;true
1445;Federica Ferrara;federica.ferrara@example.org;HCP - Diabetologo;Abruzzo;Database DEM;true
1446;Filippo Balestra;filippo.balestra@example.org;HCP - Diabetologo;Piemonte;Database DEM;true
1447;Serena Greco;serena.greco@example.org;HCP - Medico di medicina generale;Piemonte;Database DEM;true
1448;Giovanna Farina;giovanna.farina@example.org;HCP - Medico di medicina generale;Lombardia;Database DEM;true
1449;Filippo Manfredi;filippo.manfredi@example.org;HCP - Diabetologo;Campania;Database DEM;true
1450;Paola Giordano;paola.giordano@example.org;Studio medico / Ambulatorio;Calabria;Database DEM;true
1451;Giulia Grassi;giulia.grassi@example.org;HCP - Medico di medicina generale;Sicilia;Database DEM;true
1452;Vincenzo Pellegrini;vincenzo.pellegrini@example.org;Studio medico / Ambulatorio;Emilia-Romagna;Database DEM;true
1453;Claudia Rossi;claudia.rossi@example.org;HCP - Medico di medicina generale;Veneto;Database DEM;true
1454;Manuela Ferrara;manuela.ferrara@example.org;Studio medico / Ambulatorio;Emilia-Romagna;Database DEM;true
1455;Laura Franco;laura.franco@example.org;Altro / Industry;Veneto;Database DEM;true
1456;Giorgio Leone;giorgio.leone@example.org;HCP - Diabetologo;Campania;Database DEM;true
1457;Jacopo Desantis;jacopo.desantis@example.org;HCP - Infermiere / Educatore;Veneto;Database DEM;true
1458;Jacopo Rossi;jacopo.rossi@example.org;HCP - Diabetologo;Friuli-Venezia Giulia;Database DEM;true
1459;Manuela Manfredi;manuela.manfredi@example.org;HCP - Diabetologo;Lombardia;Database DEM;true
1460;Massimo Lorenzi;massimo.lorenzi@example.org;HCP - Diabetologo;Marche;Database DEM;true
1461;Margherita Valente;margherita.valente@example.org;HCP - Diabetologo;Sicilia;Database DEM;true
1462;Giovanni Bonetti;giovanni.bonetti@example.org;Studio medico / Ambulatorio;Lazio;Database DEM;true
1463;Serena Deluca;serena.deluca@example.org;Farmacia ospedaliera;Sardegna;Database DEM;true
1464;Susanna Fumagalli;susanna.fumagalli@example.org;HCP - Diabetologo;Lazio;Database DEM;true
1465;Nicola Fumagalli;nicola.fumagalli@example.org;HCP - Medico di medicina generale;Umbria;Database DEM;true
1466;Francesco Palmieri;francesco.palmieri@example.org;HCP - Diabetologo;Calabria;Database DEM;true
1467;Davide Esposito;davide.esposito@example.org;Farmacia ospedaliera;Piemonte;Database DEM;true
1468;Giovanna Rossi;giovanna.rossi@example.org;Altro / Industry;Lombardia;Database DEM;true
1469;Claudio Silvestri;claudio.silvestri@example.org;HCP - Diabetologo;Lombardia;Database DEM;true
1470;Simone Fontana;simone.fontana@example.org;HCP - Infermiere / Educatore;Veneto;Database DEM;true
1471;Laura Iacobelli;laura.iacobelli@example.org;Altro / Industry;Liguria;Database DEM;true
1472;Claudio Melchiorre;claudio.melchiorre@example.org;HCP - Diabetologo;Sicilia;Database DEM;true
1473;Jacopo Perini;jacopo.perini@example.org;Studio medico / Ambulatorio;Puglia;Database DEM;true
1474;Riccardo Pagano;riccardo.pagano@example.org;HCP - Diabetologo;Puglia;Database DEM;true
1475;Sara Bruno;sara.bruno@example.org;HCP - Medico di medicina generale;Veneto;Database DEM;true
1476;Alessandro Rizzo;alessandro.rizzo@example.org;Studio medico / Ambulatorio;Lazio;Database DEM;true
1477;Elena Iacobelli;elena.iacobelli@example.org;HCP - Diabetologo;Lombardia;Database DEM;true
1478;Simone Morelli;simone.morelli@example.org;HCP - Diabetologo;Lombardia;Database DEM;true
1479;Teresa Sala;teresa.sala@example.org;Direzione sanitaria;Campania;Database DEM;true
1480;Gianluca Manfredi;gianluca.manfredi@example.org;Farmacia ospedaliera;Puglia;Database DEM;true
1481;Riccardo Sala;riccardo.sala@example.org;HCP - Diabetologo;Lombardia;Database DEM;true
1482;Gabriele Testa;gabriele.testa@example.org;HCP - Endocrinologo;Veneto;Database DEM;true
1483;Mariangela Giordano;mariangela.giordano@example.org;HCP - Endocrinologo;Lazio;Database DEM;true
1484;Michela Ferretti;michela.ferretti@example.org;HCP - Diabetologo;Lazio;Database DEM;true
1485;Maria Bernardi;maria.bernardi@example.org;HCP - Diabetologo;Toscana;Database DEM;true
1486;Davide Conte;davide.conte@example.org;HCP - Diabetologo;Veneto;Database DEM;true
1487;Cristina Amato;cristina.amato@example.org;HCP - Infermiere / Educatore;Campania;Database DEM;true
1488;Caterina Bacci;caterina.bacci@example.org;Studio medico / Ambulatorio;Sicilia;Database DEM;true
1489;Francesco Fabbri;francesco.fabbri@example.org;Direzione sanitaria;Toscana;Database DEM;true
1490;Riccardo Benedetti;riccardo.benedetti@example.org;HCP - Diabetologo;Lombardia;Database DEM;true
1491;Rosanna Barbieri;rosanna.barbieri@example.org;HCP - Infermiere / Educatore;Lazio;Database DEM;true
1492;Roberto Rossi;roberto.rossi@example.org;HCP - Endocrinologo;Toscana;Database DEM;true
1493;Manuela Cirillo;manuela.cirillo@example.org;HCP - Endocrinologo;Piemonte;Database DEM;true
1494;Valeria Bianchi;valeria.bianchi@example.org;HCP - Diabetologo;Liguria;Database DEM;true
1495;Michele Guerra;michele.guerra@example.org;HCP - Diabetologo;Lazio;Database DEM;true
1496;Viola Monaco;viola.monaco@example.org;Farmacia ospedaliera;Emilia-Romagna;Database DEM;true
1497;Maria Giuliani;maria.giuliani@example.org;HCP - Infermiere / Educatore;Emilia-Romagna;Database DEM;true
1498;Chiara Riva;chiara.riva@example.org;Altro / Industry;Marche;Database DEM;true
1499;Emanuele Marchetti;emanuele.marchetti@example.org;HCP - Diabetologo;Abruzzo;Database DEM;true
1500;Sofia Borghi;sofia.borghi@example.org;Direzione sanitaria;Campania;Database DEM;true
1501;Roberto Balestra;roberto.balestra@example.org;HCP - Infermiere / Educatore;Lazio;Database DEM;true
1502;Margherita Cavallo;margherita.cavallo@example.org;HCP - Medico di medicina generale;Lazio;Database DEM;true
1503;Maria Ferrari;maria.ferrari@example.org;HCP - Endocrinologo;Emilia-Romagna;Database DEM;true
1504;Irene Bellini;irene.bellini@example.org;Altro / Industry;Sardegna;Database DEM;true
1505;Giovanni Barbieri;giovanni.barbieri@example.org;HCP - Medico di medicina generale;Puglia;Database DEM;true
1506;Alessandro Milani;alessandro.milani@example.org;HCP - Infermiere / Educatore;Piemonte;Database DEM;true
1507;Giulia Giordano;giulia.giordano@example.org;HCP - Endocrinologo;Veneto;Database DEM;true
1508;Gianluca Caputo;gianluca.caputo@example.org;HCP - Endocrinologo;Lombardia;Database DEM;true
1509;Andrea Lombardi;andrea.lombardi@example.org;HCP - Medico di medicina generale;Campania;Database DEM;true
1510;Simone Corsi;simone.corsi@example.org;HCP - Infermiere / Educatore;Sicilia;Database DEM;true
1511;Paolo Cavallo;paolo.cavallo@example.org;Altro / Industry;Lombardia;Database DEM;true
1512;Carlo Parisi;carlo.parisi@example.org;Studio medico / Ambulatorio;Piemonte;Database DEM;true
1513;Federico Desantis;federico.desantis@example.org;HCP - Infermiere / Educatore;Toscana;Database DEM;true
1514;Giulia Ferretti;giulia.ferretti@example.org;HCP - Endocrinologo;Lombardia;Database DEM;true
1515;Barbara Milani;barbara.milani@example.org;HCP - Infermiere / Educatore;Emilia-Romagna;Database DEM;true
1516;Chiara Bianchi;chiara.bianchi@example.org;Altro / Industry;Lazio;Database DEM;true
1517;Vincenzo Innocenti;vincenzo.innocenti@example.org;HCP - Medico di medicina generale;Lazio;Database DEM;true
1518;Anna Fontana;anna.fontana@example.org;HCP - Endocrinologo;Piemonte;Database DEM;true
1519;Antonio Bruno;antonio.bruno@example.org;HCP - Diabetologo;Lombardia;Database DEM;true
1520;Enrico Valente;enrico.valente@example.org;HCP - Medico di medicina generale;Emilia-Romagna;Database DEM;true
1521;Elena Landi;elena.landi@example.org;HCP - Medico di medicina generale;Lazio;Database DEM;true
1522;Luigi Ariemma;luigi.ariemma@example.org;HCP - Medico di medicina generale;Puglia;Database DEM;true
1523;Stefano Caruso;stefano.caruso@example.org;Studio medico / Ambulatorio;Campania;Database DEM;true
1524;Giovanni Bacci;giovanni.bacci@example.org;HCP - Medico di medicina generale;Piemonte;Database DEM;true
1525;Elisa Milani;elisa.milani@example.org;HCP - Endocrinologo;Piemonte;Database DEM;true
1526;Monica Fumagalli;monica.fumagalli@example.org;Studio medico / Ambulatorio;Puglia;Database DEM;true
1527;Federica Marchetti;federica.marchetti@example.org;HCP - Medico di medicina generale;Lazio;Database DEM;true
1528;Davide Bianchi;davide.bianchi@example.org;HCP - Medico di medicina generale;Emilia-Romagna;Database DEM;true
1529;Monica Amato;monica.amato@example.org;HCP - Infermiere / Educatore;Liguria;Database DEM;true
1530;Luca Desantis;luca.desantis@example.org;HCP - Diabetologo;Lombardia;Database DEM;true
1531;Tommaso Balestra;tommaso.balestra@example.org;HCP - Endocrinologo;Campania;Database DEM;true
1532;Marta Bianco;marta.bianco@example.org;Direzione sanitaria;Veneto;Database DEM;true
1533;Nicola Perini;nicola.perini@example.org;HCP - Diabetologo;Liguria;Database DEM;true
1534;Chiara Testa;chiara.testa@example.org;HCP - Endocrinologo;Toscana;Database DEM;true
1535;Lucia Bellini;lucia.bellini@example.org;HCP - Diabetologo;Lombardia;Database DEM;true
1536;Emanuele Fontana;emanuele.fontana@example.org;HCP - Infermiere / Educatore;Toscana;Database DEM;true
1537;Angela Antonelli;angela.antonelli@example.org;Studio medico / Ambulatorio;Emilia-Romagna;Database DEM;true
1538;Tommaso Lorenzi;tommaso.lorenzi@example.org;HCP - Diabetologo;Sicilia;Database DEM;true
1539;Simone Testa;simone.testa@example.org;HCP - Diabetologo;Piemonte;Database DEM;true
1540;Simone Ferrari;simone.ferrari@example.org;Farmacia ospedaliera;Piemonte;Database DEM;true
1541;Pietro Deluca;pietro.deluca@example.org;HCP - Diabetologo;Liguria;Database DEM;true
1542;Elena Grassi;elena.grassi@example.org;HCP - Endocrinologo;Abruzzo;Database DEM;true
1543;Elena Messina;elena.messina@example.org;HCP - Diabetologo;Sardegna;Database DEM;true
1544;Sara Sala;sara.sala@example.org;Farmacia ospedaliera;Emilia-Romagna;Database DEM;true
1545;Paola Morelli;paola.morelli@example.org;HCP - Diabetologo;Puglia;Database DEM;true
1546;Michele Piras;michele.piras@example.org;Farmacia ospedaliera;Piemonte;Database DEM;true
1547;Pietro Lombardi;pietro.lombardi@example.org;HCP - Diabetologo;Campania;Database DEM;true
1548;Mariangela Amato;mariangela.amato@example.org;HCP - Endocrinologo;Sardegna;Database DEM;true
1549;Roberto Agostini;roberto.agostini@example.org;Studio medico / Ambulatorio;Abruzzo;Database DEM;true
1550;Angela Landi;angela.landi@example.org;HCP - Medico di medicina generale;Emilia-Romagna;Database DEM;true
1551;Giovanni Pesce;giovanni.pesce@example.org;Altro / Industry;Lazio;Database DEM;true
1552;Laura Conte;laura.conte@example.org;HCP - Diabetologo;Calabria;Database DEM;true
1553;Cristina Bernardi;cristina.bernardi@example.org;HCP - Diabetologo;Lombardia;Database DEM;true
1554;Andrea Giuliani;andrea.giuliani@example.org;HCP - Diabetologo;Lombardia;Database DEM;true
1555;Mariangela Costa;mariangela.costa@example.org;HCP - Endocrinologo;Calabria;Database DEM;true
1556;Emanuele Santoro;emanuele.santoro@example.org;HCP - Diabetologo;Lombardia;Database DEM;true
1557;Giacomo Rossi;giacomo.rossi@example.org;Altro / Industry;Lombardia;Database DEM;true
1558;Viola Ferrara;viola.ferrara@example.org;HCP - Infermiere / Educatore;Friuli-Venezia Giulia;Database DEM;true
1559;Carlo Ariemma;carlo.ariemma@example.org;HCP - Infermiere / Educatore;Puglia;Database DEM;true
1560;Daniela Desantis;daniela.desantis@example.org;HCP - Diabetologo;Piemonte;Database DEM;true
1561;Paolo Sala;paolo.sala@example.org;Studio medico / Ambulatorio;Abruzzo;Database DEM;true
1562;Caterina Caruso;caterina.caruso@example.org;HCP - Diabetologo;Lombardia;Database DEM;true
1563;Massimo Mancini;massimo.mancini@example.org;HCP - Infermiere / Educatore;Emilia-Romagna;Database DEM;true
1564;Monica Donati;monica.donati@example.org;HCP - Endocrinologo;Lazio;Database DEM;true
1565;Luigi Ferrari;luigi.ferrari@example.org;HCP - Medico di medicina generale;Campania;Database DEM;true
1566;Vincenzo Negri;vincenzo.negri@example.org;HCP - Infermiere / Educatore;Sicilia;Database DEM;true
1567;Federica Colombo;federica.colombo@example.org;Studio medico / Ambulatorio;Emilia-Romagna;Database DEM;true
1568;Claudio Castelli;claudio.castelli@example.org;Altro / Industry;Lazio;Database DEM;true
1569;Irene Silvestri;irene.silvestri@example.org;HCP - Medico di medicina generale;Campania;Database DEM;true
1570;Vittorio Balestra;vittorio.balestra@example.org;HCP - Diabetologo;Lombardia;Database DEM;true
1571;Maria Bassi;maria.bassi@example.org;HCP - Infermiere / Educatore;Campania;Database DEM;true
1572;Ludovica Abbate;ludovica.abbate@example.org;Altro / Industry;Emilia-Romagna;Database DEM;true
1573;Michela Monaco;michela.monaco@example.org;HCP - Endocrinologo;Liguria;Database DEM;true
1574;Laura Landi;laura.landi@example.org;HCP - Endocrinologo;Lombardia;Database DEM;true
1575;Beatrice Balestra;beatrice.balestra@example.org;HCP - Diabetologo;Campania;Database DEM;true
1576;Raffaella Bellini;raffaella.bellini@example.org;HCP - Diabetologo;Lombardia;Database DEM;true
1577;Daniele Testa;daniele.testa@example.org;HCP - Infermiere / Educatore;Lombardia;Database DEM;true
1578;Marta Landi;marta.landi@example.org;Altro / Industry;Marche;Database DEM;true
1579;Tommaso Fabbri;tommaso.fabbri@example.org;HCP - Endocrinologo;Lombardia;Database DEM;true
1580;Stefano Valente;stefano.valente@example.org;Altro / Industry;Piemonte;Database DEM;true
1581;Jacopo Giordano;jacopo.giordano@example.org;HCP - Diabetologo;Lazio;Database DEM;true
1582;Monica Caputo;monica.caputo@example.org;Altro / Industry;Piemonte;Database DEM;true
1583;Nicola Cardone;nicola.cardone@example.org;Farmacia ospedaliera;Lombardia;Database DEM;true
1584;Andrea Deluca;andrea.deluca@example.org;HCP - Medico di medicina generale;Piemonte;Database DEM;true
1585;Giacomo Nardi;giacomo.nardi@example.org;HCP - Endocrinologo;Puglia;Database DEM;true
1586;Matteo Agostini;matteo.agostini@example.org;HCP - Endocrinologo;Piemonte;Database DEM;true
1587;Sabrina Salerno;sabrina.salerno@example.org;HCP - Medico di medicina generale;Lombardia;Database DEM;true
1588;Emanuele Ferretti;emanuele.ferretti@example.org;HCP - Endocrinologo;Veneto;Database DEM;true
1589;Roberta Fiore;roberta.fiore@example.org;HCP - Endocrinologo;Emilia-Romagna;Database DEM;true
1590;Federico Melchiorre;federico.melchiorre@example.org;HCP - Diabetologo;Emilia-Romagna;Database DEM;true
1591;Giacomo Silvestri;giacomo.silvestri@example.org;HCP - Medico di medicina generale;Emilia-Romagna;Database DEM;true
1592;Daniela Farina;daniela.farina@example.org;HCP - Diabetologo;Lombardia;Database DEM;true
1593;Samuele Mancini;samuele.mancini@example.org;HCP - Diabetologo;Emilia-Romagna;Database DEM;true
1594;Irene Rossetti;irene.rossetti@example.org;HCP - Diabetologo;Lombardia;Database DEM;true
1595;Rosanna Rizzo;rosanna.rizzo@example.org;Farmacia ospedaliera;Veneto;Database DEM;true
1596;Lucia Castelli;lucia.castelli@example.org;HCP - Diabetologo;Toscana;Database DEM;true
1597;Susanna Cattaneo;susanna.cattaneo@example.org;HCP - Medico di medicina generale;Sicilia;Database DEM;true
1598;Francesco Innocenti;francesco.innocenti@example.org;Studio medico / Ambulatorio;Lazio;Database DEM;true
1599;Francesco Santoro;francesco.santoro@example.org;HCP - Infermiere / Educatore;Veneto;Database DEM;true
1600;Paola Moretti;paola.moretti@example.org;Studio medico / Ambulatorio;Toscana;Database DEM;true
1601;Irene Costa;irene.costa@example.org;HCP - Medico di medicina generale;Piemonte;Database DEM;true
1602;Antonio Farina;antonio.farina@example.org;HCP - Infermiere / Educatore;Lombardia;Database DEM;true
1603;Elena Ferrari;elena.ferrari@example.org;Studio medico / Ambulatorio;Emilia-Romagna;Database DEM;true
1604;Matteo Gatti;matteo.gatti@example.org;Studio medico / Ambulatorio;Lombardia;Database DEM;true
1605;Elena Toscano;elena.toscano@example.org;Direzione sanitaria;Campania;Database DEM;true
1606;Federico Negri;federico.negri@example.org;HCP - Infermiere / Educatore;Toscana;Database DEM;true
1607;Luca Castelli;luca.castelli@example.org;Studio medico / Ambulatorio;Lazio;Database DEM;true
1608;Antonio Abbate;antonio.abbate@example.org;HCP - Infermiere / Educatore;Lazio;Database DEM;true
1609;Michela Bellini;michela.bellini@example.org;HCP - Medico di medicina generale;Lombardia;Database DEM;true
1610;Laura Cavallo;laura.cavallo@example.org;HCP - Endocrinologo;Puglia;Database DEM;true
1611;Roberta Damico;roberta.damico@example.org;HCP - Diabetologo;Puglia;Database DEM;true
1612;Daniela Longo;daniela.longo@example.org;Farmacia ospedaliera;Emilia-Romagna;Database DEM;true
1613;Sofia Antonelli;sofia.antonelli@example.org;Farmacia ospedaliera;Lombardia;Database DEM;true
1614;Giulio Ferrara;giulio.ferrara@example.org;HCP - Medico di medicina generale;Campania;Database DEM;true
1615;Elisa Bruni;elisa.bruni@example.org;Studio medico / Ambulatorio;Piemonte;Database DEM;true
1616;Simone Pagano;simone.pagano@example.org;HCP - Infermiere / Educatore;Lombardia;Database DEM;true
1617;Stefano Bianco;stefano.bianco@example.org;HCP - Medico di medicina generale;Umbria;Database DEM;true
1618;Emanuele Barbieri;emanuele.barbieri@example.org;Farmacia ospedaliera;Lombardia;Database DEM;true
1619;Matteo Leone;matteo.leone@example.org;HCP - Diabetologo;Abruzzo;Database DEM;true
1620;Giulia Benedetti;giulia.benedetti@example.org;HCP - Endocrinologo;Friuli-Venezia Giulia;Database DEM;true
1621;Samuele Manfredi;samuele.manfredi@example.org;HCP - Infermiere / Educatore;Campania;Database DEM;true
1622;Maria Marini;maria.marini@example.org;HCP - Diabetologo;Campania;Database DEM;true
1623;Anna Zanini;anna.zanini@example.org;Farmacia ospedaliera;Lazio;Database DEM;true
1624;Lucia Bruno;lucia.bruno@example.org;HCP - Endocrinologo;Veneto;Database DEM;true
1625;Silvia Romano;silvia.romano@example.org;HCP - Medico di medicina generale;Lazio;Database DEM;true
1626;Laura Bellini;laura.bellini@example.org;HCP - Diabetologo;Campania;Database DEM;true
1627;Angela Cavallo;angela.cavallo@example.org;HCP - Diabetologo;Veneto;Database DEM;true
1628;Jacopo Donati;jacopo.donati@example.org;Studio medico / Ambulatorio;Lazio;Database DEM;true
1629;Barbara Iacobelli;barbara.iacobelli@example.org;Farmacia ospedaliera;Lombardia;Database DEM;true
1630;Angela Palmieri;angela.palmieri@example.org;HCP - Diabetologo;Puglia;Database DEM;true
1631;Marco Silvestri;marco.silvestri@example.org;Farmacia ospedaliera;Campania;Database DEM;true
1632;Michele Rizzo;michele.rizzo@example.org;Altro / Industry;Lombardia;Database DEM;true
1633;Luigi Caputo;luigi.caputo@example.org;HCP - Infermiere / Educatore;Lombardia;Database DEM;true
1634;Ilaria Landi;ilaria.landi@example.org;HCP - Diabetologo;Puglia;Database DEM;true
1635;Elena Morelli;elena.morelli@example.org;HCP - Diabetologo;Veneto;Database DEM;true
1636;Pietro Zanetti;pietro.zanetti@example.org;Altro / Industry;Lombardia;Database DEM;true
1637;Chiara Benedetti;chiara.benedetti@example.org;HCP - Infermiere / Educatore;Puglia;Database DEM;true
1638;Luca Volpe;luca.volpe@example.org;HCP - Diabetologo;Lazio;Database DEM;true
1639;Francesco Morelli;francesco.morelli@example.org;Studio medico / Ambulatorio;Emilia-Romagna;Database DEM;true
1640;Andrea Fontana;andrea.fontana@example.org;HCP - Diabetologo;Umbria;Database DEM;true
1641;Nicola Farina;nicola.farina@example.org;HCP - Diabetologo;Lazio;Database DEM;true
1642;Tommaso Silvestri;tommaso.silvestri@example.org;HCP - Medico di medicina generale;Liguria;Database DEM;true
1643;Vittorio Caputo;vittorio.caputo@example.org;HCP - Medico di medicina generale;Lombardia;Database DEM;true
1644;Gianluca Pagano;gianluca.pagano@example.org;HCP - Endocrinologo;Lombardia;Database DEM;true
1645;Daniela Ferrara;daniela.ferrara@example.org;Farmacia ospedaliera;Sicilia;Database DEM;true
1646;Raffaella Palmieri;raffaella.palmieri@example.org;HCP - Medico di medicina generale;Sicilia;Database DEM;true
1647;Nicola Manfredi;nicola.manfredi@example.org;Farmacia ospedaliera;Puglia;Database DEM;true
1648;Stefano Mancini;stefano.mancini@example.org;HCP - Diabetologo;Lazio;Database DEM;true
1649;Giulia Agostini;giulia.agostini@example.org;HCP - Medico di medicina generale;Abruzzo;Database DEM;true
1650;Angela Salerno;angela.salerno@example.org;HCP - Diabetologo;Lazio;Database DEM;true
1651;Marta Farina;marta.farina@example.org;HCP - Medico di medicina generale;Sicilia;Database DEM;true
1652;Vittorio Corsi;vittorio.corsi@example.org;HCP - Diabetologo;Sicilia;Database DEM;true
1653;Silvia Bianchi;silvia.bianchi@example.org;HCP - Diabetologo;Veneto;Database DEM;true
1654;Sabrina Negri;sabrina.negri@example.org;HCP - Diabetologo;Lombardia;Database DEM;true
1655;Gabriele Sartori;gabriele.sartori@example.org;Direzione sanitaria;Lombardia;Database DEM;true
1656;Giulio Martini;giulio.martini@example.org;Direzione sanitaria;Piemonte;Database DEM;true
1657;Roberto Toscano;roberto.toscano@example.org;HCP - Medico di medicina generale;Abruzzo;Database DEM;true
1658;Federica Zanetti;federica.zanetti@example.org;Direzione sanitaria;Lombardia;Database DEM;true
1659;Valeria Guerra;valeria.guerra@example.org;HCP - Endocrinologo;Veneto;Database DEM;true
1660;Vittorio Pellegrini;vittorio.pellegrini@example.org;HCP - Infermiere / Educatore;Lombardia;Database DEM;true
1661;Davide Denicola;davide.denicola@example.org;HCP - Diabetologo;Veneto;Database DEM;true
1662;Silvia Sorrentino;silvia.sorrentino@example.org;HCP - Diabetologo;Emilia-Romagna;Database DEM;true
1663;Roberta Bellini;roberta.bellini@example.org;Altro / Industry;Piemonte;Database DEM;true
1664;Raffaella Bianchi;raffaella.bianchi@example.org;Studio medico / Ambulatorio;Emilia-Romagna;Database DEM;true
1665;Michela Melchiorre;michela.melchiorre@example.org;Studio medico / Ambulatorio;Sicilia;Database DEM;true
1666;Massimo Fiore;massimo.fiore@example.org;HCP - Infermiere / Educatore;Toscana;Database DEM;true
1667;Giovanna Marini;giovanna.marini@example.org;Altro / Industry;Liguria;Database DEM;true
1668;Raffaella Negri;raffaella.negri@example.org;HCP - Endocrinologo;Puglia;Database DEM;true
1669;Giulio Abbate;giulio.abbate@example.org;HCP - Infermiere / Educatore;Campania;Database DEM;true
1670;Mariangela Denicola;mariangela.denicola@example.org;HCP - Diabetologo;Piemonte;Database DEM;true
1671;Filippo Fabbri;filippo.fabbri@example.org;Studio medico / Ambulatorio;Lazio;Database DEM;true
1672;Ludovica Perini;ludovica.perini@example.org;HCP - Diabetologo;Lazio;Database DEM;true
1673;Gianluca Volpe;gianluca.volpe@example.org;Studio medico / Ambulatorio;Toscana;Database DEM;true
1674;Mariangela Ferrari;mariangela.ferrari@example.org;HCP - Diabetologo;Toscana;Database DEM;true
1675;Gianluca Palmieri;gianluca.palmieri@example.org;Altro / Industry;Piemonte;Database DEM;true
1676;Carlo Milani;carlo.milani@example.org;HCP - Diabetologo;Toscana;Database DEM;true
1677;Alessandro Ruggiero;alessandro.ruggiero@example.org;Altro / Industry;Lazio;Database DEM;true
1678;Massimo Russo;massimo.russo@example.org;HCP - Diabetologo;Lombardia;Database DEM;true
1679;Caterina Barbieri;caterina.barbieri@example.org;Studio medico / Ambulatorio;Lombardia;Database DEM;true
1680;Valentina Iacobelli;valentina.iacobelli@example.org;HCP - Diabetologo;Emilia-Romagna;Database DEM;true
1681;Cristina Bonetti;cristina.bonetti@example.org;HCP - Diabetologo;Emilia-Romagna;Database DEM;true
1682;Enrico Melchiorre;enrico.melchiorre@example.org;Studio medico / Ambulatorio;Lazio;Database DEM;true
1683;Anna Fiore;anna.fiore@example.org;Altro / Industry;Emilia-Romagna;Database DEM;true
1684;Gabriele Guerra;gabriele.guerra@example.org;HCP - Infermiere / Educatore;Lazio;Database DEM;true
1685;Susanna Borghi;susanna.borghi@example.org;HCP - Infermiere / Educatore;Sardegna;Database DEM;true
1686;Gianluca Gentile;gianluca.gentile@example.org;Farmacia ospedaliera;Lombardia;Database DEM;true
1687;Valeria Pagano;valeria.pagano@example.org;HCP - Medico di medicina generale;Veneto;Database DEM;true
1688;Elisa Fabbri;elisa.fabbri@example.org;HCP - Diabetologo;Piemonte;Database DEM;true
1689;Michele Martelli;michele.martelli@example.org;HCP - Medico di medicina generale;Toscana;Database DEM;true
1690;Giovanna Rossetti;giovanna.rossetti@example.org;HCP - Medico di medicina generale;Emilia-Romagna;Database DEM;true
1691;Matteo Pagano;matteo.pagano@example.org;HCP - Endocrinologo;Emilia-Romagna;Database DEM;true
1692;Giovanna Fontana;giovanna.fontana@example.org;HCP - Infermiere / Educatore;Puglia;Database DEM;true
1693;Silvia Castelli;silvia.castelli@example.org;HCP - Medico di medicina generale;Veneto;Database DEM;true
1694;Michele Bruni;michele.bruni@example.org;HCP - Infermiere / Educatore;Liguria;Database DEM;true
1695;Federico Franco;federico.franco@example.org;HCP - Diabetologo;Lombardia;Database DEM;true
1696;Paolo Bruni;paolo.bruni@example.org;HCP - Infermiere / Educatore;Veneto;Database DEM;true
1697;Paola Amato;paola.amato@example.org;HCP - Infermiere / Educatore;Sicilia;Database DEM;true
1698;Michele Fabbri;michele.fabbri@example.org;HCP - Endocrinologo;Marche;Database DEM;true
1699;Vittorio Franco;vittorio.franco@example.org;Farmacia ospedaliera;Lazio;Database DEM;true
1700;Luca Leone;luca.leone@example.org;HCP - Diabetologo;Toscana;Database DEM;true
1701;Teresa Rossetti;teresa.rossetti@example.org;Direzione sanitaria;Veneto;Database DEM;true
1702;Matteo Milani;matteo.milani@example.org;HCP - Diabetologo;Emilia-Romagna;Database DEM;true
1703;Valentina Ariemma;valentina.ariemma@example.org;HCP - Endocrinologo;Marche;Database DEM;true
1704;Ludovica Cavallo;ludovica.cavallo@example.org;HCP - Diabetologo;Calabria;Database DEM;true
1705;Elisa Caputo;elisa.caputo@example.org;HCP - Infermiere / Educatore;Sardegna;Database DEM;true
1706;Marco Moretti;marco.moretti@example.org;Studio medico / Ambulatorio;Piemonte;Database DEM;true
1707;Teresa Salerno;teresa.salerno@example.org;Farmacia ospedaliera;Puglia;Database DEM;true
1708;Silvia Bruno;silvia.bruno@example.org;HCP - Diabetologo;Lazio;Database DEM;true
1709;Massimo Castelli;massimo.castelli@example.org;HCP - Infermiere / Educatore;Friuli-Venezia Giulia;Database DEM;true
1710;Federico Denicola;federico.denicola@example.org;HCP - Medico di medicina generale;Veneto;Database DEM;true
1711;Tommaso Melchiorre;tommaso.melchiorre@example.org;HCP - Medico di medicina generale;Emilia-Romagna;Database DEM;true
1712;Giovanna Negri;giovanna.negri@example.org;HCP - Diabetologo;Marche;Database DEM;true
1713;Elena Bellini;elena.bellini@example.org;Direzione sanitaria;Sicilia;Database DEM;true
1714;Paolo Ruggiero;paolo.ruggiero@example.org;HCP - Diabetologo;Campania;Database DEM;true
1715;Roberta Vitale;roberta.vitale@example.org;HCP - Diabetologo;Veneto;Database DEM;true
1716;Massimo Damico;massimo.damico@example.org;Farmacia ospedaliera;Puglia;Database DEM;true
1717;Roberto Orlando;roberto.orlando@example.org;Altro / Industry;Veneto;Database DEM;true
1718;Andrea Ferrara;andrea.ferrara@example.org;Farmacia ospedaliera;Lombardia;Database DEM;true
1719;Lorenzo Ariemma;lorenzo.ariemma@example.org;HCP - Diabetologo;Calabria;Database DEM;true
1720;Tommaso Denicola;tommaso.denicola@example.org;Altro / Industry;Campania;Database DEM;true
1721;Gabriele Donati;gabriele.donati@example.org;HCP - Endocrinologo;Sicilia;Database DEM;true
1722;Federica Marini;federica.marini@example.org;HCP - Endocrinologo;Lombardia;Database DEM;true
1723;Carlo Pellegrini;carlo.pellegrini@example.org;Studio medico / Ambulatorio;Emilia-Romagna;Database DEM;true
1724;Roberto Corsi;roberto.corsi@example.org;HCP - Infermiere / Educatore;Lombardia;Database DEM;true
1725;Paolo Innocenti;paolo.innocenti@example.org;HCP - Infermiere / Educatore;Calabria;Database DEM;true
1726;Massimo Testa;massimo.testa@example.org;HCP - Endocrinologo;Piemonte;Database DEM;true
1727;Ludovica Bernardi;ludovica.bernardi@example.org;HCP - Infermiere / Educatore;Lombardia;Database DEM;true
1728;Federico Monaco;federico.monaco@example.org;Studio medico / Ambulatorio;Calabria;Database DEM;true
1729;Rosanna Colombo;rosanna.colombo@example.org;Studio medico / Ambulatorio;Emilia-Romagna;Database DEM;true
1730;Filippo Poli;filippo.poli@example.org;Altro / Industry;Abruzzo;Database DEM;true
1731;Sara Borghi;sara.borghi@example.org;Farmacia ospedaliera;Emilia-Romagna;Database DEM;true
1732;Lucia Silvestri;lucia.silvestri@example.org;HCP - Diabetologo;Lombardia;Database DEM;true
1733;Caterina Borghi;caterina.borghi@example.org;Altro / Industry;Lombardia;Database DEM;true
1734;Ludovica Bruno;ludovica.bruno@example.org;Direzione sanitaria;Lombardia;Database DEM;true
1735;Cristina Corsi;cristina.corsi@example.org;Farmacia ospedaliera;Piemonte;Database DEM;true
1736;Andrea Ricci;andrea.ricci@example.org;HCP - Diabetologo;Puglia;Database DEM;true
1737;Silvia Neri;silvia.neri@example.org;HCP - Endocrinologo;Sicilia;Database DEM;true
1738;Marco Testa;marco.testa@example.org;HCP - Infermiere / Educatore;Campania;Database DEM;true
1739;Raffaella Caputo;raffaella.caputo@example.org;Altro / Industry;Sardegna;Database DEM;true
1740;Viola Longo;viola.longo@example.org;HCP - Infermiere / Educatore;Emilia-Romagna;Database DEM;true
1741;Claudia Farina;claudia.farina@example.org;HCP - Diabetologo;Piemonte;Database DEM;true
1742;Beatrice Fumagalli;beatrice.fumagalli@example.org;HCP - Endocrinologo;Marche;Database DEM;true
1743;Martina Romano;martina.romano@example.org;HCP - Endocrinologo;Lazio;Database DEM;true
1744;Tommaso Testa;tommaso.testa@example.org;HCP - Diabetologo;Emilia-Romagna;Database DEM;true
1745;Mariangela Pagano;mariangela.pagano@example.org;HCP - Diabetologo;Veneto;Database DEM;true
1746;Manuela Borghi;manuela.borghi@example.org;HCP - Endocrinologo;Piemonte;Database DEM;true
1747;Carlo Rizzo;carlo.rizzo@example.org;HCP - Diabetologo;Emilia-Romagna;Database DEM;true
1748;Andrea Costa;andrea.costa@example.org;Farmacia ospedaliera;Lazio;Database DEM;true
1749;Laura Neri;laura.neri@example.org;HCP - Medico di medicina generale;Lazio;Database DEM;true
1750;Stefano Abbate;stefano.abbate@example.org;HCP - Medico di medicina generale;Campania;Database DEM;true
1751;Viola Innocenti;viola.innocenti@example.org;HCP - Infermiere / Educatore;Lazio;Database DEM;true
1752;Giovanna Mazza;giovanna.mazza@example.org;Studio medico / Ambulatorio;Emilia-Romagna;Database DEM;true
1753;Beatrice Pagano;beatrice.pagano@example.org;HCP - Diabetologo;Piemonte;Database DEM;true
1754;Roberto Abbate;roberto.abbate@example.org;HCP - Endocrinologo;Emilia-Romagna;Database DEM;true
1755;Giovanna Colombo;giovanna.colombo@example.org;HCP - Infermiere / Educatore;Sardegna;Database DEM;true
1756;Vincenzo Fabbri;vincenzo.fabbri@example.org;HCP - Medico di medicina generale;Calabria;Database DEM;true
1757;Michela Longo;michela.longo@example.org;Studio medico / Ambulatorio;Sicilia;Database DEM;true
1758;Giulio Giordano;giulio.giordano@example.org;Studio medico / Ambulatorio;Toscana;Database DEM;true
1759;Vittorio Fontana;vittorio.fontana@example.org;Studio medico / Ambulatorio;Lombardia;Database DEM;true
1760;Monica Giuliani;monica.giuliani@example.org;HCP - Infermiere / Educatore;Marche;Database DEM;true
1761;Marco Gallo;marco.gallo@example.org;HCP - Diabetologo;Lazio;Database DEM;true
1762;Giovanni Amato;giovanni.amato@example.org;HCP - Diabetologo;Liguria;Database DEM;true
1763;Enrico Negri;enrico.negri@example.org;HCP - Diabetologo;Emilia-Romagna;Database DEM;true
1764;Michela Lorenzi;michela.lorenzi@example.org;HCP - Infermiere / Educatore;Emilia-Romagna;Database DEM;true
1765;Raffaella Desantis;raffaella.desantis@example.org;Studio medico / Ambulatorio;Sardegna;Database DEM;true
1766;Stefano Parisi;stefano.parisi@example.org;HCP - Diabetologo;Lombardia;Database DEM;true
1767;Beatrice Amato;beatrice.amato@example.org;HCP - Endocrinologo;Marche;Database DEM;true
1768;Raffaella Abbate;raffaella.abbate@example.org;HCP - Infermiere / Educatore;Puglia;Database DEM;true
1769;Antonio Rossi;antonio.rossi@example.org;HCP - Infermiere / Educatore;Lombardia;Database DEM;true
1770;Susanna Ariemma;susanna.ariemma@example.org;Farmacia ospedaliera;Lombardia;Database DEM;true
1771;Martina Nardi;martina.nardi@example.org;HCP - Medico di medicina generale;Campania;Database DEM;true
1772;Ludovica Palmieri;ludovica.palmieri@example.org;Direzione sanitaria;Lazio;Database DEM;true
1773;Giulia Castelli;giulia.castelli@example.org;HCP - Medico di medicina generale;Puglia;Database DEM;true
1774;Mariangela Gallo;mariangela.gallo@example.org;HCP - Diabetologo;Lazio;Database DEM;true
1775;Mauro Rossi;mauro.rossi@example.org;Studio medico / Ambulatorio;Puglia;Database DEM;true
1776;Paolo Perini;paolo.perini@example.org;HCP - Medico di medicina generale;Sicilia;Database DEM;true
1777;Barbara Zanini;barbara.zanini@example.org;HCP - Endocrinologo;Emilia-Romagna;Database DEM;true
1778;Enrico Sanna;enrico.sanna@example.org;HCP - Diabetologo;Lombardia;Database DEM;true
1779;Irene Serra;irene.serra@example.org;HCP - Endocrinologo;Liguria;Database DEM;true
1780;Monica Bellini;monica.bellini@example.org;HCP - Diabetologo;Veneto;Database DEM;true
1781;Anna Costa;anna.costa@example.org;HCP - Diabetologo;Toscana;Database DEM;true
1782;Manuela Benedetti;manuela.benedetti@example.org;HCP - Medico di medicina generale;Sardegna;Database DEM;true
1783;Caterina Sorrentino;caterina.sorrentino@example.org;HCP - Diabetologo;Abruzzo;Database DEM;true
1784;Lorenzo Ricci;lorenzo.ricci@example.org;HCP - Infermiere / Educatore;Emilia-Romagna;Database DEM;true
1785;Marco Fabbri;marco.fabbri@example.org;Studio medico / Ambulatorio;Emilia-Romagna;Database DEM;true
1786;Giorgio Neri;giorgio.neri@example.org;HCP - Endocrinologo;Sicilia;Database DEM;true
1787;Giovanni Vitale;giovanni.vitale@example.org;HCP - Endocrinologo;Toscana;Database DEM;true
1788;Paola Sanna;paola.sanna@example.org;HCP - Endocrinologo;Lazio;Database DEM;true
1789;Davide Abbate;davide.abbate@example.org;HCP - Endocrinologo;Sardegna;Database DEM;true
1790;Giuseppe Montanari;giuseppe.montanari@example.org;HCP - Infermiere / Educatore;Veneto;Database DEM;true
1791;Marco Piras;marco.piras@example.org;HCP - Diabetologo;Lombardia;Database DEM;true
1792;Anna Conte;anna.conte@example.org;Studio medico / Ambulatorio;Lazio;Database DEM;true
1793;Laura Melchiorre;laura.melchiorre@example.org;HCP - Medico di medicina generale;Puglia;Database DEM;true
1794;Giovanni Testa;giovanni.testa@example.org;HCP - Diabetologo;Piemonte;Database DEM;true
1795;Mauro Balestra;mauro.balestra@example.org;HCP - Endocrinologo;Lombardia;Database DEM;true
1796;Ilaria Benedetti;ilaria.benedetti@example.org;Farmacia ospedaliera;Liguria;Database DEM;true
1797;Lucia Melchiorre;lucia.melchiorre@example.org;HCP - Diabetologo;Lombardia;Database DEM;true
1798;Sabrina Greco;sabrina.greco@example.org;HCP - Infermiere / Educatore;Lombardia;Database DEM;true
1799;Filippo Guerra;filippo.guerra@example.org;Studio medico / Ambulatorio;Veneto;Database DEM;true
1800;Martina Guerra;martina.guerra@example.org;HCP - Medico di medicina generale;Emilia-Romagna;Database DEM;true
1801;Federico Bianco;federico.bianco@example.org;Altro / Industry;Lazio;Database DEM;true
1802;Cristina Bacci;cristina.bacci@example.org;HCP - Medico di medicina generale;Emilia-Romagna;Database DEM;true
1803;Samuele Sorrentino;samuele.sorrentino@example.org;HCP - Diabetologo;Puglia;Database DEM;true
1804;Andrea Morelli;andrea.morelli@example.org;HCP - Diabetologo;Veneto;Database DEM;true
1805;Federica Giuliani;federica.giuliani@example.org;HCP - Infermiere / Educatore;Veneto;Database DEM;true
1806;Angela Gentile;angela.gentile@example.org;HCP - Diabetologo;Emilia-Romagna;Database DEM;true
1807;Sara Toscano;sara.toscano@example.org;HCP - Infermiere / Educatore;Lombardia;Database DEM;true
1808;Antonio Sartori;antonio.sartori@example.org;Studio medico / Ambulatorio;Marche;Database DEM;true
1809;Luca Romano;luca.romano@example.org;HCP - Medico di medicina generale;Lazio;Database DEM;true
1810;Ludovica Franco;ludovica.franco@example.org;HCP - Diabetologo;Emilia-Romagna;Database DEM;true
1811;Marco Bonetti;marco.bonetti@example.org;HCP - Diabetologo;Lombardia;Database DEM;true
1812;Federico Nardi;federico.nardi@example.org;HCP - Endocrinologo;Sardegna;Database DEM;true
1813;Alessandro Pellegrini;alessandro.pellegrini@example.org;HCP - Diabetologo;Piemonte;Database DEM;true
1814;Emanuele Serra;emanuele.serra@example.org;HCP - Diabetologo;Veneto;Database DEM;true
1815;Lucia Innocenti;lucia.innocenti@example.org;HCP - Diabetologo;Friuli-Venezia Giulia;Database DEM;true
1816;Davide Fumagalli;davide.fumagalli@example.org;HCP - Infermiere / Educatore;Sicilia;Database DEM;true
1817;Mauro Morelli;mauro.morelli@example.org;HCP - Medico di medicina generale;Emilia-Romagna;Database DEM;true
1818;Ludovica Sanna;ludovica.sanna@example.org;HCP - Infermiere / Educatore;Emilia-Romagna;Database DEM;true
1819;Giorgio Abbate;giorgio.abbate@example.org;Altro / Industry;Campania;Database DEM;true
1820;Paola Ricci;paola.ricci@example.org;HCP - Endocrinologo;Lombardia;Database DEM;true
1821;Antonio Cristofaro;antonio.cristofaro@example.org;HCP - Medico di medicina generale;Marche;Database DEM;true
1822;Alessandro Caputo;alessandro.caputo@example.org;Farmacia ospedaliera;Piemonte;Database DEM;true
1823;Elena Serra;elena.serra@example.org;HCP - Diabetologo;Piemonte;Database DEM;true
1824;Margherita Zanetti;margherita.zanetti@example.org;HCP - Diabetologo;Friuli-Venezia Giulia;Database DEM;true
1825;Manuela Salerno;manuela.salerno@example.org;HCP - Diabetologo;Lombardia;Database DEM;true
1826;Ludovica Melchiorre;ludovica.melchiorre@example.org;HCP - Infermiere / Educatore;Lazio;Database DEM;true
1827;Luca Parisi;luca.parisi@example.org;HCP - Diabetologo;Toscana;Database DEM;true
1828;Roberto Serra;roberto.serra@example.org;Farmacia ospedaliera;Campania;Database DEM;true
1829;Teresa Romano;teresa.romano@example.org;Studio medico / Ambulatorio;Liguria;Database DEM;true
1830;Riccardo Melchiorre;riccardo.melchiorre@example.org;HCP - Infermiere / Educatore;Sicilia;Database DEM;true
1831;Valentina Ruggiero;valentina.ruggiero@example.org;Farmacia ospedaliera;Lazio;Database DEM;true
1832;Irene Riva;irene.riva@example.org;HCP - Diabetologo;Campania;Database DEM;true
1833;Mauro Rossetti;mauro.rossetti@example.org;HCP - Endocrinologo;Campania;Database DEM;true
1834;Lorenzo Antonelli;lorenzo.antonelli@example.org;HCP - Diabetologo;Calabria;Database DEM;true
1835;Ilaria Ferretti;ilaria.ferretti@example.org;Altro / Industry;Veneto;Database DEM;true
1836;Michele Russo;michele.russo@example.org;HCP - Infermiere / Educatore;Lombardia;Database DEM;true
1837;Susanna Innocenti;susanna.innocenti@example.org;HCP - Endocrinologo;Toscana;Database DEM;true
1838;Giorgia Bruni;giorgia.bruni@example.org;HCP - Diabetologo;Abruzzo;Database DEM;true
1839;Claudia Marchetti;claudia.marchetti@example.org;HCP - Diabetologo;Lombardia;Database DEM;true
1840;Paola Sala;paola.sala@example.org;Farmacia ospedaliera;Lombardia;Database DEM;true
1841;Maria Carbone;maria.carbone@example.org;HCP - Diabetologo;Veneto;Database DEM;true
1842;Gabriele Lombardi;gabriele.lombardi@example.org;HCP - Diabetologo;Lombardia;Database DEM;true
1843;Roberta Romano;roberta.romano@example.org;HCP - Diabetologo;Emilia-Romagna;Database DEM;true
1844;Pietro Balestra;pietro.balestra@example.org;HCP - Infermiere / Educatore;Toscana;Database DEM;true
1845;Filippo Russo;filippo.russo@example.org;HCP - Diabetologo;Emilia-Romagna;Database DEM;true
1846;Elisa Carbone;elisa.carbone@example.org;HCP - Diabetologo;Sardegna;Database DEM;true
1847;Matteo Bruno;matteo.bruno@example.org;HCP - Diabetologo;Veneto;LinkedIn;false
1848;Paolo Pesce;paolo.pesce@example.org;Studio medico / Ambulatorio;Toscana;LinkedIn;false
1849;Giulia Fiore;giulia.fiore@example.org;HCP - Diabetologo;Emilia-Romagna;LinkedIn;false
1850;Francesca Cardone;francesca.cardone@example.org;HCP - Endocrinologo;Piemonte;LinkedIn;false
1851;Gianluca Cavallo;gianluca.cavallo@example.org;HCP - Diabetologo;Lombardia;LinkedIn;false
1852;Claudia Russo;claudia.russo@example.org;HCP - Endocrinologo;Campania;LinkedIn;false
1853;Viola Conte;viola.conte@example.org;HCP - Endocrinologo;Calabria;LinkedIn;false
1854;Sara Guerra;sara.guerra@example.org;Farmacia ospedaliera;Sicilia;LinkedIn;false
1855;Elisa Morelli;elisa.morelli@example.org;HCP - Diabetologo;Campania;LinkedIn;false
1856;Federico Zanetti;federico.zanetti@example.org;HCP - Medico di medicina generale;Liguria;LinkedIn;false
1857;Claudio Negri;claudio.negri@example.org;HCP - Diabetologo;Toscana;LinkedIn;false
1858;Mauro Pisani;mauro.pisani@example.org;Altro / Industry;Calabria;LinkedIn;false
1859;Maria Valente;maria.valente@example.org;HCP - Diabetologo;Lazio;LinkedIn;false
1860;Michela Sorrentino;michela.sorrentino@example.org;HCP - Infermiere / Educatore;Emilia-Romagna;LinkedIn;false
1861;Sara Santoro;sara.santoro@example.org;HCP - Diabetologo;Emilia-Romagna;LinkedIn;false
1862;Elena Sartori;elena.sartori@example.org;HCP - Infermiere / Educatore;Veneto;LinkedIn;false
1863;Antonio Caruso;antonio.caruso@example.org;HCP - Diabetologo;Sicilia;LinkedIn;false
1864;Roberta Rossi;roberta.rossi@example.org;HCP - Medico di medicina generale;Sardegna;LinkedIn;false
1865;Michele Cardone;michele.cardone@example.org;Direzione sanitaria;Campania;LinkedIn;false
1866;Giacomo Barbieri;giacomo.barbieri@example.org;HCP - Endocrinologo;Emilia-Romagna;LinkedIn;false
1867;Giacomo Cirillo;giacomo.cirillo@example.org;Direzione sanitaria;Campania;LinkedIn;false
1868;Marco Serra;marco.serra@example.org;Farmacia ospedaliera;Piemonte;LinkedIn;false
1869;Vincenzo Lorenzi;vincenzo.lorenzi@example.org;HCP - Diabetologo;Campania;LinkedIn;false
1870;Giacomo Farina;giacomo.farina@example.org;Altro / Industry;Lombardia;LinkedIn;false
1871;Martina Cirillo;martina.cirillo@example.org;HCP - Medico di medicina generale;Puglia;LinkedIn;false
1872;Sofia Cerri;sofia.cerri@example.org;Altro / Industry;Liguria;LinkedIn;false
1873;Giuseppe Testa;giuseppe.testa@example.org;HCP - Medico di medicina generale;Lombardia;LinkedIn;false
1874;Luigi Toscano;luigi.toscano@example.org;HCP - Medico di medicina generale;Campania;LinkedIn;false
1875;Ludovica Santoro;ludovica.santoro@example.org;HCP - Endocrinologo;Lombardia;LinkedIn;false
1876;Davide Riva;davide.riva@example.org;HCP - Diabetologo;Liguria;LinkedIn;false
1877;Lorenzo Iacobelli;lorenzo.iacobelli@example.org;Altro / Industry;Veneto;LinkedIn;false
1878;Roberta Toscano;roberta.toscano@example.org;Studio medico / Ambulatorio;Lombardia;LinkedIn;false
1879;Lucia Caputo;lucia.caputo@example.org;Studio medico / Ambulatorio;Lombardia;LinkedIn;false
1880;Giovanni Carbone;giovanni.carbone@example.org;HCP - Infermiere / Educatore;Lazio;LinkedIn;false
1881;Vittorio Farina;vittorio.farina@example.org;HCP - Diabetologo;Campania;LinkedIn;false
1882;Vittorio Cardone;vittorio.cardone@example.org;HCP - Medico di medicina generale;Lombardia;LinkedIn;false
1883;Simone Castelli;simone.castelli@example.org;HCP - Diabetologo;Lazio;LinkedIn;false
1884;Luigi Sala;luigi.sala@example.org;HCP - Diabetologo;Puglia;LinkedIn;false
1885;Michele Balestra;michele.balestra@example.org;Studio medico / Ambulatorio;Campania;LinkedIn;false
1886;Federica Ferretti;federica.ferretti@example.org;HCP - Endocrinologo;Abruzzo;LinkedIn;false
1887;Martina Milani;martina.milani@example.org;Studio medico / Ambulatorio;Piemonte;LinkedIn;false
1888;Marco Giuliani;marco.giuliani@example.org;Direzione sanitaria;Puglia;LinkedIn;false
1889;Roberta Marini;roberta.marini@example.org;HCP - Endocrinologo;Toscana;LinkedIn;false
1890;Davide Ferrari;davide.ferrari@example.org;HCP - Medico di medicina generale;Marche;LinkedIn;false
1891;Ludovica Denicola;ludovica.denicola@example.org;HCP - Diabetologo;Puglia;LinkedIn;false
1892;Ludovica Galli;ludovica.galli@example.org;HCP - Infermiere / Educatore;Lombardia;LinkedIn;false
1893;Luigi Damico;luigi.damico@example.org;Studio medico / Ambulatorio;Sicilia;LinkedIn;false
1894;Matteo Bianchi;matteo.bianchi@example.org;HCP - Diabetologo;Liguria;LinkedIn;false
1895;Massimo Marchetti;massimo.marchetti@example.org;Studio medico / Ambulatorio;Toscana;LinkedIn;false
1896;Giorgia Neri;giorgia.neri@example.org;HCP - Infermiere / Educatore;Lazio;LinkedIn;false
1897;Tommaso Franco;tommaso.franco@example.org;Studio medico / Ambulatorio;Piemonte;LinkedIn;false
1898;Giulio Agostini;giulio.agostini@example.org;HCP - Infermiere / Educatore;Friuli-Venezia Giulia;LinkedIn;false
1899;Jacopo Zanetti;jacopo.zanetti@example.org;HCP - Infermiere / Educatore;Puglia;LinkedIn;false
1900;Sabrina Cavallo;sabrina.cavallo@example.org;HCP - Diabetologo;Lazio;LinkedIn;false
1901;Alessandro Denicola;alessandro.denicola@example.org;HCP - Diabetologo;Sardegna;LinkedIn;false
1902;Martina Fiore;martina.fiore@example.org;HCP - Diabetologo;Sardegna;LinkedIn;false
1903;Teresa Serra;teresa.serra@example.org;HCP - Infermiere / Educatore;Marche;LinkedIn;false
1904;Giulio Pisani;giulio.pisani@example.org;HCP - Diabetologo;Sicilia;LinkedIn;false
1905;Andrea Ferretti;andrea.ferretti@example.org;HCP - Infermiere / Educatore;Sardegna;LinkedIn;false
1906;Susanna Fiore;susanna.fiore@example.org;HCP - Diabetologo;Lazio;LinkedIn;false
1907;Riccardo Mariani;riccardo.mariani@example.org;Altro / Industry;Liguria;LinkedIn;false
1908;Beatrice Testa;beatrice.testa@example.org;HCP - Endocrinologo;Calabria;LinkedIn;false
1909;Sofia Nardi;sofia.nardi@example.org;Studio medico / Ambulatorio;Liguria;LinkedIn;false
1910;Davide Palmieri;davide.palmieri@example.org;HCP - Diabetologo;Lazio;LinkedIn;false
1911;Mauro Serra;mauro.serra@example.org;HCP - Infermiere / Educatore;Piemonte;LinkedIn;false
1912;Valentina Carbone;valentina.carbone@example.org;HCP - Medico di medicina generale;Piemonte;LinkedIn;false
1913;Viola Santoro;viola.santoro@example.org;HCP - Medico di medicina generale;Puglia;LinkedIn;false
1914;Mariangela Lombardi;mariangela.lombardi@example.org;HCP - Infermiere / Educatore;Sicilia;LinkedIn;false
1915;Marta Fiore;marta.fiore@example.org;Altro / Industry;Toscana;LinkedIn;false
1916;Giuseppe Pagano;giuseppe.pagano@example.org;Studio medico / Ambulatorio;Toscana;LinkedIn;false
1917;Anna Marini;anna.marini@example.org;HCP - Endocrinologo;Liguria;LinkedIn;false
1918;Giorgio Longo;giorgio.longo@example.org;HCP - Infermiere / Educatore;Sicilia;LinkedIn;false
1919;Daniele Salerno;daniele.salerno@example.org;Studio medico / Ambulatorio;Veneto;LinkedIn;false
1920;Giovanna Costa;giovanna.costa@example.org;HCP - Infermiere / Educatore;Emilia-Romagna;LinkedIn;false
1921;Barbara Grassi;barbara.grassi@example.org;HCP - Diabetologo;Marche;LinkedIn;false
1922;Nicola Ruggiero;nicola.ruggiero@example.org;HCP - Diabetologo;Emilia-Romagna;LinkedIn;false
1923;Giacomo Morelli;giacomo.morelli@example.org;Studio medico / Ambulatorio;Toscana;LinkedIn;false
1924;Elisa Marchetti;elisa.marchetti@example.org;HCP - Endocrinologo;Sicilia;LinkedIn;false
1925;Daniele Sartori;daniele.sartori@example.org;HCP - Diabetologo;Lombardia;LinkedIn;false
1926;Vincenzo Silvestri;vincenzo.silvestri@example.org;Farmacia ospedaliera;Lombardia;LinkedIn;false
1927;Roberto Cerri;roberto.cerri@example.org;HCP - Diabetologo;Campania;LinkedIn;false
1928;Martina Corsi;martina.corsi@example.org;HCP - Diabetologo;Sicilia;LinkedIn;false
1929;Giuseppe Moretti;giuseppe.moretti@example.org;HCP - Endocrinologo;Lazio;LinkedIn;false
1930;Sara Negri;sara.negri@example.org;HCP - Diabetologo;Lombardia;LinkedIn;false
1931;Elisa Vitale;elisa.vitale@example.org;HCP - Diabetologo;Marche;LinkedIn;false
1932;Vittorio Russo;vittorio.russo@example.org;HCP - Endocrinologo;Campania;LinkedIn;false
1933;Giulio Ferrari;giulio.ferrari@example.org;HCP - Medico di medicina generale;Lombardia;LinkedIn;false
1934;Roberta Iacobelli;roberta.iacobelli@example.org;Studio medico / Ambulatorio;Abruzzo;LinkedIn;false
1935;Davide Galli;davide.galli@example.org;HCP - Medico di medicina generale;Puglia;LinkedIn;false
1936;Laura Amato;laura.amato@example.org;Direzione sanitaria;Friuli-Venezia Giulia;LinkedIn;false
1937;Ilaria Bellini;ilaria.bellini@example.org;HCP - Infermiere / Educatore;Lombardia;LinkedIn;false
1938;Sara Galli;sara.galli@example.org;HCP - Diabetologo;Emilia-Romagna;LinkedIn;false
1939;Giovanni Rizzo;giovanni.rizzo@example.org;HCP - Diabetologo;Veneto;LinkedIn;false
1940;Carlo Giuliani;carlo.giuliani@example.org;HCP - Medico di medicina generale;Emilia-Romagna;LinkedIn;false
1941;Valeria Franco;valeria.franco@example.org;Altro / Industry;Abruzzo;LinkedIn;false
1942;Alessandro Bacci;alessandro.bacci@example.org;Altro / Industry;Sardegna;LinkedIn;false
1943;Irene Lorenzi;irene.lorenzi@example.org;HCP - Diabetologo;Toscana;LinkedIn;false
1944;Andrea Martini;andrea.martini@example.org;Studio medico / Ambulatorio;Liguria;LinkedIn;false
1945;Emanuele Montanari;emanuele.montanari@example.org;HCP - Endocrinologo;Campania;LinkedIn;false
1946;Teresa Balestra;teresa.balestra@example.org;HCP - Diabetologo;Veneto;LinkedIn;false
1947;Chiara Bruni;chiara.bruni@example.org;HCP - Endocrinologo;Lazio;LinkedIn;false
1948;Anna Fabbri;anna.fabbri@example.org;HCP - Endocrinologo;Veneto;LinkedIn;false
1949;Ilaria Sartori;ilaria.sartori@example.org;HCP - Medico di medicina generale;Liguria;LinkedIn;false
1950;Simone Nardi;simone.nardi@example.org;HCP - Medico di medicina generale;Marche;LinkedIn;false
1951;Ilaria Corsi;ilaria.corsi@example.org;Studio medico / Ambulatorio;Liguria;LinkedIn;false
1952;Stefano Mazza;stefano.mazza@example.org;HCP - Infermiere / Educatore;Sardegna;LinkedIn;false
1953;Elisa Martelli;elisa.martelli@example.org;HCP - Infermiere / Educatore;Lombardia;LinkedIn;false
1954;Giorgio Ricci;giorgio.ricci@example.org;HCP - Medico di medicina generale;Puglia;LinkedIn;false
1955;Beatrice Colombo;beatrice.colombo@example.org;HCP - Endocrinologo;Piemonte;LinkedIn;false
1956;Maria Damico;maria.damico@example.org;Direzione sanitaria;Emilia-Romagna;LinkedIn;false
1957;Mauro Sartori;mauro.sartori@example.org;Altro / Industry;Piemonte;LinkedIn;false
1958;Martina Melchiorre;martina.melchiorre@example.org;Farmacia ospedaliera;Emilia-Romagna;LinkedIn;false
1959;Nicola Morelli;nicola.morelli@example.org;HCP - Diabetologo;Lombardia;LinkedIn;false
1960;Paolo Negri;paolo.negri@example.org;HCP - Diabetologo;Lombardia;LinkedIn;false
1961;Pietro Greco;pietro.greco@example.org;HCP - Endocrinologo;Emilia-Romagna;LinkedIn;false
1962;Francesco Ferrara;francesco.ferrara@example.org;HCP - Endocrinologo;Piemonte;LinkedIn;false
1963;Susanna Rossi;susanna.rossi@example.org;Studio medico / Ambulatorio;Campania;LinkedIn;false
1964;Barbara Bacci;barbara.bacci@example.org;HCP - Diabetologo;Lombardia;LinkedIn;false
1965;Teresa Orlando;teresa.orlando@example.org;HCP - Infermiere / Educatore;Umbria;LinkedIn;false
1966;Mauro Neri;mauro.neri@example.org;HCP - Diabetologo;Campania;LinkedIn;false
1967;Davide Melchiorre;davide.melchiorre@example.org;Direzione sanitaria;Lombardia;LinkedIn;false
1968;Maria Piras;maria.piras@example.org;HCP - Medico di medicina generale;Lombardia;LinkedIn;false
1969;Irene Giuliani;irene.giuliani@example.org;HCP - Endocrinologo;Emilia-Romagna;LinkedIn;false
1970;Irene Borghi;irene.borghi@example.org;HCP - Diabetologo;Lombardia;LinkedIn;false
1971;Michela Pesce;michela.pesce@example.org;Farmacia ospedaliera;Lombardia;LinkedIn;false
1972;Laura Zanini;laura.zanini@example.org;Studio medico / Ambulatorio;Lombardia;LinkedIn;false
1973;Roberto Santoro;roberto.santoro@example.org;HCP - Endocrinologo;Lombardia;LinkedIn;false
1974;Cristina Damico;cristina.damico@example.org;Studio medico / Ambulatorio;Emilia-Romagna;LinkedIn;false
1975;Massimo Borghi;massimo.borghi@example.org;HCP - Medico di medicina generale;Campania;LinkedIn;false
1976;Giulio Mariani;giulio.mariani@example.org;HCP - Diabetologo;Lombardia;LinkedIn;false
1977;Mariangela Longo;mariangela.longo@example.org;HCP - Infermiere / Educatore;Puglia;LinkedIn;false
1978;Carlo Innocenti;carlo.innocenti@example.org;Studio medico / Ambulatorio;Toscana;LinkedIn;false
1979;Ludovica Fiore;ludovica.fiore@example.org;HCP - Diabetologo;Lazio;LinkedIn;false
1980;Massimo Corsi;massimo.corsi@example.org;HCP - Medico di medicina generale;Veneto;LinkedIn;false
1981;Laura Bernardi;laura.bernardi@example.org;Farmacia ospedaliera;Marche;LinkedIn;false
1982;Giulia Martini;giulia.martini@example.org;Farmacia ospedaliera;Piemonte;LinkedIn;false
1983;Daniele Landi;daniele.landi@example.org;HCP - Medico di medicina generale;Veneto;LinkedIn;false
1984;Lorenzo Sorrentino;lorenzo.sorrentino@example.org;Studio medico / Ambulatorio;Lombardia;LinkedIn;false
1985;Riccardo Toscano;riccardo.toscano@example.org;HCP - Infermiere / Educatore;Sicilia;LinkedIn;false
1986;Beatrice Zanetti;beatrice.zanetti@example.org;HCP - Diabetologo;Emilia-Romagna;LinkedIn;false
1987;Francesca Serra;francesca.serra@example.org;HCP - Diabetologo;Emilia-Romagna;LinkedIn;false
1988;Antonio Fontana;antonio.fontana@example.org;HCP - Infermiere / Educatore;Lazio;LinkedIn;false
1989;Pietro Silvestri;pietro.silvestri@example.org;Altro / Industry;Lombardia;LinkedIn;false
1990;Carlo Franco;carlo.franco@example.org;HCP - Endocrinologo;Emilia-Romagna;LinkedIn;false
1991;Ilaria Sanna;ilaria.sanna@example.org;Farmacia ospedaliera;Puglia;LinkedIn;false
1992;Giorgio Giordano;giorgio.giordano@example.org;Direzione sanitaria;Marche;LinkedIn;false
1993;Sara Ricci;sara.ricci@example.org;HCP - Diabetologo;Piemonte;LinkedIn;false
1994;Andrea Caruso;andrea.caruso@example.org;HCP - Medico di medicina generale;Lazio;LinkedIn;false
1995;Paolo Fumagalli;paolo.fumagalli@example.org;HCP - Diabetologo;Emilia-Romagna;LinkedIn;false
1996;Vittorio Benedetti;vittorio.benedetti@example.org;HCP - Endocrinologo;Lazio;LinkedIn;false
1997;Michele Negri;michele.negri@example.org;Farmacia ospedaliera;Liguria;LinkedIn;false
1998;Nicola Pisani;nicola.pisani@example.org;HCP - Endocrinologo;Lazio;LinkedIn;false
1999;Caterina Ferrara;caterina.ferrara@example.org;HCP - Endocrinologo;Lazio;LinkedIn;false
2000;Valentina Bacci;valentina.bacci@example.org;Altro / Industry;Abruzzo;LinkedIn;false
2001;Giulia Caputo;giulia.caputo@example.org;HCP - Infermiere / Educatore;Sicilia;LinkedIn;false
2002;Rosanna Bruno;rosanna.bruno@example.org;HCP - Endocrinologo;Puglia;LinkedIn;false
2003;Roberto Borghi;roberto.borghi@example.org;Studio medico / Ambulatorio;Veneto;LinkedIn;false
2004;Marta Romano;marta.romano@example.org;Studio medico / Ambulatorio;Lombardia;LinkedIn;false
2005;Daniela Bianchi;daniela.bianchi@example.org;HCP - Diabetologo;Lombardia;LinkedIn;false
2006;Emanuele Lorenzi;emanuele.lorenzi@example.org;HCP - Medico di medicina generale;Puglia;LinkedIn;false
2007;Angela Santoro;angela.santoro@example.org;Studio medico / Ambulatorio;Sicilia;LinkedIn;false
2008;Gianluca Benedetti;gianluca.benedetti@example.org;Farmacia ospedaliera;Lombardia;LinkedIn;false
2009;Stefano Greco;stefano.greco@example.org;HCP - Endocrinologo;Campania;LinkedIn;false
2010;Sabrina Longo;sabrina.longo@example.org;HCP - Medico di medicina generale;Sicilia;LinkedIn;false
2011;Andrea Volpe;andrea.volpe@example.org;HCP - Infermiere / Educatore;Lombardia;LinkedIn;false
2012;Sabrina Benedetti;sabrina.benedetti@example.org;HCP - Diabetologo;Lazio;LinkedIn;false
2013;Roberto Perini;roberto.perini@example.org;HCP - Medico di medicina generale;Friuli-Venezia Giulia;LinkedIn;false
2014;Maria Costa;maria.costa@example.org;HCP - Diabetologo;Abruzzo;LinkedIn;false
2015;Martina Grassi;martina.grassi@example.org;HCP - Diabetologo;Emilia-Romagna;LinkedIn;false
2016;Rosanna Fabbri;rosanna.fabbri@example.org;HCP - Diabetologo;Piemonte;LinkedIn;false
2017;Giulio Pesce;giulio.pesce@example.org;HCP - Endocrinologo;Emilia-Romagna;LinkedIn;false
2018;Valeria Ferretti;valeria.ferretti@example.org;HCP - Diabetologo;Lombardia;LinkedIn;false
2019;Mauro Bianco;mauro.bianco@example.org;HCP - Medico di medicina generale;Lombardia;LinkedIn;false
2020;Monica Bacci;monica.bacci@example.org;HCP - Endocrinologo;Campania;LinkedIn;false
2021;Marco Romano;marco.romano@example.org;Farmacia ospedaliera;Campania;LinkedIn;false
2022;Sabrina Iacobelli;sabrina.iacobelli@example.org;HCP - Diabetologo;Puglia;LinkedIn;false
2023;Claudio Caputo;claudio.caputo@example.org;HCP - Diabetologo;Campania;LinkedIn;false
2024;Barbara Messina;barbara.messina@example.org;Farmacia ospedaliera;Lombardia;LinkedIn;false
2025;Martina Balestra;martina.balestra@example.org;HCP - Diabetologo;Emilia-Romagna;LinkedIn;false
2026;Federico Ferrari;federico.ferrari@example.org;HCP - Diabetologo;Sicilia;LinkedIn;false
2027;Lorenzo Bassi;lorenzo.bassi@example.org;HCP - Diabetologo;Emilia-Romagna;LinkedIn;false
2028;Sofia Innocenti;sofia.innocenti@example.org;Farmacia ospedaliera;Lombardia;LinkedIn;false
2029;Michela Vitale;michela.vitale@example.org;Altro / Industry;Campania;LinkedIn;false
2030;Daniela Borghi;daniela.borghi@example.org;HCP - Diabetologo;Lombardia;LinkedIn;false
2031;Federica Esposito;federica.esposito@example.org;HCP - Infermiere / Educatore;Lazio;LinkedIn;false
2032;Roberto Sala;roberto.sala@example.org;HCP - Endocrinologo;Piemonte;LinkedIn;false
2033;Michele Nardi;michele.nardi@example.org;HCP - Diabetologo;Abruzzo;LinkedIn;false
2034;Barbara Russo;barbara.russo@example.org;Studio medico / Ambulatorio;Lombardia;LinkedIn;false
2035;Giorgio Deluca;giorgio.deluca@example.org;HCP - Diabetologo;Campania;LinkedIn;false
2036;Monica Castelli;monica.castelli@example.org;HCP - Medico di medicina generale;Emilia-Romagna;LinkedIn;false
2037;Mariangela Melchiorre;mariangela.melchiorre@example.org;HCP - Diabetologo;Sardegna;LinkedIn;false
2038;Claudio Innocenti;claudio.innocenti@example.org;HCP - Infermiere / Educatore;Lazio;LinkedIn;false
2039;Viola Pellegrini;viola.pellegrini@example.org;Studio medico / Ambulatorio;Lombardia;LinkedIn;false
2040;Luigi Bernardi;luigi.bernardi@example.org;HCP - Infermiere / Educatore;Lazio;LinkedIn;false
2041;Matteo Cristofaro;matteo.cristofaro@example.org;Farmacia ospedaliera;Veneto;LinkedIn;false
2042;Caterina Greco;caterina.greco@example.org;HCP - Endocrinologo;Emilia-Romagna;LinkedIn;false
2043;Francesca Testa;francesca.testa@example.org;Farmacia ospedaliera;Emilia-Romagna;LinkedIn;false
2044;Silvia Landi;silvia.landi@example.org;HCP - Medico di medicina generale;Sardegna;LinkedIn;false
2045;Gianluca Fabbri;gianluca.fabbri@example.org;HCP - Medico di medicina generale;Piemonte;LinkedIn;false
2046;Margherita Sala;margherita.sala@example.org;HCP - Endocrinologo;Emilia-Romagna;LinkedIn;false
2047;Maria Toscano;maria.toscano@example.org;HCP - Endocrinologo;Veneto;LinkedIn;false
2048;Marta Vitale;marta.vitale@example.org;Studio medico / Ambulatorio;Sardegna;LinkedIn;false
2049;Tommaso Benedetti;tommaso.benedetti@example.org;HCP - Infermiere / Educatore;Campania;LinkedIn;false
2050;Sabrina Corsi;sabrina.corsi@example.org;HCP - Endocrinologo;Campania;LinkedIn;false
2051;Ludovica Serra;ludovica.serra@example.org;HCP - Infermiere / Educatore;Puglia;LinkedIn;false
2052;Claudia Denicola;claudia.denicola@example.org;HCP - Endocrinologo;Lombardia;LinkedIn;false
2053;Giorgio Costa;giorgio.costa@example.org;HCP - Infermiere / Educatore;Liguria;LinkedIn;false
2054;Nicola Bruni;nicola.bruni@example.org;HCP - Infermiere / Educatore;Liguria;LinkedIn;false
2055;Giorgio Riva;giorgio.riva@example.org;Altro / Industry;Liguria;LinkedIn;false
2056;Marco Barbieri;marco.barbieri@example.org;HCP - Medico di medicina generale;Lombardia;LinkedIn;false
2057;Elisa Nardi;elisa.nardi@example.org;HCP - Diabetologo;Campania;LinkedIn;false
2058;Barbara Cirillo;barbara.cirillo@example.org;Altro / Industry;Piemonte;LinkedIn;false
2059;Margherita Longo;margherita.longo@example.org;HCP - Diabetologo;Toscana;LinkedIn;false
2060;Manuela Sanna;manuela.sanna@example.org;HCP - Infermiere / Educatore;Campania;LinkedIn;false
2061;Luigi Denicola;luigi.denicola@example.org;HCP - Diabetologo;Veneto;LinkedIn;false
2062;Margherita Cristofaro;margherita.cristofaro@example.org;Studio medico / Ambulatorio;Piemonte;LinkedIn;false
2063;Riccardo Testa;riccardo.testa@example.org;HCP - Diabetologo;Abruzzo;LinkedIn;false
2064;Daniele Romano;daniele.romano@example.org;Studio medico / Ambulatorio;Lombardia;LinkedIn;false
2065;Marta Rizzo;marta.rizzo@example.org;Direzione sanitaria;Emilia-Romagna;LinkedIn;false
2066;Raffaella Giordano;raffaella.giordano@example.org;HCP - Infermiere / Educatore;Lazio;LinkedIn;false
2067;Paolo Franco;paolo.franco@example.org;HCP - Diabetologo;Friuli-Venezia Giulia;LinkedIn;false
2068;Stefano Pesce;stefano.pesce@example.org;HCP - Diabetologo;Lombardia;LinkedIn;false
2069;Susanna Salerno;susanna.salerno@example.org;Direzione sanitaria;Campania;LinkedIn;false
2070;Giulia Giuliani;giulia.giuliani@example.org;HCP - Diabetologo;Puglia;LinkedIn;false
2071;Stefano Barbieri;stefano.barbieri@example.org;Studio medico / Ambulatorio;Piemonte;LinkedIn;false
2072;Roberto Mazza;roberto.mazza@example.org;HCP - Diabetologo;Liguria;LinkedIn;false
2073;Chiara Leone;chiara.leone@example.org;HCP - Endocrinologo;Lombardia;LinkedIn;false
2074;Serena Guerra;serena.guerra@example.org;HCP - Diabetologo;Lombardia;LinkedIn;false
2075;Valentina Fontana;valentina.fontana@example.org;HCP - Infermiere / Educatore;Veneto;LinkedIn;false
2076;Alessandro Leone;alessandro.leone@example.org;HCP - Diabetologo;Campania;LinkedIn;false
2077;Emanuele Perini;emanuele.perini@example.org;HCP - Diabetologo;Lombardia;LinkedIn;false
2078;Francesca Farina;francesca.farina@example.org;HCP - Medico di medicina generale;Veneto;LinkedIn;false
2079;Nicola Lorenzi;nicola.lorenzi@example.org;HCP - Diabetologo;Toscana;LinkedIn;false
2080;Marco Ferretti;marco.ferretti@example.org;Studio medico / Ambulatorio;Liguria;LinkedIn;false
2081;Chiara Sala;chiara.sala@example.org;HCP - Diabetologo;Calabria;LinkedIn;false
2082;Manuela Franco;manuela.franco@example.org;Studio medico / Ambulatorio;Puglia;LinkedIn;false
2083;Federico Landi;federico.landi@example.org;HCP - Medico di medicina generale;Veneto;LinkedIn;false
2084;Luigi Negri;luigi.negri@example.org;HCP - Diabetologo;Umbria;LinkedIn;false
2085;Ludovica Marchetti;ludovica.marchetti@example.org;Farmacia ospedaliera;Friuli-Venezia Giulia;LinkedIn;false
2086;Elena Sorrentino;elena.sorrentino@example.org;HCP - Diabetologo;Campania;LinkedIn;false
2087;Viola Esposito;viola.esposito@example.org;HCP - Medico di medicina generale;Sicilia;LinkedIn;false
2088;Ludovica Barbieri;ludovica.barbieri@example.org;HCP - Infermiere / Educatore;Piemonte;LinkedIn;false
2089;Vincenzo Desantis;vincenzo.desantis@example.org;HCP - Infermiere / Educatore;Lombardia;LinkedIn;false
2090;Angela Abbate;angela.abbate@example.org;HCP - Infermiere / Educatore;Piemonte;LinkedIn;false
2091;Giuseppe Romano;giuseppe.romano@example.org;HCP - Medico di medicina generale;Lombardia;LinkedIn;false
2092;Federica Negri;federica.negri@example.org;HCP - Endocrinologo;Piemonte;LinkedIn;false
2093;Antonio Franco;antonio.franco@example.org;HCP - Diabetologo;Lazio;LinkedIn;false
2094;Nicola Gallo;nicola.gallo@example.org;HCP - Diabetologo;Toscana;LinkedIn;false
2095;Lorenzo Bacci;lorenzo.bacci@example.org;HCP - Diabetologo;Lombardia;LinkedIn;false
2096;Margherita Denicola;margherita.denicola@example.org;HCP - Medico di medicina generale;Lombardia;LinkedIn;false
2097;Gabriele Bassi;gabriele.bassi@example.org;HCP - Diabetologo;Puglia;LinkedIn;false
2098;Angela Lorenzi;angela.lorenzi@example.org;Farmacia ospedaliera;Sicilia;LinkedIn;false
2099;Claudio Riva;claudio.riva@example.org;HCP - Medico di medicina generale;Puglia;LinkedIn;false
2100;Maria Montanari;maria.montanari@example.org;HCP - Infermiere / Educatore;Piemonte;LinkedIn;false
2101;Lorenzo Morelli;lorenzo.morelli@example.org;HCP - Medico di medicina generale;Lazio;LinkedIn;false
2102;Maria Caruso;maria.caruso@example.org;HCP - Infermiere / Educatore;Emilia-Romagna;LinkedIn;false
2103;Giorgio Galli;giorgio.galli@example.org;HCP - Infermiere / Educatore;Emilia-Romagna;LinkedIn;false
2104;Stefano Desantis;stefano.desantis@example.org;HCP - Medico di medicina generale;Campania;LinkedIn;false
2105;Massimo Cirillo;massimo.cirillo@example.org;Farmacia ospedaliera;Toscana;LinkedIn;false
2106;Claudio Bernardi;claudio.bernardi@example.org;HCP - Diabetologo;Liguria;LinkedIn;false
2107;Massimo Mariani;massimo.mariani@example.org;HCP - Infermiere / Educatore;Campania;LinkedIn;false
2108;Alessandro Piras;alessandro.piras@example.org;HCP - Infermiere / Educatore;Liguria;LinkedIn;false
2109;Barbara Galli;barbara.galli@example.org;HCP - Infermiere / Educatore;Lombardia;LinkedIn;false
2110;Marta Leone;marta.leone@example.org;HCP - Diabetologo;Sicilia;LinkedIn;false
2111;Ilaria Cerri;ilaria.cerri@example.org;HCP - Infermiere / Educatore;Puglia;LinkedIn;false
2112;Simone Galli;simone.galli@example.org;Direzione sanitaria;Sicilia;LinkedIn;false
2113;Giovanni Bruno;giovanni.bruno@example.org;HCP - Infermiere / Educatore;Sicilia;LinkedIn;false
2114;Ilaria Vitale;ilaria.vitale@example.org;HCP - Medico di medicina generale;Lazio;LinkedIn;false
2115;Daniele Cardone;daniele.cardone@example.org;Studio medico / Ambulatorio;Marche;LinkedIn;false
2116;Sofia Piras;sofia.piras@example.org;HCP - Endocrinologo;Lombardia;LinkedIn;false
2117;Stefano Melchiorre;stefano.melchiorre@example.org;HCP - Infermiere / Educatore;Campania;LinkedIn;false
2118;Teresa Bellini;teresa.bellini@example.org;Studio medico / Ambulatorio;Toscana;LinkedIn;false
2119;Vittorio Sala;vittorio.sala@example.org;Altro / Industry;Emilia-Romagna;LinkedIn;false
2120;Michela Caruso;michela.caruso@example.org;Altro / Industry;Piemonte;LinkedIn;false
2121;Giulio Pagano;giulio.pagano@example.org;Direzione sanitaria;Lazio;LinkedIn;false
2122;Riccardo Greco;riccardo.greco@example.org;HCP - Infermiere / Educatore;Toscana;LinkedIn;false
2123;Valentina Ricci;valentina.ricci@example.org;HCP - Endocrinologo;Toscana;LinkedIn;false
2124;Luca Palmieri;luca.palmieri@example.org;HCP - Medico di medicina generale;Sicilia;LinkedIn;false
2125;Giorgia Esposito;giorgia.esposito@example.org;Studio medico / Ambulatorio;Lombardia;LinkedIn;false
2126;Luigi Corsi;luigi.corsi@example.org;Direzione sanitaria;Sicilia;LinkedIn;false
2127;Jacopo Pellegrini;jacopo.pellegrini@example.org;HCP - Diabetologo;Emilia-Romagna;LinkedIn;false
2128;Rosanna Montanari;rosanna.montanari@example.org;HCP - Infermiere / Educatore;Abruzzo;LinkedIn;false
2129;Sara Esposito;sara.esposito@example.org;HCP - Endocrinologo;Lombardia;LinkedIn;false
2130;Ludovica Cristofaro;ludovica.cristofaro@example.org;HCP - Diabetologo;Emilia-Romagna;LinkedIn;false
2131;Francesca Lorenzi;francesca.lorenzi@example.org;HCP - Diabetologo;Veneto;LinkedIn;false
2132;Giulia Deluca;giulia.deluca@example.org;HCP - Endocrinologo;Lazio;LinkedIn;false
2133;Caterina Parisi;caterina.parisi@example.org;Studio medico / Ambulatorio;Lombardia;LinkedIn;false
2134;Margherita Franco;margherita.franco@example.org;HCP - Endocrinologo;Lombardia;LinkedIn;false
2135;Daniela Deluca;daniela.deluca@example.org;Studio medico / Ambulatorio;Veneto;LinkedIn;false
2136;Alessandro Messina;alessandro.messina@example.org;HCP - Diabetologo;Campania;LinkedIn;false
2137;Claudio Fumagalli;claudio.fumagalli@example.org;Farmacia ospedaliera;Puglia;LinkedIn;false
2138;Antonio Antonelli;antonio.antonelli@example.org;HCP - Diabetologo;Lazio;LinkedIn;false
2139;Maria Guerra;maria.guerra@example.org;HCP - Endocrinologo;Friuli-Venezia Giulia;LinkedIn;false
2140;Samuele Leone;samuele.leone@example.org;HCP - Medico di medicina generale;Lombardia;LinkedIn;false
2141;Enrico Corsi;enrico.corsi@example.org;Studio medico / Ambulatorio;Emilia-Romagna;LinkedIn;false
2142;Luigi Palmieri;luigi.palmieri@example.org;Farmacia ospedaliera;Marche;LinkedIn;false
2143;Giulio Sala;giulio.sala@example.org;HCP - Infermiere / Educatore;Sicilia;LinkedIn;false
2144;Viola Perini;viola.perini@example.org;HCP - Diabetologo;Campania;LinkedIn;false
2145;Riccardo Mazza;riccardo.mazza@example.org;Studio medico / Ambulatorio;Campania;LinkedIn;false
2146;Emanuele Volpe;emanuele.volpe@example.org;HCP - Diabetologo;Sicilia;LinkedIn;false
2147;Carlo Caruso;carlo.caruso@example.org;HCP - Diabetologo;Campania;LinkedIn;false
2148;Mariangela Cardone;mariangela.cardone@example.org;HCP - Diabetologo;Lombardia;LinkedIn;false
2149;Valeria Agostini;valeria.agostini@example.org;HCP - Medico di medicina generale;Campania;LinkedIn;false
2150;Angela Moretti;angela.moretti@example.org;HCP - Diabetologo;Lazio;LinkedIn;false
2151;Antonio Sala;antonio.sala@example.org;HCP - Diabetologo;Emilia-Romagna;LinkedIn;false
2152;Valeria Conte;valeria.conte@example.org;HCP - Medico di medicina generale;Emilia-Romagna;LinkedIn;false
2153;Elena Cerri;elena.cerri@example.org;Farmacia ospedaliera;Lombardia;LinkedIn;false
2154;Angela Rossi;angela.rossi@example.org;HCP - Diabetologo;Emilia-Romagna;LinkedIn;false
2155;Antonio Messina;antonio.messina@example.org;HCP - Infermiere / Educatore;Umbria;LinkedIn;false
2156;Maria Fabbri;maria.fabbri@example.org;HCP - Infermiere / Educatore;Emilia-Romagna;LinkedIn;false
2157;Anna Donati;anna.donati@example.org;Studio medico / Ambulatorio;Piemonte;LinkedIn;false
2158;Ludovica Bellini;ludovica.bellini@example.org;Studio medico / Ambulatorio;Umbria;LinkedIn;false
2159;Giacomo Deluca;giacomo.deluca@example.org;HCP - Endocrinologo;Emilia-Romagna;LinkedIn;false
2160;Caterina Corsi;caterina.corsi@example.org;HCP - Medico di medicina generale;Sicilia;LinkedIn;false
2161;Roberto Cardone;roberto.cardone@example.org;HCP - Diabetologo;Veneto;LinkedIn;false
2162;Sofia Rossetti;sofia.rossetti@example.org;HCP - Diabetologo;Sardegna;LinkedIn;false
2163;Silvia Innocenti;silvia.innocenti@example.org;Farmacia ospedaliera;Sicilia;LinkedIn;false
2164;Susanna Bacci;susanna.bacci@example.org;HCP - Endocrinologo;Lombardia;LinkedIn;false
2165;Giovanna Rizzo;giovanna.rizzo@example.org;Altro / Industry;Veneto;LinkedIn;false
2166;Martina Bacci;martina.bacci@example.org;Direzione sanitaria;Sicilia;LinkedIn;false
2167;Giorgia Corsi;giorgia.corsi@example.org;HCP - Infermiere / Educatore;Sardegna;LinkedIn;false
2168;Irene Rossi;irene.rossi@example.org;Studio medico / Ambulatorio;Veneto;LinkedIn;false
2169;Lorenzo Cristofaro;lorenzo.cristofaro@example.org;HCP - Medico di medicina generale;Liguria;LinkedIn;false
2170;Jacopo Antonelli;jacopo.antonelli@example.org;HCP - Medico di medicina generale;Lazio;LinkedIn;false
2171;Mauro Santoro;mauro.santoro@example.org;Studio medico / Ambulatorio;Lombardia;LinkedIn;false
2172;Filippo Valente;filippo.valente@example.org;HCP - Medico di medicina generale;Veneto;LinkedIn;false
2173;Lorenzo Palmieri;lorenzo.palmieri@example.org;HCP - Medico di medicina generale;Toscana;LinkedIn;false
2174;Laura Montanari;laura.montanari@example.org;HCP - Diabetologo;Puglia;LinkedIn;false
2175;Roberto Fontana;roberto.fontana@example.org;HCP - Infermiere / Educatore;Friuli-Venezia Giulia;LinkedIn;false
2176;Michele Leone;michele.leone@example.org;HCP - Diabetologo;Lombardia;LinkedIn;false
2177;Claudia Neri;claudia.neri@example.org;HCP - Medico di medicina generale;Emilia-Romagna;LinkedIn;false
2178;Irene Galli;irene.galli@example.org;HCP - Medico di medicina generale;Liguria;LinkedIn;false
2179;Paolo Abbate;paolo.abbate@example.org;HCP - Diabetologo;Emilia-Romagna;LinkedIn;false
2180;Stefano Leone;stefano.leone@example.org;HCP - Infermiere / Educatore;Sardegna;LinkedIn;false
2181;Giovanni Giordano;giovanni.giordano@example.org;HCP - Endocrinologo;Toscana;LinkedIn;false
2182;Martina Marini;martina.marini@example.org;Studio medico / Ambulatorio;Puglia;LinkedIn;false
2183;Anna Barbieri;anna.barbieri@example.org;HCP - Infermiere / Educatore;Calabria;LinkedIn;false
2184;Alessandro Palmieri;alessandro.palmieri@example.org;Direzione sanitaria;Lombardia;LinkedIn;false
2185;Giovanni Bassi;giovanni.bassi@example.org;Farmacia ospedaliera;Lombardia;LinkedIn;false
2186;Giacomo Donati;giacomo.donati@example.org;HCP - Infermiere / Educatore;Marche;LinkedIn;false
2187;Margherita Milani;margherita.milani@example.org;Farmacia ospedaliera;Emilia-Romagna;LinkedIn;false
2188;Elisa Damico;elisa.damico@example.org;HCP - Medico di medicina generale;Lombardia;LinkedIn;false
2189;Jacopo Denicola;jacopo.denicola@example.org;HCP - Medico di medicina generale;Sicilia;LinkedIn;false
2190;Gianluca Rossi;gianluca.rossi@example.org;HCP - Diabetologo;Sicilia;LinkedIn;false
2191;Ilaria Longo;ilaria.longo@example.org;HCP - Diabetologo;Lazio;LinkedIn;false
2192;Federica Riva;federica.riva@example.org;HCP - Medico di medicina generale;Lazio;LinkedIn;false
2193;Silvia Negri;silvia.negri@example.org;HCP - Diabetologo;Toscana;LinkedIn;false
2194;Ludovica Carbone;ludovica.carbone@example.org;Studio medico / Ambulatorio;Lombardia;LinkedIn;false
2195;Michela Bruni;michela.bruni@example.org;HCP - Medico di medicina generale;Emilia-Romagna;LinkedIn;false
2196;Gabriele Ricci;gabriele.ricci@example.org;HCP - Medico di medicina generale;Puglia;LinkedIn;false
2197;Ludovica Landi;ludovica.landi@example.org;HCP - Medico di medicina generale;Marche;LinkedIn;false
2198;Vittorio Pagano;vittorio.pagano@example.org;HCP - Diabetologo;Lazio;LinkedIn;false
2199;Francesco Romano;francesco.romano@example.org;HCP - Infermiere / Educatore;Liguria;LinkedIn;false
2200;Michele Montanari;michele.montanari@example.org;HCP - Diabetologo;Sicilia;LinkedIn;false
2201;Matteo Abbate;matteo.abbate@example.org;Studio medico / Ambulatorio;Lombardia;LinkedIn;false
2202;Giorgia Ferrari;giorgia.ferrari@example.org;HCP - Diabetologo;Veneto;LinkedIn;false
2203;Ludovica Sartori;ludovica.sartori@example.org;HCP - Diabetologo;Sicilia;LinkedIn;false
2204;Anna Bacci;anna.bacci@example.org;HCP - Infermiere / Educatore;Campania;LinkedIn;false
2205;Beatrice Benedetti;beatrice.benedetti@example.org;HCP - Infermiere / Educatore;Lazio;LinkedIn;false
2206;Gabriele Amato;gabriele.amato@example.org;HCP - Infermiere / Educatore;Abruzzo;LinkedIn;false
2207;Margherita Grassi;margherita.grassi@example.org;HCP - Diabetologo;Puglia;LinkedIn;false
2208;Valeria Negri;valeria.negri@example.org;Studio medico / Ambulatorio;Lombardia;LinkedIn;false
2209;Daniele Desantis;daniele.desantis@example.org;HCP - Medico di medicina generale;Piemonte;LinkedIn;false
2210;Caterina Giordano;caterina.giordano@example.org;Farmacia ospedaliera;Marche;LinkedIn;false
2211;Emanuele Morelli;emanuele.morelli@example.org;HCP - Medico di medicina generale;Lazio;LinkedIn;false
2212;Samuele Cristofaro;samuele.cristofaro@example.org;HCP - Diabetologo;Lombardia;LinkedIn;false
2213;Paola Sorrentino;paola.sorrentino@example.org;Altro / Industry;Lazio;LinkedIn;false
2214;Giulia Antonelli;giulia.antonelli@example.org;HCP - Medico di medicina generale;Emilia-Romagna;LinkedIn;false
2215;Lorenzo Rizzo;lorenzo.rizzo@example.org;HCP - Diabetologo;Veneto;LinkedIn;false
2216;Francesca Ruggiero;francesca.ruggiero@example.org;HCP - Medico di medicina generale;Lombardia;LinkedIn;false
2217;Sabrina Bianchi;sabrina.bianchi@example.org;HCP - Diabetologo;Umbria;LinkedIn;false
2218;Valentina Donati;valentina.donati@example.org;HCP - Diabetologo;Puglia;LinkedIn;false
2219;Valentina Landi;valentina.landi@example.org;Direzione sanitaria;Sicilia;LinkedIn;false
2220;Teresa Fumagalli;teresa.fumagalli@example.org;Farmacia ospedaliera;Campania;LinkedIn;false
2221;Serena Esposito;serena.esposito@example.org;HCP - Diabetologo;Lazio;LinkedIn;false
2222;Angela Bruni;angela.bruni@example.org;HCP - Diabetologo;Lazio;LinkedIn;false
2223;Giovanna Bernardi;giovanna.bernardi@example.org;HCP - Diabetologo;Piemonte;LinkedIn;false
2224;Massimo Franco;massimo.franco@example.org;HCP - Diabetologo;Puglia;LinkedIn;false
2225;Federico Rizzo;federico.rizzo@example.org;HCP - Diabetologo;Campania;LinkedIn;false
2226;Margherita Montanari;margherita.montanari@example.org;HCP - Infermiere / Educatore;Lazio;LinkedIn;false
2227;Enrico Cirillo;enrico.cirillo@example.org;HCP - Endocrinologo;Lazio;LinkedIn;false
2228;Davide Corsi;davide.corsi@example.org;HCP - Diabetologo;Lombardia;LinkedIn;false
2229;Mariangela Riva;mariangela.riva@example.org;HCP - Medico di medicina generale;Piemonte;LinkedIn;false
2230;Matteo Balestra;matteo.balestra@example.org;HCP - Medico di medicina generale;Toscana;LinkedIn;false
2231;Raffaella Costa;raffaella.costa@example.org;HCP - Medico di medicina generale;Calabria;LinkedIn;false
2232;Michela Cirillo;michela.cirillo@example.org;Farmacia ospedaliera;Lazio;LinkedIn;false
2233;Roberta Fabbri;roberta.fabbri@example.org;HCP - Medico di medicina generale;Toscana;LinkedIn;false
2234;Teresa Volpe;teresa.volpe@example.org;HCP - Diabetologo;Piemonte;LinkedIn;false
2235;Valentina Marchetti;valentina.marchetti@example.org;HCP - Diabetologo;Marche;LinkedIn;false
2236;Irene Morelli;irene.morelli@example.org;HCP - Diabetologo;Piemonte;LinkedIn;false
2237;Simone Antonelli;simone.antonelli@example.org;HCP - Diabetologo;Campania;LinkedIn;false
2238;Angela Pesce;angela.pesce@example.org;Farmacia ospedaliera;Lombardia;LinkedIn;false
2239;Gabriele Cattaneo;gabriele.cattaneo@example.org;HCP - Medico di medicina generale;Calabria;LinkedIn;false
2240;Giacomo Cattaneo;giacomo.cattaneo@example.org;HCP - Diabetologo;Veneto;LinkedIn;false
2241;Raffaella Castelli;raffaella.castelli@example.org;HCP - Medico di medicina generale;Piemonte;LinkedIn;false
2242;Elisa Rossi;elisa.rossi@example.org;HCP - Diabetologo;Puglia;LinkedIn;false
2243;Angela Colombo;angela.colombo@example.org;HCP - Diabetologo;Friuli-Venezia Giulia;LinkedIn;false
2244;Beatrice Castelli;beatrice.castelli@example.org;HCP - Diabetologo;Friuli-Venezia Giulia;LinkedIn;false
2245;Nicola Cerri;nicola.cerri@example.org;HCP - Infermiere / Educatore;Lazio;LinkedIn;false
2246;Giorgia Serra;giorgia.serra@example.org;Studio medico / Ambulatorio;Toscana;LinkedIn;false
2247;Elena Pisani;elena.pisani@example.org;HCP - Diabetologo;Lombardia;LinkedIn;false
2248;Elisa Bassi;elisa.bassi@example.org;HCP - Diabetologo;Piemonte;LinkedIn;false
2249;Sara Fiore;sara.fiore@example.org;HCP - Infermiere / Educatore;Campania;LinkedIn;false
2250;Ilaria Romano;ilaria.romano@example.org;HCP - Endocrinologo;Liguria;LinkedIn;false
2251;Riccardo Castelli;riccardo.castelli@example.org;HCP - Infermiere / Educatore;Sicilia;LinkedIn;false
2252;Federica Ricci;federica.ricci@example.org;HCP - Endocrinologo;Liguria;LinkedIn;false
2253;Laura Gentile;laura.gentile@example.org;Studio medico / Ambulatorio;Friuli-Venezia Giulia;LinkedIn;false
2254;Angela Gatti;angela.gatti@example.org;HCP - Endocrinologo;Toscana;LinkedIn;false
2255;Daniela Iacobelli;daniela.iacobelli@example.org;HCP - Medico di medicina generale;Abruzzo;LinkedIn;false
2256;Valeria Lombardi;valeria.lombardi@example.org;Studio medico / Ambulatorio;Veneto;LinkedIn;false
2257;Serena Colombo;serena.colombo@example.org;HCP - Diabetologo;Puglia;LinkedIn;false
2258;Roberta Denicola;roberta.denicola@example.org;HCP - Infermiere / Educatore;Lombardia;LinkedIn;false
2259;Marco Montanari;marco.montanari@example.org;HCP - Diabetologo;Piemonte;LinkedIn;false
2260;Filippo Bonetti;filippo.bonetti@example.org;HCP - Endocrinologo;Liguria;LinkedIn;false
2261;Rosanna Lombardi;rosanna.lombardi@example.org;HCP - Diabetologo;Lombardia;LinkedIn;false
2262;Claudio Franco;claudio.franco@example.org;HCP - Diabetologo;Campania;LinkedIn;false
2263;Paola Caputo;paola.caputo@example.org;HCP - Diabetologo;Veneto;LinkedIn;false
2264;Valentina Cattaneo;valentina.cattaneo@example.org;Altro / Industry;Toscana;LinkedIn;false
2265;Marta Zanetti;marta.zanetti@example.org;Studio medico / Ambulatorio;Toscana;LinkedIn;false
2266;Giulio Bruni;giulio.bruni@example.org;Farmacia ospedaliera;Lombardia;LinkedIn;false
2267;Daniela Mancini;daniela.mancini@example.org;HCP - Infermiere / Educatore;Sicilia;LinkedIn;false
2268;Federico Guerra;federico.guerra@example.org;Studio medico / Ambulatorio;Emilia-Romagna;LinkedIn;false
2269;Margherita Caruso;margherita.caruso@example.org;HCP - Medico di medicina generale;Emilia-Romagna;LinkedIn;false
2270;Jacopo Grassi;jacopo.grassi@example.org;HCP - Diabetologo;Lazio;LinkedIn;false
2271;Chiara Gentile;chiara.gentile@example.org;HCP - Diabetologo;Puglia;LinkedIn;false
2272;Lorenzo Romano;lorenzo.romano@example.org;HCP - Medico di medicina generale;Sicilia;LinkedIn;false
2273;Cristina Ruggiero;cristina.ruggiero@example.org;HCP - Diabetologo;Piemonte;LinkedIn;false
2274;Serena Pagano;serena.pagano@example.org;HCP - Medico di medicina generale;Friuli-Venezia Giulia;LinkedIn;false
2275;Francesca Negri;francesca.negri@example.org;HCP - Diabetologo;Piemonte;LinkedIn;false
2276;Raffaella Fiore;raffaella.fiore@example.org;HCP - Endocrinologo;Umbria;LinkedIn;false
2277;Roberto Gallo;roberto.gallo@example.org;HCP - Endocrinologo;Toscana;LinkedIn;false
2278;Vincenzo Pagano;vincenzo.pagano@example.org;HCP - Diabetologo;Calabria;LinkedIn;false
2279;Federico Russo;federico.russo@example.org;HCP - Diabetologo;Toscana;LinkedIn;false
2280;Chiara Galli;chiara.galli@example.org;HCP - Medico di medicina generale;Veneto;LinkedIn;false
2281;Cristina Antonelli;cristina.antonelli@example.org;HCP - Diabetologo;Veneto;LinkedIn;false
2282;Lorenzo Moretti;lorenzo.moretti@example.org;Farmacia ospedaliera;Puglia;LinkedIn;false
2283;Paola Costa;paola.costa@example.org;Farmacia ospedaliera;Toscana;LinkedIn;false
2284;Raffaella Denicola;raffaella.denicola@example.org;HCP - Diabetologo;Lazio;LinkedIn;false
2285;Sara Gatti;sara.gatti@example.org;HCP - Endocrinologo;Lombardia;LinkedIn;false
2286;Sara Giuliani;sara.giuliani@example.org;HCP - Medico di medicina generale;Campania;LinkedIn;false
2287;Beatrice Mariani;beatrice.mariani@example.org;HCP - Medico di medicina generale;Lombardia;LinkedIn;false
2288;Mariangela Balestra;mariangela.balestra@example.org;HCP - Medico di medicina generale;Lazio;LinkedIn;false
2289;Filippo Abbate;filippo.abbate@example.org;HCP - Endocrinologo;Sicilia;LinkedIn;false
2290;Daniele Donati;daniele.donati@example.org;HCP - Diabetologo;Veneto;LinkedIn;false
2291;Luca Serra;luca.serra@example.org;HCP - Infermiere / Educatore;Lombardia;LinkedIn;false
2292;Margherita Rizzo;margherita.rizzo@example.org;Studio medico / Ambulatorio;Piemonte;LinkedIn;false
2293;Ilaria Pisani;ilaria.pisani@example.org;Farmacia ospedaliera;Marche;LinkedIn;false
2294;Michela Marini;michela.marini@example.org;Farmacia ospedaliera;Piemonte;LinkedIn;false
2295;Serena Mariani;serena.mariani@example.org;HCP - Diabetologo;Campania;LinkedIn;false
2296;Daniele Bellini;daniele.bellini@example.org;HCP - Endocrinologo;Friuli-Venezia Giulia;LinkedIn;false
2297;Massimo Pagano;massimo.pagano@example.org;Direzione sanitaria;Lombardia;LinkedIn;false
2298;Elisa Farina;elisa.farina@example.org;Direzione sanitaria;Toscana;LinkedIn;false
2299;Teresa Ferretti;teresa.ferretti@example.org;HCP - Diabetologo;Emilia-Romagna;LinkedIn;false
2300;Tommaso Manfredi;tommaso.manfredi@example.org;HCP - Endocrinologo;Puglia;On-site (stand);false
2301;Matteo Martelli;matteo.martelli@example.org;HCP - Diabetologo;Lombardia;On-site (stand);false
2302;Ludovica Agostini;ludovica.agostini@example.org;HCP - Diabetologo;Lombardia;On-site (stand);false
2303;Maria Romano;maria.romano@example.org;HCP - Diabetologo;Puglia;On-site (stand);false
2304;Marta Perini;marta.perini@example.org;HCP - Infermiere / Educatore;Toscana;On-site (stand);false
2305;Gianluca Abbate;gianluca.abbate@example.org;HCP - Diabetologo;Puglia;On-site (stand);false
2306;Beatrice Bruni;beatrice.bruni@example.org;HCP - Medico di medicina generale;Lazio;On-site (stand);false
2307;Marta Rossi;marta.rossi@example.org;HCP - Infermiere / Educatore;Lazio;On-site (stand);false
2308;Paola Barbieri;paola.barbieri@example.org;HCP - Endocrinologo;Lombardia;On-site (stand);false
2309;Emanuele Corsi;emanuele.corsi@example.org;HCP - Endocrinologo;Toscana;On-site (stand);false
2310;Matteo Colombo;matteo.colombo@example.org;HCP - Medico di medicina generale;Puglia;On-site (stand);false
2311;Mariangela Moretti;mariangela.moretti@example.org;HCP - Endocrinologo;Lombardia;On-site (stand);false
2312;Simone Deluca;simone.deluca@example.org;Direzione sanitaria;Sicilia;On-site (stand);false
2313;Massimo Cavallo;massimo.cavallo@example.org;HCP - Diabetologo;Emilia-Romagna;On-site (stand);false
2314;Margherita Ferrari;margherita.ferrari@example.org;Studio medico / Ambulatorio;Campania;On-site (stand);false
2315;Filippo Ruggiero;filippo.ruggiero@example.org;HCP - Diabetologo;Emilia-Romagna;On-site (stand);false
2316;Giovanna Giuliani;giovanna.giuliani@example.org;Studio medico / Ambulatorio;Lazio;On-site (stand);false
2317;Alessandro Bruno;alessandro.bruno@example.org;Farmacia ospedaliera;Lombardia;On-site (stand);false
2318;Carlo Santoro;carlo.santoro@example.org;HCP - Infermiere / Educatore;Lazio;On-site (stand);false
2319;Lucia Riva;lucia.riva@example.org;HCP - Infermiere / Educatore;Lombardia;On-site (stand);false
2320;Massimo Esposito;massimo.esposito@example.org;HCP - Diabetologo;Piemonte;On-site (stand);false
2321;Monica Nardi;monica.nardi@example.org;HCP - Infermiere / Educatore;Lombardia;On-site (stand);false
2322;Mauro Ariemma;mauro.ariemma@example.org;Studio medico / Ambulatorio;Lazio;On-site (stand);false
2323;Carlo Corsi;carlo.corsi@example.org;Studio medico / Ambulatorio;Abruzzo;On-site (stand);false
2324;Raffaella Cerri;raffaella.cerri@example.org;HCP - Diabetologo;Campania;On-site (stand);false
2325;Federica Sorrentino;federica.sorrentino@example.org;HCP - Diabetologo;Emilia-Romagna;On-site (stand);false
2326;Emanuele Bacci;emanuele.bacci@example.org;Direzione sanitaria;Abruzzo;On-site (stand);false
2327;Laura Valente;laura.valente@example.org;HCP - Diabetologo;Lombardia;On-site (stand);false
2328;Giorgio Bernardi;giorgio.bernardi@example.org;HCP - Diabetologo;Lombardia;On-site (stand);false
2329;Luca Neri;luca.neri@example.org;HCP - Endocrinologo;Piemonte;On-site (stand);false
2330;Lucia Sala;lucia.sala@example.org;HCP - Endocrinologo;Lombardia;On-site (stand);false
2331;Giacomo Grassi;giacomo.grassi@example.org;HCP - Diabetologo;Lazio;On-site (stand);false
2332;Margherita Cerri;margherita.cerri@example.org;HCP - Medico di medicina generale;Piemonte;On-site (stand);false
2333;Paola Salerno;paola.salerno@example.org;HCP - Diabetologo;Lazio;On-site (stand);false
2334;Marco Cerri;marco.cerri@example.org;HCP - Endocrinologo;Lombardia;On-site (stand);false
2335;Sofia Ferrara;sofia.ferrara@example.org;HCP - Infermiere / Educatore;Sicilia;On-site (stand);false
2336;Susanna Landi;susanna.landi@example.org;Farmacia ospedaliera;Lazio;On-site (stand);false
2337;Anna Russo;anna.russo@example.org;HCP - Diabetologo;Puglia;On-site (stand);false
2338;Massimo Longo;massimo.longo@example.org;HCP - Endocrinologo;Marche;On-site (stand);false
2339;Michele Mazza;michele.mazza@example.org;Studio medico / Ambulatorio;Piemonte;On-site (stand);false
2340;Valentina Gallo;valentina.gallo@example.org;HCP - Infermiere / Educatore;Campania;On-site (stand);false
2341;Giuseppe Caruso;giuseppe.caruso@example.org;Studio medico / Ambulatorio;Veneto;On-site (stand);false
2342;Margherita Ferretti;margherita.ferretti@example.org;HCP - Medico di medicina generale;Lombardia;On-site (stand);false
2343;Giorgio Vitale;giorgio.vitale@example.org;HCP - Diabetologo;Toscana;On-site (stand);false
2344;Roberta Amato;roberta.amato@example.org;Altro / Industry;Friuli-Venezia Giulia;On-site (stand);false
2345;Paolo Ferretti;paolo.ferretti@example.org;Studio medico / Ambulatorio;Lombardia;On-site (stand);false
2346;Alessandro Cattaneo;alessandro.cattaneo@example.org;HCP - Diabetologo;Veneto;On-site (stand);false
2347;Lucia Cerri;lucia.cerri@example.org;Studio medico / Ambulatorio;Emilia-Romagna;On-site (stand);false
2348;Carlo Denicola;carlo.denicola@example.org;Altro / Industry;Veneto;On-site (stand);false
2349;Emanuele Mariani;emanuele.mariani@example.org;HCP - Diabetologo;Calabria;On-site (stand);false
2350;Giacomo Serra;giacomo.serra@example.org;HCP - Endocrinologo;Abruzzo;On-site (stand);false
2351;Francesca Sala;francesca.sala@example.org;Studio medico / Ambulatorio;Friuli-Venezia Giulia;On-site (stand);false
2352;Jacopo Cardone;jacopo.cardone@example.org;Farmacia ospedaliera;Lazio;On-site (stand);false
2353;Mauro Ferrara;mauro.ferrara@example.org;Direzione sanitaria;Lombardia;On-site (stand);false
2354;Jacopo Poli;jacopo.poli@example.org;HCP - Diabetologo;Veneto;On-site (stand);false
2355;Paola Desantis;paola.desantis@example.org;HCP - Medico di medicina generale;Liguria;On-site (stand);false
2356;Luca Bernardi;luca.bernardi@example.org;HCP - Medico di medicina generale;Toscana;On-site (stand);false
2357;Giovanni Iacobelli;giovanni.iacobelli@example.org;Direzione sanitaria;Sicilia;On-site (stand);false
2358;Giovanna Romano;giovanna.romano@example.org;HCP - Diabetologo;Toscana;On-site (simposio);false
2359;Andrea Bacci;andrea.bacci@example.org;HCP - Medico di medicina generale;Piemonte;On-site (simposio);false
2360;Lucia Lombardi;lucia.lombardi@example.org;HCP - Medico di medicina generale;Emilia-Romagna;On-site (simposio);false
2361;Enrico Innocenti;enrico.innocenti@example.org;HCP - Diabetologo;Lazio;On-site (simposio);false
2362;Marco Giordano;marco.giordano@example.org;HCP - Diabetologo;Veneto;On-site (simposio);false
2363;Michela Serra;michela.serra@example.org;HCP - Medico di medicina generale;Emilia-Romagna;On-site (simposio);false
2364;Giorgio Volpe;giorgio.volpe@example.org;HCP - Endocrinologo;Piemonte;On-site (simposio);false
2365;Giorgia Palmieri;giorgia.palmieri@example.org;Farmacia ospedaliera;Lombardia;On-site (simposio);false
2366;Stefano Borghi;stefano.borghi@example.org;HCP - Diabetologo;Piemonte;On-site (simposio);false
2367;Francesco Russo;francesco.russo@example.org;HCP - Medico di medicina generale;Piemonte;On-site (simposio);false
2368;Luca Valente;luca.valente@example.org;HCP - Diabetologo;Piemonte;On-site (simposio);false
2369;Raffaella Esposito;raffaella.esposito@example.org;HCP - Infermiere / Educatore;Emilia-Romagna;On-site (simposio);false
2370;Maria Caputo;maria.caputo@example.org;Farmacia ospedaliera;Umbria;On-site (simposio);false
2371;Gianluca Negri;gianluca.negri@example.org;HCP - Endocrinologo;Lombardia;On-site (simposio);false
2372;Marta Lombardi;marta.lombardi@example.org;Studio medico / Ambulatorio;Piemonte;On-site (simposio);false
2373;Giulio Corsi;giulio.corsi@example.org;HCP - Diabetologo;Campania;On-site (simposio);false
2374;Jacopo Monaco;jacopo.monaco@example.org;HCP - Medico di medicina generale;Veneto;On-site (simposio);false
2375;Serena Longo;serena.longo@example.org;HCP - Endocrinologo;Liguria;On-site (simposio);false
